date, pm25, pm10, o3, no2
2024/1/1, 35, 8, 31, 3
2024/1/2, 22, 16, 32, 3
2024/1/3, 41, 14, 23, 7
2024/1/4, 40, 11, 24, 9
2024/1/5, 33, 9, 20, 6
2024/1/6, 31, 8, 22, 3
2024/1/7, 31, 12, 20, 4
2024/1/8, 43, 15, 16, 8
2024/1/9, 54, 19, 14, 9
2024/1/10, 66, 26, 8, 8
2024/1/11, 82, 35, 9, 11
2024/1/12, 101, 27, 12, 6
2024/1/13, 85, 42, 2, 12
2024/1/14, 114, 41, 5, 9
2024/1/15, 114, 16, 15, 10
2024/1/16, 55, 10, 26, 6
2024/1/17, 25, 6, 29, 3
2024/1/18, 18, 12, 19, 8
2024/1/19, 40, 20, 18, 10
2024/1/20, 67, 17, 13, 7
2024/1/21, 60, 13, 20, 9
2024/1/22, 42, 12, 23, 6
2024/1/23, 35, 15, 10, 9
2024/1/24, 41, 16, 9, 8
2024/1/25, 52, 16, 9, 8
2024/1/26, 45, 13, 12, 3
2024/1/27, 45, 9, 21, 3
2024/1/28, 33, 9, 18, 3
2024/1/29, 31, , , 
2023/10/1, 20, 14, 34, 8
2023/10/2, 35, 14, 32, 2
2023/10/3, 33, 13, 29, 7
2023/10/4, 23, 13, 32, 12
2023/10/5, 26, 17, 32, 14
2023/10/6, 34, 13, 34, 11
2023/10/7, 35, 16, 35, 13
2023/10/8, 42, 22, 36, 11
2023/10/9, 49, 20, 34, 12
2023/10/10, 44, 28, 28, 14
2023/10/11, 59, 30, 32, 11
2023/10/12, 60, 29, 34, 4
2023/10/13, 58, 10, 28, 1
2023/10/14, 23, 7, 28, 4
2023/10/15, 16, 11, 26, 4
2023/10/16, 16, 12, 31, 2
2023/10/17, 19, 12, 24, 4
2023/10/18, 27, 7, 24, 3
2023/10/19, 13, 7, 33, 1
2023/10/20, 18, 9, 32, 2
2023/10/21, 19, 9, 24, 3
2023/10/22, 21, 8, 25, 6
2023/10/23, 19, 5, 25, 3
2023/10/24, 12, 8, 28, 1
2023/10/25, 22, 7, 32, 5
2023/10/26, 19, 11, 31, 3
2023/10/27, 26, 9, 27, 1
2023/10/28, 24, 7, 27, 2
2023/10/29, 21, 7, 27, 3
2023/10/30, 14, 12, 27, 5
2023/10/31, 28, 12, 27, 2
2023/11/1, 30, 10, 31, 2
2023/11/2, 26, 8, 28, 3
2023/11/3, 20, 13, 33, 1
2023/11/4, 31, 15, 32, 3
2023/11/5, 40, 9, 27, 4
2023/11/6, 22, 8, 23, 5
2023/11/7, 20, 9, 23, 5
2023/11/8, 23, 9, 28, 5
2023/11/9, 22, 14, 28, 5
2023/11/10, 35, 14, 26, 6
2023/11/11, 37, 20, 31, 2
2023/11/12, 52, 10, 24, 6
2023/11/13, 23, 8, 29, 3
2023/11/14, 17, 17, 17, 10
2023/11/15, 41, 14, 30, 2
2023/11/16, 36, 11, 26, 10
2023/11/17, 31, 17, 15, 9
2023/11/18, 53, 17, 15, 7
2023/11/19, 47, 13, 27, 6
2023/11/20, 33, 7, 21, 4
2023/11/21, 18, 6, 18, 4
2023/11/22, 18, 11, 23, 6
2023/11/23, 34, 13, 19, 6
2023/11/24, 34, 13, 23, 7
2023/11/25, 41, 24, 19, 10
2023/11/26, 75, 20, 31, 7
2023/11/27, 58, 16, 26, 9
2023/11/28, 38, 27, 13, 9
2023/11/29, 79, 8, 23, 7
2023/11/30, 26, 9, 19, 9
2023/12/1, 28, 23, 15, 11
2023/12/2, 71, 18, 16, 5
2023/12/3, 64, 8, 29, 4
2023/12/4, 25, 18, 24, 11
2023/12/5, 47, 18, 15, 8
2023/12/6, 56, 10, 23, 6
2023/12/7, 35, 14, 28, 8
2023/12/8, 36, 12, 28, 3
2023/12/9, 30, 13, 24, 4
2023/12/10, 32, 9, 27, 6
2023/12/11, 25, 10, 27, 6
2023/12/12, 27, 9, 31, 3
2023/12/13, 23, 11, 18, 7
2023/12/14, 27, 8, 23, 6
2023/12/15, 25, 24, 11, 13
2023/12/16, 72, 31, 8, 10
2023/12/17, 95, 24, 9, 11
2023/12/18, 74, 15, 14, 7
2023/12/19, 53, 9, 26, 5
2023/12/20, 23, 9, 30, 2
2023/12/21, 24, 7, 29, 2
2023/12/22, 23, 7, 24, 7
2023/12/23, 20, 6, 27, 3
2023/12/24, 20, 8, 20, 2
2023/12/25, 29, 10, 16, 3
2023/12/26, 35, 10, 17, 5
2023/12/27, 36, 13, 12, 5
2023/12/28, 49, 16, 13, 7
2023/12/29, 54, 13, 15, 7
2023/12/30, 41, 11, 28, 2
2023/12/31, 34, 13, 24, 2
2023/7/1, 32, 9, 26, 
2023/7/2, 33, 16, 22, 2
2023/7/3, 51, 10, 21, 2
2023/7/4, 29, 7, 22, 1
2023/7/5, 16, 11, 33, 3
2023/7/6, 22, 14, 40, 3
2023/7/7, 29, 10, 37, 1
2023/7/8, 27, 9, 27, 
2023/7/9, 20, 14, 38, 2
2023/7/10, 29, 14, 29, 2
2023/7/11, 28, 8, 22, 1
2023/7/12, 19, 8, 34, 2
2023/7/13, 18, 8, 34, 3
2023/7/14, 22, 8, 28, 
2023/7/15, 19, 15, 27, 1
2023/7/16, 38, 14, 29, 2
2023/7/17, 31, 17, 32, 4
2023/7/18, 34, 8, 26, 
2023/7/19, 19, 7, 25, 1
2023/7/20, 15, 8, 28, 1
2023/7/21, 19, 6, 24, 2
2023/7/22, 19, 7, 23, 2
2023/7/23, 22, 9, 27, 1
2023/7/24, 20, 11, 26, 1
2023/7/25, 24, 6, 19, 1
2023/7/26, 15, 5, 22, 3
2023/7/27, 12, 7, 21, 1
2023/7/28, 18, 6, 18, 1
2023/7/29, 17, 9, 30, 1
2023/7/30, 24, 11, 28, 3
2023/7/31, 29, 8, 23, 1
2023/8/1, 21, 12, 27, 1
2023/8/2, 30, 10, 24, 
2023/8/3, 26, 10, 28, 1
2023/8/4, 23, 9, 29, 2
2023/8/5, 23, 11, 31, 
2023/8/6, 25, 7, 36, 3
2023/8/7, 17, 8, 47, 2
2023/8/8, 17, 9, 44, 4
2023/8/9, 20, 14, 33, 1
2023/8/10, 36, 13, 36, 2
2023/8/11, 36, 9, 24, 1
2023/8/12, 26, 11, 31, 
2023/8/13, 28, 11, 31, 4
2023/8/14, 30, 7, 27, 1
2023/8/15, 20, 8, 35, 1
2023/8/16, 18, 12, 39, 3
2023/8/17, 31, 15, 37, 2
2023/8/18, 40, 11, 30, 2
2023/8/19, 31, 9, 38, 1
2023/8/20, 20, 10, 41, 2
2023/8/21, 21, 16, 60, 2
2023/8/22, 32, 21, 51, 4
2023/8/23, 50, 25, 49, 4
2023/8/24, 57, 13, 36, 1
2023/8/25, 32, 5, 31, 1
2023/8/26, 15, 6, 29, 2
2023/8/27, 15, 7, 31, 1
2023/8/28, 16, 11, 29, 2
2023/8/29, 29, 8, 27, 3
2023/8/30, 21, 7, 21, 3
2023/8/31, 19, 6, 29, 4
2023/9/1, 14, 7, 34, 1
2023/9/2, 20, 10, 38, 2
2023/9/3, 28, 19, 43, 6
2023/9/4, 30, 51, 43, 9
2023/9/5, 67, 35, 44, 6
2023/9/6, 51, 23, 43, 7
2023/9/7, 42, 19, 49, 8
2023/9/8, 38, 20, 49, 7
2023/9/9, 40, 17, 39, 3
2023/9/10, 44, 18, 33, 3
2023/9/11, 51, 12, 22, 5
2023/9/12, 33, 10, 27, 3
2023/9/13, 23, 9, 34, 5
2023/9/14, 21, 11, 36, 6
2023/9/15, 26, 9, 24, 1
2023/9/16, 21, 17, 24, 2
2023/9/17, 40, 10, 28, 3
2023/9/18, 22, 10, 31, 3
2023/9/19, 22, 10, 30, 7
2023/9/20, 23, 9, 26, 5
2023/9/21, 23, 8, 28, 3
2023/9/22, 19, 7, 31, 2
2023/9/23, 17, 9, 30, 13
2023/9/24, 27, 11, 35, 11
2023/9/25, 28, 12, 34, 8
2023/9/26, 33, 11, 34, 3
2023/9/27, 28, 13, 32, 4
2023/9/28, 36, 19, 28, 5
2023/9/29, 52, 12, 27, 6
2023/9/30, 38, 8, 29, 7
2023/4/1, 38, 9, 28, 1
2023/4/2, 24, 8, 29, 2
2023/4/3, 23, 8, 32, 3
2023/4/4, 25, 14, 36, 8
2023/4/5, 35, 13, 39, 6
2023/4/6, 34, 11, 34, 6
2023/4/7, 31, 5, 39, 4
2023/4/8, 13, 7, 40, 8
2023/4/9, 25, 9, 34, 2
2023/4/10, 27, 9, 36, 3
2023/4/11, 24, 10, 38, 2
2023/4/12, 23, 7, 32, 4
2023/4/13, 16, 10, 33, 2
2023/4/14, 30, 9, 36, 1
2023/4/15, 22, 8, 37, 4
2023/4/16, 22, 9, 34, 4
2023/4/17, 26, 13, 30, 4
2023/4/18, 42, 12, 39, 5
2023/4/19, 33, 13, 37, 7
2023/4/20, 29, 13, 40, 4
2023/4/21, 30, 9, 38, 2
2023/4/22, 30, 11, 35, 3
2023/4/23, 31, 9, 38, 4
2023/4/24, 25, 11, 33, 3
2023/4/25, 32, 3, 22, 2
2023/4/26, 12, 8, 23, 4
2023/4/27, 17, 10, 30, 6
2023/4/28, 22, 6, 24, 2
2023/4/29, 18, 9, 30, 
2023/4/30, 29, 4, 30, 
2023/5/1, 12, 9, 35, 4
2023/5/2, 23, 9, 42, 2
2023/5/3, 19, 10, 38, 2
2023/5/4, 22, 7, 35, 3
2023/5/5, 15, 8, 36, 2
2023/5/6, 24, 10, 29, 
2023/5/7, 31, 4, 31, 
2023/5/8, 12, 7, 29, 2
2023/5/9, 19, 11, 32, 2
2023/5/10, 27, 7, 34, 4
2023/5/11, 17, 10, 30, 5
2023/5/12, 21, 6, 31, 2
2023/5/13, 19, 13, 41, 1
2023/5/14, 43, 14, 37, 1
2023/5/15, 41, 10, 32, 1
2023/5/16, 19, 11, 35, 4
2023/5/17, 22, 10, 38, 2
2023/5/18, 26, 11, 40, 3
2023/5/19, 33, 15, 35, 2
2023/5/20, 42, 15, 28, 4
2023/5/21, 50, 16, 35, 4
2023/5/22, 51, 20, 33, 4
2023/5/23, 56, 16, 35, 3
2023/5/24, 47, 13, 36, 2
2023/5/25, 29, 15, 41, 4
2023/5/26, 43, , , 
2023/5/28, 41, 13, 46, 1
2023/5/29, 37, 16, 47, 3
2023/5/30, 45, 19, 48, 5
2023/5/31, 42, 18, 39, 3
2023/6/1, 43, 18, 46, 5
2023/6/2, 42, 12, 49, 2
2023/6/3, 39, 13, 44, 3
2023/6/4, 44, 13, 41, 8
2023/6/5, 33, 11, 45, 5
2023/6/6, 31, 11, 48, 2
2023/6/7, 28, 13, 41, 2
2023/6/8, 37, 11, 27, 3
2023/6/9, 29, 8, 32, 2
2023/6/10, 26, 5, 35, 1
2023/6/11, 15, 10, 28, 3
2023/6/12, 31, 9, 36, 4
2023/6/13, 28, 17, 48, 2
2023/6/14, 48, 10, 35, 1
2023/6/15, 30, 15, 53, 5
2023/6/16, 38, 16, 55, 3
2023/6/17, 46, 11, 33, 1
2023/6/18, 35, 8, 31, 2
2023/6/19, 24, 10, 42, 4
2023/6/20, 29, 9, 33, 3
2023/6/21, 26, 8, 33, 2
2023/6/22, 24, 9, 39, 3
2023/6/23, 27, 8, 45, 3
2023/6/24, 21, 15, 43, 7
2023/6/25, 48, 10, 30, 1
2023/6/26, 27, 18, 41, 3
2023/6/27, 30, 16, 42, 3
2023/6/28, 32, 14, 33, 1
2023/6/29, 41, 9, 28, 1
2023/6/30, 23, 11, 32, 
2023/1/2, 43, 17, 12, 13
2023/1/3, 48, 14, 16, 7
2023/1/4, 41, 14, 16, 10
2023/1/5, 39, 16, 17, 10
2023/1/6, 47, 10, 26, 5
2023/1/7, 36, 7, 30, 2
2023/1/8, 21, 13, 32, 4
2023/1/9, 32, 16, 24, 7
2023/1/10, 40, 14, 27, 7
2023/1/11, 36, 16, 25, 5
2023/1/12, 40, 14, 27, 8
2023/1/13, 35, 12, 27, 6
2023/1/14, 37, 7, 35, 2
2023/1/15, 20, 10, 30, 4
2023/1/16, 30, 5, , 6
2023/1/17, 15, 15, 14, 10
2023/1/18, 38, 6, 22, 7
2023/1/19, 21, 23, 14, 14
2023/1/20, 60, 36, 18, 8
2023/1/21, 95, 23, 13, 7
2023/1/22, 75, 23, 12, 7
2023/1/23, 66, 18, 10, 8
2023/1/24, 57, 26, 11, 9
2023/1/25, 78, 17, 19, 6
2023/1/26, 54, 28, 22, 7
2023/1/27, 44, 10, 18, 4
2023/1/28, 42, 14, 19, 5
2023/1/29, 54, 35, 18, 16
2023/1/30, 92, 14, 24, 8
2023/1/31, 38, 77, 18, 13
2023/2/1, 64, 38, 23, 13
2023/2/2, 62, 30, 22, 16
2023/2/3, 74, 15, 20, 11
2023/2/4, 53, 9, 23, 5
2023/2/5, 31, 14, 20, 6
2023/2/6, 34, 18, 20, 7
2023/2/7, 46, 23, 22, 14
2023/2/8, 59, 46, 19, 20
2023/2/9, 114, 48, 22, 19
2023/2/10, 120, 49, 24, 18
2023/2/11, 130, 48, 29, 16
2023/2/12, 126, 41, 28, 17
2023/2/13, 109, 39, 26, 15
2023/2/14, 98, 23, 26, 11
2023/2/15, 63, 30, 17, 14
2023/2/16, 75, 25, 28, 11
2023/2/17, 63, 22, 27, 9
2023/2/18, 63, 15, 16, 6
2023/2/19, 51, 23, 11, 11
2023/2/20, 65, 27, 23, 9
2023/2/21, 73, 21, 21, 5
2023/2/22, 50, 5, 25, 4
2023/2/23, 19, 7, 27, 5
2023/2/24, 22, 11, 20, 5
2023/2/25, 41, 8, 28, 2
2023/2/26, 26, 10, 22, 4
2023/2/27, 33, 13, 24, 6
2023/2/28, 47, 26, 23, 8
2023/3/1, 71, 37, 25, 11
2023/3/2, 100, 47, 23, 16
2023/3/3, 119, 50, 23, 13
2023/3/4, 137, 39, 28, 9
2023/3/5, 106, 29, 25, 13
2023/3/6, 80, 31, 14, 16
2023/3/7, 90, 9, 26, 5
2023/3/8, 31, 14, 34, 4
2023/3/9, 38, 16, 32, 2
2023/3/10, 44, 7, 19, 1
2023/3/11, 22, 6, 23, 3
2023/3/12, 18, 11, 35, 3
2023/3/13, 27, 15, 33, 1
2023/3/14, 41, 6, 28, 5
2023/3/15, 20, 6, 32, 3
2023/3/16, 15, 9, 30, 4
2023/3/17, 23, 6, 29, 2
2023/3/18, 20, 3, 31, 1
2023/3/19, 10, 8, 32, 6
2023/3/20, 25, 11, 26, 10
2023/3/21, 33, 17, 20, 10
2023/3/22, 46, 17, 28, 11
2023/3/23, 48, 11, 34, 3
2023/3/24, 26, 15, 32, 2
2023/3/25, 37, 13, 36, 1
2023/3/26, 35, 11, 32, 7
2023/3/27, 28, 7, 31, 4
2023/3/28, 19, 15, 28, 6
2023/3/29, 26, 19, 33, 5
2023/3/30, 45, 23, 33, 1
2023/3/31, 57, 15, 35, 
2022/7/6, 28, , , 
2022/7/7, 36, , , 
2022/7/8, 30, , , 
2022/7/9, 28, , , 
2022/7/10, 32, , , 
2022/7/11, 35, , 39, 3
2022/7/12, 25, , 43, 7
2022/7/13, 32, , 56, 5
2022/7/14, 37, , 56, 3
2022/7/15, 37, , 50, 2
2022/7/16, 35, , 49, 1
2022/7/17, 27, , 46, 6
2022/7/18, 38, , 37, 2
2022/7/19, 97, , 30, 1
2022/7/20, 29, , 39, 4
2022/7/21, 37, , 33, 1
2022/7/22, 34, , 46, 2
2022/7/23, 38, , 45, 1
2022/7/24, 30, , 35, 
2022/7/25, 22, , 29, 2
2022/7/26, 24, , 36, 2
2022/7/27, 22, , 35, 2
2022/7/28, 24, , 31, 3
2022/7/29, 27, , 28, 3
2022/7/30, 17, , 34, 
2022/7/31, 20, , 32, 1
2022/8/1, 29, , 38, 7
2022/8/2, 22, , 50, 4
2022/8/3, 29, , 31, 2
2022/8/4, 36, , 37, 1
2022/8/5, 32, , 46, 1
2022/8/6, 29, , 45, 1
2022/8/7, 38, , 45, 3
2022/8/8, 21, , 50, 4
2022/8/9, 42, , 59, 5
2022/8/10, 36, , 56, 6
2022/8/11, 48, , 50, 12
2022/8/12, 63, , 49, 2
2022/8/13, 53, , 32, 1
2022/8/14, 42, , 44, 1
2022/8/15, 51, , 39, 5
2022/8/16, 50, , 25, 2
2022/8/17, 19, , 38, 4
2022/8/18, 26, , 25, 2
2022/8/19, 18, , 19, 2
2022/8/20, 14, , 20, 1
2022/8/21, 13, , 17, 1
2022/8/22, 10, , 24, 2
2022/8/23, 13, , 33, 5
2022/8/24, 16, , 31, 3
2022/8/25, 24, , 37, 2
2022/8/26, 19, , 39, 3
2022/8/27, 24, , 41, 3
2022/8/28, 25, , 39, 5
2022/8/29, 29, , 42, 5
2022/8/30, 35, , 42, 3
2022/8/31, 36, , 37, 1
2022/9/1, 35, , 30, 4
2022/9/2, 29, , 35, 1
2022/9/3, 28, , 38, 3
2022/9/4, 31, , 35, 4
2022/9/5, 36, , 31, 3
2022/9/6, 31, , 32, 6
2022/9/7, 30, , 24, 4
2022/9/8, 23, , 26, 4
2022/9/9, 25, 15, 30, 5
2022/9/10, 29, 9, 26, 3
2022/9/11, 20, 17, 34, 7
2022/9/12, 28, 19, 27, 3
2022/9/13, 39, 25, 30, 4
2022/9/14, 46, 39, 26, 4
2022/9/15, 89, 30, 32, 2
2022/9/16, 48, , 31, 2
2022/9/17, 23, , 30, 2
2022/9/18, 17, , 34, 4
2022/9/19, 19, , 31, 4
2022/9/20, 18, , 31, 15
2022/9/21, 19, , 35, 13
2022/9/22, 30, , 30, 21
2022/9/23, 49, , 33, 3
2022/9/24, 32, , 30, 2
2022/9/25, 24, , 31, 7
2022/9/26, 31, , 22, 3
2022/9/27, 28, , , 
2022/4/1, 18, , 36, 2
2022/4/2, 19, , 31, 6
2022/4/3, 35, , 38, 8
2022/4/4, 52, , 33, 10
2022/4/8, 86, , 32, 3
2022/4/9, 16, , 35, 5
2022/4/10, 19, , 33, 2
2022/4/11, 24, , 31, 4
2022/4/12, 33, , 33, 4
2022/4/13, 26, , 43, 7
2022/4/14, 32, , 36, 10
2022/4/15, 30, , 40, 4
2022/4/16, 29, , 39, 3
2022/4/17, 18, , 38, 1
2022/4/18, 33, , 33, 4
2022/4/19, 21, , 27, 9
2022/4/20, 23, , 28, 6
2022/4/21, 54, , 31, 3
2022/4/22, 53, , 32, 3
2022/4/23, 28, , 37, 1
2022/4/24, 49, , 37, 2
2022/4/25, 46, , 34, 8
2022/4/26, 38, , 32, 4
2022/4/27, 36, , 34, 2
2022/4/28, 37, , 36, 3
2022/4/29, 28, , 44, 2
2022/4/30, 56, , 41, 3
2022/5/1, 46, , 38, 5
2022/5/2, 28, , 41, 4
2022/5/3, 36, , 35, 5
2022/5/4, 32, , 35, 4
2022/5/5, 25, , 36, 3
2022/5/6, 19, , 38, 2
2022/5/7, 29, , 37, 2
2022/5/8, 17, , 42, 6
2022/5/9, 27, , 44, 12
2022/5/10, 35, , 35, 3
2022/5/11, 46, , 30, 3
2022/5/12, 19, , 34, 4
2022/5/13, 21, , 38, 3
2022/5/14, 27, , 31, 2
2022/5/15, 32, , 31, 4
2022/5/16, 27, , 35, 1
2022/5/17, 29, , 41, 5
2022/5/18, 24, , 28, 3
2022/5/19, 33, , 31, 2
2022/5/20, 42, , 35, 4
2022/5/21, 27, , 35, 7
2022/5/22, 50, , 32, 1
2022/5/23, 23, , 33, 2
2022/5/24, 81, , 31, 3
2022/5/25, 11, , 29, 1
2022/5/26, 14, , 31, 1
2022/5/27, 13, , 40, 1
2022/5/28, 10, , 38, 2
2022/5/29, 17, , 42, 4
2022/5/30, 13, , 38, 2
2022/5/31, 19, , 36, 5
2022/6/1, 15, , 34, 3
2022/6/2, 23, , 31, 3
2022/6/3, 24, , 32, 1
2022/6/4, 26, , 36, 
2022/6/5, 18, , 32, 1
2022/6/6, 15, , 26, 1
2022/6/7, 16, , 25, 2
2022/6/8, 8, , 24, 3
2022/6/9, 16, , 33, 4
2022/6/10, 12, , 39, 2
2022/6/11, 12, , 38, 2
2022/6/12, 22, , 40, 3
2022/6/13, 21, , 53, 5
2022/6/14, 19, , 46, 5
2022/6/15, 34, , 57, 6
2022/6/16, 37, , 53, 11
2022/6/17, 44, , 44, 4
2022/6/18, 49, , , 
2022/6/19, 43, , , 
2022/6/20, 21, , 31, 1
2022/6/21, 26, , 35, 1
2022/6/22, 14, , 23, 3
2022/6/23, 13, , , 
2022/1/3, 35, 11, 25, 5
2022/1/4, 29, 17, 19, 12
2022/1/5, 47, 32, 15, 20
2022/1/6, 85, 16, 26, 8
2022/1/7, 44, 14, 33, 2
2022/1/8, 36, 18, 30, 4
2022/1/9, 50, 6, 21, 9
2022/1/10, 24, 15, 13, 13
2022/1/11, 47, 15, 13, 9
2022/1/12, 52, 26, 13, 10
2022/1/13, 79, 28, 12, 9
2022/1/14, 83, 71, 2, 14
2022/1/15, 170, 51, 5, 13
2022/1/16, 143, 33, 15, 12
2022/1/17, 92, 21, 8, 11
2022/1/18, 67, 21, 8, 11
2022/1/19, 69, 19, 12, 11
2022/1/20, 61, 12, 23, 8
2022/1/21, 39, 11, 22, 9
2022/1/22, 40, 25, 19, 10
2022/1/23, 74, 52, 12, 18
2022/1/24, 128, 59, 9, 18
2022/1/25, 142, 56, 9, 15
2022/1/26, 136, 22, 9, 9
2022/1/27, 67, 27, 13, 12
2022/1/28, 82, 15, 9, 7
2022/1/29, 56, 11, 14, 6
2022/1/30, 45, 7, 28, 5
2022/1/31, 23, 15, 29, 9
2022/2/1, 37, 6, 26, 5
2022/2/2, 18, 10, 22, 6
2022/2/3, 35, 10, 23, 8
2022/2/4, 35, 12, 29, 8
2022/2/5, 34, 16, 31, 8
2022/2/6, 47, 11, 30, 5
2022/2/7, 31, 20, 23, 13
2022/2/8, 53, 20, 26, 12
2022/2/9, 56, 33, 28, 13
2022/2/10, 79, 13, 24, 8
2022/2/11, 42, 19, 20, 14
2022/2/12, 63, 27, 28, 6
2022/2/13, 70, 10, 30, 4
2022/2/14, 24, 12, 30, 7
2022/2/15, 30, 8, 30, 2
2022/2/16, 23, 5, 24, 2
2022/2/17, 14, 9, 27, 3
2022/2/18, 23, 15, 30, 6
2022/2/19, 34, 11, 30, 1
2022/2/20, 29, 25, 32, 1
2022/2/21, 58, 27, 30, 6
2022/2/22, 57, 20, 30, 13
2022/2/23, 47, 28, 27, 9
2022/2/24, 72, , 26, 9
2022/2/25, 29, , , 
2022/2/26, 42, , , 
2022/2/27, 33, , 3, 18
2022/2/28, 51, , 29, 5
2022/3/1, 49, , 26, 5
2022/3/2, 36, , 22, 7
2022/3/3, 19, , 28, 3
2022/3/4, 21, , 28, 4
2022/3/5, 23, , 29, 4
2022/3/6, 49, , 25, 10
2022/3/7, 64, , 19, 8
2022/3/8, 46, , 21, 9
2022/3/9, 26, , 20, 9
2022/3/10, 34, , 21, 8
2022/3/11, 35, , 28, 4
2022/3/12, 17, , 32, 3
2022/3/13, 17, , 30, 4
2022/3/14, 19, , 30, 3
2022/3/15, 25, , 28, 4
2022/3/16, 46, , 19, 5
2022/3/17, 32, , 17, 6
2022/3/18, 43, , 30, 7
2022/3/19, 47, , 28, 2
2022/3/20, 44, , 33, 5
2022/3/21, 20, , 33, 5
2022/3/22, 41, , 36, 6
2022/3/23, 43, , 34, 11
2022/3/24, 52, , 35, 17
2022/3/25, 49, , 42, 10
2022/3/26, 41, , 42, 6
2022/3/27, 55, , 32, 12
2022/3/28, 56, , 29, 10
2022/3/29, 66, , 34, 5
2022/3/30, 56, , 35, 3
2022/3/31, 49, , 35, 2
2021/10/1, 22, 7, 22, 2
2021/10/2, 22, 8, 29, 2
2021/10/3, 20, 9, 26, 4
2021/10/4, 19, 10, 30, 2
2021/10/5, 23, 11, 27, 6
2021/10/6, 22, 11, 26, 9
2021/10/7, 23, 9, 25, 7
2021/10/8, 22, 10, 25, 6
2021/10/9, 31, 16, 22, 7
2021/10/10, 53, 19, 29, 7
2021/10/11, 51, 14, 27, 6
2021/10/12, 39, 29, 25, 8
2021/10/13, 52, 12, 22, 9
2021/10/14, 30, 18, 23, 12
2021/10/15, 49, 15, 28, 12
2021/10/16, 46, 18, 26, 10
2021/10/17, 55, 17, 20, 8
2021/10/18, 48, 15, 24, 4
2021/10/19, 43, 13, 26, 4
2021/10/20, 36, 16, 31, 5
2021/10/21, 35, 9, 24, 6
2021/10/22, 20, 9, 21, 8
2021/10/23, 26, 16, 22, 9
2021/10/24, 52, 15, 11, 9
2021/10/25, 50, 13, 12, 10
2021/10/26, 44, 23, 18, 10
2021/10/27, 63, 18, 23, 9
2021/10/28, 52, 12, 21, 5
2021/10/29, 40, 10, 24, 3
2021/10/30, 29, 7, 21, 2
2021/10/31, 20, 9, 29, 1
2021/11/1, 19, 8, 27, 3
2021/11/2, 17, 9, 24, 9
2021/11/3, 24, 20, 12, 12
2021/11/4, 59, 21, 13, 12
2021/11/5, 64, 13, 22, 8
2021/11/6, 43, 14, 20, 8
2021/11/7, 47, 14, 21, 7
2021/11/8, 41, 20, 20, 13
2021/11/9, 57, 28, 12, 12
2021/11/10, 78, 30, 12, 11
2021/11/11, 86, 37, 20, 10
2021/11/12, 102, 15, 23, 6
2021/11/13, 48, 9, 16, 4
2021/11/14, 29, 13, 11, 5
2021/11/15, 45, 15, 9, 8
2021/11/16, 52, 9, 10, 11
2021/11/17, 33, 26, 18, 10
2021/11/18, 63, 25, 11, 9
2021/11/19, 74, 37, 11, 10
2021/11/20, 105, 37, 6, 8
2021/11/21, 110, 16, 10, 8
2021/11/22, 46, 11, 12, 7
2021/11/23, 32, 16, 11, 10
2021/11/24, 47, 16, 11, 5
2021/11/25, 58, 17, 24, 7
2021/11/26, 54, 7, 26, 5
2021/11/27, 22, 10, 26, 3
2021/11/28, 30, 13, 15, 11
2021/11/29, 45, 27, 4, 12
2021/11/30, 78, 13, 24, 7
2021/12/1, 37, 9, 19, 8
2021/12/2, 27, 9, 25, 8
2021/12/3, 30, 8, 29, 2
2021/12/4, 23, 8, 28, 2
2021/12/5, 23, 14, 24, 9
2021/12/6, 34, 14, 26, 7
2021/12/7, 37, 9, 25, 10
2021/12/8, 25, 7, 23, 11
2021/12/9, 22, 11, 31, 3
2021/12/10, 32, 21, 18, 12
2021/12/11, 56, 14, 15, 6
2021/12/12, 47, 17, 17, 8
2021/12/13, 51, 43, 2, 16
2021/12/14, 114, 22, 2, 10
2021/12/15, 62, 14, 4, 10
2021/12/16, 45, 24, 5, 13
2021/12/17, 73, 34, 5, 17
2021/12/18, 98, 47, 8, 12
2021/12/19, 126, 29, 3, 11
2021/12/20, 88, 38, 4, 11
2021/12/21, 109, 32, 12, 10
2021/12/22, 92, 15, 13, 7
2021/12/23, 52, 13, 11, 7
2021/12/24, 46, 17, 14, 8
2021/12/25, 58, 16, 19, 7
2021/12/26, 51, 13, 28, 2
2021/12/27, 37, 9, 31, 1
2021/12/28, 27, 10, 25, 3
2021/12/29, 29, 9, 17, 7
2021/12/30, 28, 15, 7, 9
2021/12/31, 46, 23, 5, 8
2022/1/1, 74, 15, 24, 5
2022/1/2, 48, 11, 17, 8
2021/7/1, 26, 11, 35, 3
2021/7/2, 30, 7, 26, 1
2021/7/3, 23, 5, 20, 
2021/7/4, 16, 6, 27, 2
2021/7/5, 15, 12, 26, 2
2021/7/6, 22, 8, 19, 2
2021/7/7, 19, 6, 22, 2
2021/7/8, 16, 8, 33, 4
2021/7/9, 22, 6, 23, 3
2021/7/10, 19, 7, 25, 2
2021/7/11, 21, 6, 20, 1
2021/7/12, 16, 7, 21, 2
2021/7/13, 19, 8, 28, 
2021/7/14, 25, 8, 25, 1
2021/7/15, 22, 11, 33, 2
2021/7/16, 27, 9, 36, 1
2021/7/17, 26, 15, 34, 1
2021/7/18, 46, 20, 35, 3
2021/7/19, 37, 25, 45, 3
2021/7/20, 51, 26, 57, 2
2021/7/21, 59, 25, 45, 4
2021/7/22, 58, 17, 35, 1
2021/7/23, 46, 8, 26, 1
2021/7/24, 18, 12, 41, 
2021/7/25, 34, 15, 36, 2
2021/7/26, 43, 14, 31, 5
2021/7/27, 42, 7, 30, 3
2021/7/28, 21, 11, 30, 4
2021/7/29, 22, 7, 23, 1
2021/7/30, 18, 7, 24, 5
2021/7/31, 19, 5, 24, 2
2021/8/1, 13, 6, 28, 4
2021/8/2, 20, 6, 27, 4
2021/8/3, 16, 6, 24, 2
2021/8/4, 15, 8, 26, 2
2021/8/5, 18, 10, 28, 1
2021/8/6, 21, 8, 27, 1
2021/8/7, 19, 7, 27, 2
2021/8/8, 18, 12, 27, 5
2021/8/9, 28, 10, 38, 4
2021/8/10, 26, 12, 36, 3
2021/8/11, 28, 15, 21, 4
2021/8/12, 44, 13, 40, 2
2021/8/13, 38, 18, 44, 3
2021/8/14, 46, 12, 28, 
2021/8/15, 34, 8, 23, 1
2021/8/16, 19, 12, 33, 2
2021/8/17, 33, 10, 31, 3
2021/8/18, 28, 51, 24, 3
2021/8/19, 34, 12, 33, 3
2021/8/20, 21, 9, 28, 4
2021/8/21, 25, 7, 24, 1
2021/8/22, 22, 9, 30, 3
2021/8/23, 17, 9, 33, 2
2021/8/24, 22, 12, 35, 3
2021/8/25, 25, 22, 44, 4
2021/8/26, 34, 11, 36, 2
2021/8/27, 24, 8, 33, 2
2021/8/28, 17, 7, 33, 2
2021/8/29, 19, 10, 32, 3
2021/8/30, 24, 11, 37, 3
2021/8/31, 28, 16, 37, 4
2021/9/1, 35, 14, 28, 6
2021/9/2, 35, 11, 33, 6
2021/9/3, 36, 11, 40, 2
2021/9/4, 43, 11, 39, 4
2021/9/5, 38, 13, 38, 8
2021/9/6, 35, 17, 36, 3
2021/9/7, 39, 18, 30, 2
2021/9/8, 52, 8, 22, 5
2021/9/9, 22, 8, 34, 3
2021/9/10, 21, 8, 35, 5
2021/9/11, 26, 7, 36, 3
2021/9/12, 18, 14, 33, 6
2021/9/13, 32, 19, 27, 5
2021/9/14, 42, 15, 28, 4
2021/9/15, 33, 12, 32, 3
2021/9/16, 35, 10, 30, 6
2021/9/17, 25, 8, 22, 5
2021/9/18, 21, 9, 31, 1
2021/9/19, 18, 6, 26, 3
2021/9/20, 15, 13, 29, 5
2021/9/21, 36, 17, 19, 8
2021/9/22, 46, 17, 36, 10
2021/9/23, 43, 16, 32, 11
2021/9/24, 42, 11, 34, 5
2021/9/25, 34, 9, 33, 2
2021/9/26, 29, 11, 30, 6
2021/9/27, 27, 12, 24, 9
2021/9/28, 24, , , 
2021/9/30, 25, 9, 26, 8
2021/4/1, 45, 32, 40, 8
2021/4/2, 52, 24, 33, 2
2021/4/3, 48, 11, 35, 2
2021/4/4, 32, 18, 39, 4
2021/4/5, 50, 16, 36, 2
2021/4/6, 29, 22, 34, 8
2021/4/7, 43, 30, 38, 8
2021/4/8, 68, 17, 29, 5
2021/4/9, 41, 8, 33, 2
2021/4/10, 23, 7, 36, 1
2021/4/11, 26, 10, 35, 4
2021/4/12, 24, 24, 35, 6
2021/4/13, 64, 12, 37, 5
2021/4/14, 27, 15, 39, 8
2021/4/15, 37, 17, 38, 6
2021/4/16, 40, 15, 34, 4
2021/4/17, 48, 15, 39, 3
2021/4/18, 47, 20, 39, 7
2021/4/19, 48, 17, 41, 7
2021/4/20, 42, 17, 41, 6
2021/4/21, 39, 14, 41, 3
2021/4/22, 24, 13, 47, 6
2021/4/23, 30, 10, 49, 3
2021/4/24, 24, 8, 40, 2
2021/4/25, 22, 13, 28, 9
2021/4/26, 33, 12, 31, 5
2021/4/27, 35, 12, 42, 3
2021/4/28, 34, 6, 35, 6
2021/4/29, 18, 9, 39, 5
2021/4/30, 30, 11, 40, 2
2021/5/1, 37, 9, 40, 3
2021/5/2, 29, 8, 41, 6
2021/5/3, 22, 9, 37, 6
2021/5/4, 21, 8, 33, 2
2021/5/5, 17, 8, 32, 4
2021/5/6, 21, 7, 31, 3
2021/5/7, 18, 8, 36, 3
2021/5/8, 21, 10, 29, 2
2021/5/9, 27, 8, 33, 2
2021/5/10, 16, 8, 36, 3
2021/5/11, 19, 9, 36, 3
2021/5/12, 20, 10, 29, 2
2021/5/13, 22, 8, 34, 2
2021/5/14, 18, 3, 31, 1
2021/5/15, 9, 8, 31, 1
2021/5/16, 18, 15, 32, 2
2021/5/17, 32, 12, 32, 5
2021/5/18, 28, 6, 31, 3
2021/5/19, 14, 8, 31, 5
2021/5/20, 17, 9, 29, 3
2021/5/21, 23, 8, 31, 2
2021/5/22, 21, 8, 34, 2
2021/5/23, 17, 11, 35, 2
2021/5/24, 24, 14, 32, 2
2021/5/25, 34, 17, 31, 4
2021/5/26, 43, 11, 37, 5
2021/5/27, 25, 13, 48, 7
2021/5/28, 29, 9, 36, 3
2021/5/29, 24, 9, 40, 2
2021/5/30, 26, 11, 41, 5
2021/5/31, 24, 14, 32, 3
2021/6/1, 36, 16, 39, 2
2021/6/2, 46, 15, 33, 3
2021/6/3, 43, 8, 30, 3
2021/6/4, 22, 8, 35, 2
2021/6/5, 20, 7, 37, 1
2021/6/6, 18, 9, 43, 4
2021/6/7, 22, 10, 43, 4
2021/6/8, 27, 14, 50, 5
2021/6/9, 29, 10, 37, 2
2021/6/10, 22, 13, 40, 3
2021/6/11, 33, 14, 44, 1
2021/6/12, 44, 12, 40, 2
2021/6/13, 38, 12, 44, 4
2021/6/14, 28, 16, 52, 5
2021/6/15, 35, 20, 44, 7
2021/6/16, 47, 14, 31, 4
2021/6/17, 37, 9, 35, 2
2021/6/18, 24, 7, 30, 2
2021/6/19, 19, 7, 32, 2
2021/6/20, 17, 6, 27, 2
2021/6/21, 13, 6, 24, 2
2021/6/22, 13, 8, 25, 4
2021/6/23, 20, 10, 30, 2
2021/6/24, 29, 10, 36, 3
2021/6/25, 29, 9, 39, 2
2021/6/26, 27, 4, 24, 1
2021/6/27, 13, 8, 28, 2
2021/6/28, 20, 6, 30, 1
2021/6/29, 13, 8, 31, 2
2021/6/30, 21, 10, 32, 3
2021/1/4, 57, 32, 7, 10
2021/1/5, 88, 37, 6, 11
2021/1/6, 103, 38, 10, 12
2021/1/7, 100, 36, 12, 15
2021/1/8, 98, 17, 14, 8
2021/1/9, 61, 12, 18, 5
2021/1/10, 49, 21, 18, 13
2021/1/11, 65, 14, 24, 10
2021/1/12, 45, 6, 26, 7
2021/1/13, 18, 6, 28, 7
2021/1/14, 16, 12, 24, 6
2021/1/15, 31, 24, 22, 10
2021/1/16, 72, 12, 26, 6
2021/1/17, 35, 38, 16, 16
2021/1/18, 105, 24, 14, 13
2021/1/19, 71, 11, 24, 6
2021/1/20, 39, 7, 26, 6
2021/1/21, 21, 9, 28, 6
2021/1/22, 23, 10, 29, 3
2021/1/23, 28, 5, 30, 2
2021/1/24, 15, 13, 25, 12
2021/1/25, 30, 19, 17, 12
2021/1/26, 59, 8, 19, 8
2021/1/27, 26, 7, 18, 5
2021/1/28, 20, 15, 26, 3
2021/1/29, 39, 15, 32, 2
2021/1/30, 40, 12, 32, 1
2021/1/31, 35, 21, 34, 2
2021/2/1, 54, 10, 25, 7
2021/2/2, 28, 15, 26, 9
2021/2/3, 41, 12, 19, 10
2021/2/4, 37, 12, 21, 8
2021/2/5, 33, 9, 24, 5
2021/2/6, 33, 7, 25, 4
2021/2/7, 18, 5, 28, 4
2021/2/8, 19, 7, 27, 6
2021/2/9, 20, 8, 25, 11
2021/2/10, 23, 17, 14, 5
2021/2/11, 46, 11, 17, 6
2021/2/12, 39, 28, 10, 11
2021/2/13, 84, 20, 27, 5
2021/2/14, 65, 8, 27, 3
2021/2/15, 20, 11, 30, 4
2021/2/16, 29, 12, 24, 10
2021/2/17, 37, 13, 29, 7
2021/2/18, 32, 24, 35, 4
2021/2/19, 50, 25, 34, 1
2021/2/20, 53, 20, 35, 2
2021/2/21, 47, 18, 25, 6
2021/2/22, 42, 13, 25, 7
2021/2/23, 33, 39, 21, 4
2021/2/24, 68, 27, 25, 4
2021/2/25, 53, 39, 28, 5
2021/2/26, 71, 15, 28, 3
2021/2/27, 49, 21, 27, 5
2021/2/28, 58, 37, 30, 9
2021/3/1, 69, 35, 26, 9
2021/3/2, 69, 42, 25, 8
2021/3/3, 76, 50, 27, 9
2021/3/4, 91, 22, 23, 5
2021/3/5, 56, 19, 21, 4
2021/3/6, 62, 24, 22, 7
2021/3/7, 68, 31, 25, 7
2021/3/8, 76, 38, 32, 8
2021/3/9, 98, 29, 33, 10
2021/3/10, 82, 8, 28, 3
2021/3/11, 23, 17, 31, 5
2021/3/12, 35, 14, 33, 1
2021/3/13, 34, 10, 30, 2
2021/3/14, 26, 11, 33, 4
2021/3/15, 28, 12, 28, 5
2021/3/16, 28, 47, 29, 3
2021/3/17, 62, 15, 26, 4
2021/3/18, 36, 9, 26, 3
2021/3/19, 27, 10, 30, 3
2021/3/20, 35, 16, 29, 4
2021/3/21, 56, 22, 31, 6
2021/3/22, 60, 29, 29, 12
2021/3/23, 57, 18, 37, 8
2021/3/24, 50, 12, 28, 8
2021/3/25, 34, 14, 33, 9
2021/3/26, 37, 12, 35, 8
2021/3/27, 31, 18, 36, 10
2021/3/28, 53, 16, 37, 9
2021/3/29, 38, 22, 35, 6
2021/3/30, 39, 30, 35, 5
2021/3/31, 44, 27, 35, 5
2020/10/1, 18, 6, 27, 3
2020/10/2, 13, 9, 28, 1
2020/10/3, 24, 8, 25, 1
2020/10/4, 18, 11, 24, 4
2020/10/5, 22, 7, 23, 2
2020/10/6, 16, 16, 24, 4
2020/10/7, 32, 12, 21, 4
2020/10/8, 28, 12, 24, 8
2020/10/9, 34, 6, 26, 2
2020/10/10, 16, 6, 26, 2
2020/10/11, 16, 7, 22, 7
2020/10/12, 19, 7, 25, 4
2020/10/13, 16, 6, 19, 7
2020/10/14, 18, 16, 15, 7
2020/10/15, 54, 20, 23, 9
2020/10/16, 55, 13, 18, 8
2020/10/17, 45, 15, 21, 9
2020/10/18, 49, 15, 27, 6
2020/10/19, 45, 11, 28, 3
2020/10/20, 31, 14, 28, 8
2020/10/21, 26, 23, 22, 8
2020/10/22, 45, 9, 25, 5
2020/10/23, 18, 9, 21, 2
2020/10/24, 21, 7, 25, 2
2020/10/25, 19, 9, 22, 5
2020/10/26, 21, 8, 21, 3
2020/10/27, 18, 13, 27, 3
2020/10/28, 31, 22, 24, 8
2020/10/29, 49, 23, 19, 10
2020/10/30, 61, 19, 18, 8
2020/10/31, 59, 18, 14, 4
2020/11/1, 55, 16, 27, 7
2020/11/2, 41, 15, 27, 9
2020/11/3, 36, 36, 21, 8
2020/11/4, 60, 23, 15, 9
2020/11/5, 39, 18, 22, 5
2020/11/6, 51, 18, 23, 3
2020/11/7, 51, 10, 21, 2
2020/11/8, 25, 16, 12, 8
2020/11/9, 45, 22, 16, 10
2020/11/10, 58, 16, 18, 6
2020/11/11, 53, 18, 13, 9
2020/11/12, 50, 22, 14, 11
2020/11/13, 64, 16, 18, 6
2020/11/14, 52, 12, 25, 2
2020/11/15, 36, 26, 19, 10
2020/11/16, 60, 22, 17, 9
2020/11/17, 62, 17, 15, 10
2020/11/18, 48, 22, 24, 9
2020/11/19, 49, 23, 22, 12
2020/11/20, 56, 25, 17, 10
2020/11/21, 75, 70, 18, 10
2020/11/22, 169, 52, 8, 16
2020/11/23, 127, 47, 10, 11
2020/11/24, 122, 29, 21, 12
2020/11/25, 81, 22, 20, 14
2020/11/26, 61, 15, 19, 10
2020/11/27, 47, 15, 22, 5
2020/11/28, 50, 28, 16, 10
2020/11/29, 87, 31, 7, 10
2020/11/30, 82, 31, 13, 12
2020/12/1, 83, 18, 18, 9
2020/12/2, 52, 8, 25, 5
2020/12/3, 24, 6, 27, 7
2020/12/4, 20, 7, 24, 3
2020/12/5, 24, 12, 23, 5
2020/12/6, 35, 12, 31, 7
2020/12/7, 39, 13, 25, 8
2020/12/8, 37, 10, 13, 10
2020/12/9, 33, 10, 21, 7
2020/12/10, 29, 11, 27, 3
2020/12/11, 31, 13, 29, 6
2020/12/12, 34, 13, 16, 3
2020/12/13, 44, 10, 13, 6
2020/12/14, 34, 10, 20, 11
2020/12/15, 33, 9, 13, 8
2020/12/16, 31, 16, 14, 13
2020/12/17, 45, 11, 12, 6
2020/12/18, 41, 13, 15, 8
2020/12/19, 43, 15, 23, 8
2020/12/20, 44, 9, 16, 5
2020/12/21, 30, 10, 10, 7
2020/12/22, 29, 13, 26, 6
2020/12/23, 39, 10, 26, 3
2020/12/24, 23, 8, 23, 4
2020/12/25, 27, 13, 21, 10
2020/12/26, 44, 6, 30, 2
2020/12/27, 20, 13, 28, 3
2020/12/28, 32, 11, 25, 7
2020/12/29, 32, 7, 26, 9
2020/12/30, 19, 8, 30, 7
2020/12/31, 26, 22, 18, 7
2021/1/1, 71, 15, 20, 6
2021/1/2, 54, 12, 21, 5
2021/1/3, 46, 17, 17, 7
2020/7/1, 15, 7, 24, 1
2020/7/2, 14, 7, 23, 3
2020/7/3, 16, 6, 26, 5
2020/7/4, 17, 6, 24, 2
2020/7/5, 18, 10, 28, 1
2020/7/6, 20, 17, 34, 3
2020/7/7, 28, 16, 40, 4
2020/7/8, 27, 18, 39, 4
2020/7/9, 32, 6, 16, 
2020/7/10, 11, 8, 37, 1
2020/7/11, 16, 8, 39, 1
2020/7/12, 14, 12, 48, 2
2020/7/13, 22, 9, 40, 
2020/7/14, 19, 15, 25, 
2020/7/15, 25, 9, 22, 1
2020/7/16, 17, 12, 31, 3
2020/7/17, 27, 12, 35, 3
2020/7/18, 32, 18, 40, 2
2020/7/19, 40, 24, 43, 4
2020/7/20, 40, 22, 41, 1
2020/7/21, 38, 24, 42, 2
2020/7/22, 48, 28, 50, 5
2020/7/23, 46, 12, 36, 1
2020/7/24, 24, 5, 27, 2
2020/7/25, 14, 5, 17, 1
2020/7/26, 14, 10, 31, 3
2020/7/27, 22, 8, 21, 2
2020/7/28, 18, 15, 48, 3
2020/7/29, 26, 25, 46, 5
2020/7/30, 40, 29, 37, 4
2020/7/31, 55, 7, 22, 
2020/8/1, 16, 6, 24, 
2020/8/2, 15, 6, 22, 1
2020/8/3, 10, 9, 35, 2
2020/8/4, 14, 11, 43, 3
2020/8/5, 17, 17, 45, 7
2020/8/6, 23, 21, 63, 11
2020/8/7, 42, 16, 44, 1
2020/8/8, 42, 17, 45, 2
2020/8/9, 45, 21, 46, 2
2020/8/10, 51, 23, 40, 4
2020/8/11, 50, 15, 38, 6
2020/8/12, 37, 7, 28, 2
2020/8/13, 18, 10, 35, 2
2020/8/14, 21, 8, 40, 3
2020/8/15, 21, 8, 28, 1
2020/8/16, 20, 9, 25, 2
2020/8/17, 20, 5, 28, 2
2020/8/18, 13, 9, 34, 6
2020/8/19, 18, 12, 34, 4
2020/8/20, 23, 10, 23, 3
2020/8/21, 21, 13, 25, 2
2020/8/22, 27, 7, 28, 2
2020/8/23, 19, 7, 35, 3
2020/8/24, 16, 8, 30, 3
2020/8/25, 17, 9, 28, 2
2020/8/26, 19, 10, 24, 4
2020/8/27, 20, 8, 24, 1
2020/8/28, 16, 5, 24, 2
2020/8/29, 12, 5, 30, 1
2020/8/30, 14, 7, 30, 4
2020/8/31, 16, 8, 36, 5
2020/9/1, 15, 10, 36, 6
2020/9/2, 18, 14, 43, 7
2020/9/3, 24, 18, 50, 10
2020/9/4, 32, 12, 30, 3
2020/9/5, 30, 8, 28, 1
2020/9/6, 19, 9, 31, 3
2020/9/7, 16, 14, 36, 8
2020/9/8, 23, 17, 48, 8
2020/9/9, 29, 15, 32, 4
2020/9/10, 21, 12, 27, 3
2020/9/11, 18, 12, 23, 3
2020/9/12, 22, 12, 36, 4
2020/9/13, 21, 16, 43, 11
2020/9/14, 33, 25, 38, 5
2020/9/15, 55, 24, 47, 8
2020/9/16, 48, 22, 46, 11
2020/9/17, 48, 26, 32, 9
2020/9/18, 55, 12, 28, 4
2020/9/19, 29, 6, 29, 1
2020/9/20, 18, 9, 26, 5
2020/9/21, 26, 12, 31, 6
2020/9/22, 34, 10, 30, 4
2020/9/23, 27, 9, 28, 2
2020/9/24, 17, 8, 28, 3
2020/9/25, 18, 7, 21, 4
2020/9/26, 17, 9, 26, 2
2020/9/27, 19, 10, 26, 3
2020/9/28, 20, 9, 27, 8
2020/9/29, 24, 11, 28, 7
2020/9/30, 32, 8, 25, 3
2020/4/1, 31, 15, 38, 5
2020/4/2, 43, 15, 34, 3
2020/4/3, 46, 12, 36, 4
2020/4/4, 38, 11, 34, 1
2020/4/5, 35, 12, 34, 3
2020/4/6, 44, 17, 41, 4
2020/4/7, 56, 15, 35, 3
2020/4/8, 47, 16, 41, 5
2020/4/9, 50, 15, 40, 5
2020/4/10, 45, 16, 39, 2
2020/4/11, 50, 13, 30, 1
2020/4/12, 49, 15, 39, 1
2020/4/13, 51, 13, 36, 2
2020/4/14, 36, 15, 39, 2
2020/4/15, 32, 14, 35, 1
2020/4/16, 38, 12, 29, 1
2020/4/17, 32, 9, 23, 2
2020/4/18, 25, 8, 26, 1
2020/4/19, 27, 9, 27, 1
2020/4/20, 30, 11, 27, 2
2020/4/21, 40, 32, 33, 2
2020/4/22, 79, 18, 31, 2
2020/4/23, 50, 13, 34, 3
2020/4/24, 43, 12, 32, 2
2020/4/25, 41, 15, 32, 
2020/4/26, 50, 11, 32, 1
2020/4/27, 38, 9, 34, 1
2020/4/28, 25, 8, 30, 2
2020/4/29, 19, 8, 31, 1
2020/4/30, 20, 5, 25, 
2020/5/1, 14, 4, 16, 
2020/5/2, 14, 7, 20, 
2020/5/3, 18, 8, 28, 2
2020/5/4, 18, 8, 35, 1
2020/5/5, 19, 7, 37, 3
2020/5/6, 15, 8, 33, 3
2020/5/7, 19, 10, 33, 1
2020/5/8, 27, 12, 28, 1
2020/5/9, 36, 8, 34, 1
2020/5/10, 25, 3, 31, 2
2020/5/11, 9, 10, 20, 4
2020/5/12, 28, 8, 16, 4
2020/5/13, 28, 8, 25, 2
2020/5/14, 22, 11, 35, 3
2020/5/15, 33, 10, 45, 2
2020/5/16, 30, 9, 45, 2
2020/5/17, 25, 10, 43, 4
2020/5/18, 28, 10, 43, 3
2020/5/19, 20, 11, 47, 6
2020/5/20, 22, 14, 47, 2
2020/5/21, 40, 13, 36, 3
2020/5/22, 37, 8, 28, 1
2020/5/23, 24, 8, 33, 1
2020/5/24, 21, 8, 32, 3
2020/5/25, 19, 10, 38, 3
2020/5/26, 21, 10, 42, 3
2020/5/27, 21, 11, 46, 3
2020/5/28, 23, 12, 45, 3
2020/5/29, 28, 11, 42, 2
2020/5/30, 26, 10, 41, 1
2020/5/31, 26, 11, 33, 2
2020/6/1, 31, 8, 42, 4
2020/6/2, 21, 13, 49, 4
2020/6/3, 31, 11, 41, 2
2020/6/4, 29, 6, 31, 1
2020/6/5, 15, 5, 24, 
2020/6/6, 13, 6, 28, 1
2020/6/7, 13, 6, 29, 3
2020/6/8, 14, 7, 31, 3
2020/6/9, 19, 11, 32, 5
2020/6/10, 31, 9, 20, 5
2020/6/11, 30, 6, 27, 1
2020/6/12, 12, 8, 32, 1
2020/6/13, 22, 10, 34, 
2020/6/14, 23, 9, 30, 2
2020/6/15, 24, 8, 28, 2
2020/6/16, 21, 6, 29, 2
2020/6/17, 17, 6, 26, 3
2020/6/18, 16, 6, 28, 3
2020/6/19, 15, 5, 27, 1
2020/6/20, 15, 6, 24, 2
2020/6/21, 18, 10, 36, 2
2020/6/22, 26, 13, 38, 4
2020/6/23, 30, 15, 53, 9
2020/6/24, 38, 20, 41, 3
2020/6/25, 57, 14, 38, 2
2020/6/26, 42, 7, 24, 
2020/6/27, 19, 6, 22, 
2020/6/28, 14, 7, 27, 
2020/6/29, 15, 12, 31, 3
2020/6/30, 23, 8, 14, 1
2020/1/1, 73, 22, 15, 10
2020/1/2, 68, 22, 14, 12
2020/1/3, 67, 12, 19, 9
2020/1/4, 39, 23, 19, 15
2020/1/5, 70, 25, 6, 11
2020/1/6, 71, 28, 4, 13
2020/1/7, 76, 18, 12, 14
2020/1/8, 58, 17, 31, 8
2020/1/9, 54, 16, 29, 13
2020/1/10, 40, 31, 18, 17
2020/1/11, 86, 32, 19, 11
2020/1/12, 91, 18, 19, 9
2020/1/13, 56, 13, 23, 9
2020/1/14, 47, 14, 19, 11
2020/1/15, 43, 12, 23, 7
2020/1/16, 42, 9, 24, 9
2020/1/17, 27, 11, 22, 9
2020/1/18, 38, 7, 24, 3
2020/1/19, 24, 10, 21, 6
2020/1/20, 31, 15, 15, 11
2020/1/21, 43, 13, 17, 12
2020/1/22, 40, 16, 22, 10
2020/1/23, 45, 29, 12, 11
2020/1/24, 63, 33, 13, 14
2020/1/25, 79, 29, 24, 10
2020/1/26, 72, 15, 18, 10
2020/1/27, 44, 16, 30, 5
2020/1/28, 37, 21, 22, 11
2020/1/29, 48, 6, 24, 6
2020/1/30, 17, 7, 22, 8
2020/1/31, 26, 8, 23, 4
2020/2/1, 24, 8, 17, 6
2020/2/2, 24, 28, 19, 10
2020/2/3, 44, 15, 29, 5
2020/2/4, 29, 18, 24, 12
2020/2/5, 49, 14, 21, 9
2020/2/6, 43, 17, 20, 11
2020/2/7, 53, 15, 16, 8
2020/2/8, 50, 8, 25, 3
2020/2/9, 27, 23, 27, 2
2020/2/10, 52, 27, 26, 6
2020/2/11, 58, 18, 19, 12
2020/2/12, 48, 18, 27, 5
2020/2/13, 43, 36, 25, 12
2020/2/14, 72, 26, 20, 13
2020/2/15, 72, 10, 22, 4
2020/2/16, 33, 10, 27, 4
2020/2/17, 28, 13, 24, 9
2020/2/18, 34, 11, 28, 9
2020/2/19, 26, 15, 29, 9
2020/2/20, 46, 13, 28, 9
2020/2/21, 32, 20, 29, 11
2020/2/22, 57, 20, 31, 9
2020/2/23, 60, 19, 32, 6
2020/2/24, 57, 9, 31, 2
2020/2/25, 26, 11, 30, 3
2020/2/26, 29, 12, 27, 3
2020/2/27, 31, 40, 19, 10
2020/2/28, 66, 31, 31, 3
2020/2/29, 51, 11, 30, 2
2020/3/1, 28, 7, 32, 1
2020/3/2, 19, 3, 24, 4
2020/3/3, 11, 6, 19, 5
2020/3/4, 19, 14, 32, 2
2020/3/5, 34, 9, 32, 2
2020/3/6, 24, 13, 27, 4
2020/3/7, 33, 10, 29, 3
2020/3/8, 31, 14, 28, 3
2020/3/9, 35, 18, 28, 3
2020/3/10, 50, 7, 24, 4
2020/3/11, 23, 14, 29, 7
2020/3/12, 41, 16, 30, 8
2020/3/13, 37, 15, 29, 10
2020/3/14, 42, 16, 32, 5
2020/3/15, 52, 7, 26, 5
2020/3/16, 26, 11, 24, 5
2020/3/17, 38, 23, 29, 7
2020/3/18, 66, 25, 34, 9
2020/3/19, 74, 19, 38, 7
2020/3/20, 58, 18, 39, 4
2020/3/21, 55, 28, 32, 3
2020/3/22, 76, 24, 30, 4
2020/3/23, 66, 27, 33, 7
2020/3/24, 70, 10, 33, 2
2020/3/25, 29, 23, 37, 3
2020/3/26, 67, 28, 38, 8
2020/3/27, 81, 33, 41, 6
2020/3/28, 89, 51, 31, 5
2020/3/29, 136, , , 
2019/10/1, 28, 9, 27, 4
2019/10/2, 17, 9, 27, 8
2019/10/3, 22, 12, 28, 4
2019/10/4, 30, 13, 23, 4
2019/10/5, 30, 10, 27, 2
2019/10/6, 25, 15, 25, 10
2019/10/7, 31, 10, 23, 7
2019/10/8, 22, 11, 27, 5
2019/10/9, 24, 11, 27, 8
2019/10/10, 24, 15, 28, 13
2019/10/11, 35, 13, 25, 6
2019/10/12, 32, 14, 31, 2
2019/10/13, 32, 12, 24, 5
2019/10/14, 32, 7, 28, 5
2019/10/15, 17, 8, 18, 7
2019/10/16, 17, 7, 24, 6
2019/10/17, 15, 11, 26, 7
2019/10/18, 23, 10, 21, 6
2019/10/19, 25, 5, 21, 4
2019/10/20, 19, 10, 24, 8
2019/10/21, 24, 14, 8, 10
2019/10/22, 39, 9, 14, 7
2019/10/23, 24, 8, 29, 5
2019/10/24, 21, 12, 19, 7
2019/10/25, 28, 10, 18, 7
2019/10/26, 28, 16, 14, 5
2019/10/27, 49, 22, 18, 9
2019/10/28, 62, 24, 7, 10
2019/10/29, 66, 16, 11, 7
2019/10/30, 51, 15, 26, 6
2019/10/31, 38, 9, 19, 4
2019/11/1, 24, 11, 29, 2
2019/11/2, 25, 13, 29, 2
2019/11/3, 33, 12, 30, 7
2019/11/4, 29, 9, 26, 6
2019/11/5, 23, 10, 20, 9
2019/11/6, 23, 8, 26, 7
2019/11/7, 20, 6, 25, 6
2019/11/8, 15, 8, 25, 6
2019/11/9, 22, 9, 25, 6
2019/11/10, 28, 13, 21, 6
2019/11/11, 39, 10, 21, 12
2019/11/12, 29, 12, 22, 10
2019/11/13, 32, 8, 27, 11
2019/11/14, 25, 12, 19, 13
2019/11/15, 40, 8, 22, 9
2019/11/16, 25, 13, 10, 8
2019/11/17, 49, 13, 16, 14
2019/11/18, 41, 24, 14, 13
2019/11/19, 70, 27, 9, 12
2019/11/20, 81, 11, 17, 10
2019/11/21, 40, 10, 14, 8
2019/11/22, 38, 8, 29, 6
2019/11/23, 23, 13, 21, 8
2019/11/24, 36, 11, 21, 9
2019/11/25, 30, 10, 16, 8
2019/11/26, 28, 14, 30, 6
2019/11/27, 35, 11, 29, 6
2019/11/28, 25, 14, 26, 11
2019/11/29, 36, 15, 18, 9
2019/11/30, 48, 11, 20, 10
2019/12/1, 38, 13, 14, 6
2019/12/2, 47, 20, 18, 13
2019/12/3, 59, 35, 9, 17
2019/12/4, 93, 31, 7, 14
2019/12/5, 88, 23, 9, 11
2019/12/6, 71, 13, 18, 6
2019/12/7, 44, 12, 24, 4
2019/12/8, 36, 21, 32, 4
2019/12/9, 52, 20, 17, 13
2019/12/10, 54, 12, 24, 8
2019/12/11, 32, 7, 29, 7
2019/12/12, 21, 11, 32, 1
2019/12/13, 33, 9, 32, 4
2019/12/14, 27, 15, 21, 7
2019/12/15, 43, 9, 19, 6
2019/12/16, 29, 14, 23, 10
2019/12/17, 37, 19, 16, 10
2019/12/18, 46, 20, 19, 6
2019/12/19, 48, 13, 28, 9
2019/12/20, 32, 13, 32, 6
2019/12/21, 33, 19, 34, 1
2019/12/22, 47, 16, 30, 8
2019/12/23, 41, 14, 20, 6
2019/12/24, 38, 9, 20, 5
2019/12/25, 34, 21, 25, 9
2019/12/26, 52, 21, 24, 11
2019/12/27, 54, 14, 19, 9
2019/12/28, 41, 29, 10, 8
2019/12/29, 93, , , 
2019/7/1, 40, 16, 29, 4
2019/7/2, 43, 21, 53, 5
2019/7/3, 43, 21, 49, 5
2019/7/4, 47, 25, 63, 6
2019/7/5, 52, 16, 48, 2
2019/7/6, 41, 12, 43, 
2019/7/7, 38, 15, 53, 3
2019/7/8, 45, 17, 48, 4
2019/7/9, 35, 15, 44, 6
2019/7/10, 20, 15, 47, 5
2019/7/11, 28, 12, 44, 2
2019/7/12, 27, 8, 41, 2
2019/7/13, 23, 10, 39, 3
2019/7/14, 24, 27, 37, 4
2019/7/15, 37, 20, 52, 6
2019/7/16, 34, 15, 44, 3
2019/7/17, 33, 11, 28, 3
2019/7/18, 30, 11, 29, 4
2019/7/19, 28, 7, 23, 2
2019/7/20, 22, 8, 34, 1
2019/7/21, 24, 17, 40, 5
2019/7/22, 34, 28, 51, 7
2019/7/23, 57, 27, 51, 4
2019/7/24, 60, 29, 45, 4
2019/7/25, 58, 10, 28, 5
2019/7/26, 25, 7, 24, 2
2019/7/27, 19, 9, 28, 1
2019/7/28, 21, 9, 32, 5
2019/7/29, 22, 18, 27, 2
2019/7/30, 27, 11, 38, 5
2019/7/31, 23, 9, 36, 5
2019/8/1, 21, 10, 40, 4
2019/8/2, 27, 10, 47, 4
2019/8/3, 29, 9, 40, 1
2019/8/4, 29, 9, 30, 3
2019/8/5, 24, 9, 30, 4
2019/8/6, 30, 7, 24, 2
2019/8/7, 26, 8, 33, 4
2019/8/8, 21, 11, 29, 3
2019/8/9, 25, 19, 27, 1
2019/8/10, 41, 10, 30, 2
2019/8/11, 26, 7, 30, 4
2019/8/12, 19, 10, 30, 6
2019/8/13, 24, 9, 33, 4
2019/8/14, 22, 7, 27, 1
2019/8/15, 18, 8, 28, 5
2019/8/16, 21, 7, 26, 3
2019/8/17, 19, 6, 23, 3
2019/8/18, 17, 10, 32, 4
2019/8/19, 21, 9, 31, 2
2019/8/20, 20, 9, 35, 5
2019/8/21, 18, 16, 42, 7
2019/8/22, 27, 14, 43, 11
2019/8/23, 36, 16, 48, 11
2019/8/24, 47, 17, 49, 2
2019/8/25, 50, 19, 44, 5
2019/8/26, 49, 18, 38, 4
2019/8/27, 51, 14, 36, 2
2019/8/28, 39, 15, 37, 4
2019/8/29, 28, 14, 49, 6
2019/8/30, 32, 11, 34, 2
2019/8/31, 29, 6, 26, 2
2019/9/1, 16, 10, 33, 4
2019/9/2, 18, 15, 43, 8
2019/9/3, 29, 15, 38, 7
2019/9/4, 22, 12, 29, 2
2019/9/5, 24, 12, 36, 5
2019/9/6, 20, 8, 28, 4
2019/9/7, 18, 6, 30, 3
2019/9/8, 14, 10, 31, 7
2019/9/9, 18, 14, 27, 6
2019/9/10, 21, 10, 41, 8
2019/9/11, 20, 11, 41, 6
2019/9/12, 25, 13, 37, 13
2019/9/13, 22, 14, 34, 11
2019/9/14, 36, 13, 44, 10
2019/9/15, 33, 22, 45, 10
2019/9/16, 52, 24, 52, 12
2019/9/17, 41, 16, 41, 5
2019/9/18, 23, 19, 40, 6
2019/9/19, 25, 20, 47, 6
2019/9/20, 31, 15, 36, 3
2019/9/21, 39, 9, 28, 2
2019/9/22, 23, 13, 20, 8
2019/9/23, 26, 12, 24, 6
2019/9/24, 28, 12, 22, 4
2019/9/25, 25, 18, 25, 5
2019/9/26, 39, 13, 26, 4
2019/9/27, 33, 13, 32, 4
2019/9/28, 30, 10, 26, 4
2019/9/29, 26, 10, 26, 5
2019/9/30, 21, 12, 25, 8
2019/4/1, 44, 22, 40, 5
2019/4/2, 59, 6, 38, 5
2019/4/3, 14, 5, 35, 6
2019/4/4, 13, 7, 32, 6
2019/4/5, 18, 5, 33, 4
2019/4/6, 18, 8, 37, 6
2019/4/7, 31, 10, 27, 10
2019/4/8, 30, 13, 36, 11
2019/4/9, 36, 13, 40, 7
2019/4/10, 34, 32, 35, 5
2019/4/11, 90, 34, 43, 10
2019/4/12, 87, 32, 44, 10
2019/4/13, 89, 18, 40, 6
2019/4/14, 59, 15, 35, 6
2019/4/15, 44, 10, 36, 4
2019/4/16, 26, 8, 36, 4
2019/4/17, 22, 10, 39, 5
2019/4/18, 27, 14, 54, 6
2019/4/19, 37, 13, 54, 8
2019/4/20, 40, 10, 47, 3
2019/4/21, 32, 19, 44, 3
2019/4/22, 45, 21, 41, 3
2019/4/23, 44, 4, 39, 3
2019/4/24, 10, 5, 40, 5
2019/4/25, 11, 10, 38, 3
2019/4/26, 22, 11, 42, 2
2019/4/27, 28, 14, 38, 2
2019/4/28, 34, 11, 37, 8
2019/4/29, 30, 6, 41, 5
2019/4/30, 14, 14, 47, 5
2019/5/1, 48, 15, 42, 6
2019/5/2, 44, 6, 39, 4
2019/5/3, 15, 6, 38, 3
2019/5/4, 17, 8, 35, 4
2019/5/5, 25, 13, 41, 11
2019/5/6, 39, 12, 38, 9
2019/5/7, 31, 8, 32, 3
2019/5/8, 25, 15, 33, 2
2019/5/9, 38, 8, 27, 5
2019/5/10, 25, 8, 35, 1
2019/5/11, 19, 8, 42, 3
2019/5/12, 23, 9, 38, 4
2019/5/13, 16, 10, 43, 4
2019/5/14, 16, 10, 43, 4
2019/5/15, 18, 10, 43, 6
2019/5/16, 18, 11, 41, 5
2019/5/17, 27, 8, 41, 3
2019/5/18, 24, 9, 35, 4
2019/5/19, 30, 12, 35, 6
2019/5/20, 36, 13, 39, 6
2019/5/21, 40, 14, 46, 8
2019/5/22, 40, 1, 48, 10
2019/5/23, 5, 10, 39, 3
2019/5/24, 31, 8, 32, 1
2019/5/25, 20, 6, 28, 2
2019/5/26, 17, 4, 24, 2
2019/5/27, 11, 9, 27, 2
2019/5/28, 20, 10, 27, 3
2019/5/29, 20, 6, 29, 3
2019/5/30, 16, 8, 35, 5
2019/5/31, 20, 10, 44, 9
2019/6/1, 28, 11, 44, 3
2019/6/2, 35, 10, 29, 3
2019/6/3, 25, 11, 32, 5
2019/6/4, 27, 6, 27, 6
2019/6/5, 16, 8, 31, 4
2019/6/6, 19, 14, 36, 2
2019/6/7, 26, 12, 35, 2
2019/6/8, 29, 7, 38, 2
2019/6/9, 19, 7, 34, 1
2019/6/10, 17, 4, 33, 2
2019/6/11, 11, 7, 34, 2
2019/6/12, 15, 10, 38, 5
2019/6/13, 20, 6, 31, 2
2019/6/14, 14, 6, 32, 1
2019/6/15, 14, 8, 36, 3
2019/6/16, 24, 10, 36, 7
2019/6/17, 21, 16, 46, 6
2019/6/18, 38, 11, 35, 3
2019/6/19, 34, 6, 30, 2
2019/6/20, 16, 9, 24, 5
2019/6/21, 25, 7, 33, 5
2019/6/22, 23, 8, 42, 2
2019/6/23, 23, 17, 44, 5
2019/6/24, 45, 20, 38, 4
2019/6/25, 56, 24, 47, 6
2019/6/26, 46, 34, 45, 7
2019/6/27, 61, 23, 37, 4
2019/6/28, 49, 19, 34, 2
2019/6/29, 53, 10, 31, 1
2019/6/30, 30, 16, 26, 3
2019/1/1, 39, 11, 23, 6
2019/1/2, 35, 18, 22, 11
2019/1/3, 49, 20, 18, 15
2019/1/4, 59, 27, 17, 13
2019/1/5, 83, 25, 20, 7
2019/1/6, 80, 31, 14, 14
2019/1/7, 81, 21, 19, 11
2019/1/8, 62, 18, 22, 10
2019/1/9, 51, 17, 22, 10
2019/1/10, 48, 26, 19, 16
2019/1/11, 61, 19, 18, 11
2019/1/12, 58, 6, 27, 3
2019/1/13, 18, 6, 28, 6
2019/1/14, 13, 24, 23, 19
2019/1/15, 63, 43, 8, 17
2019/1/16, 113, 11, 25, 13
2019/1/17, 32, 22, 13, 18
2019/1/18, 66, 17, 21, 9
2019/1/19, 55, 18, 22, 9
2019/1/20, 61, 14, 21, 7
2019/1/21, 41, 15, 20, 13
2019/1/22, 49, 8, 29, 7
2019/1/23, 22, 18, 27, 15
2019/1/24, 49, 14, 19, 11
2019/1/25, 42, 9, 26, 7
2019/1/26, 28, 13, 33, 1
2019/1/27, 35, 9, 30, 6
2019/1/28, 25, 16, 32, 11
2019/1/29, 48, 16, 32, 10
2019/1/30, 29, 9, 5, 7
2019/1/31, 25, 8, 28, 10
2019/2/1, 24, 8, 31, 5
2019/2/2, 30, 11, 28, 8
2019/2/3, 33, 29, 17, 15
2019/2/4, 83, 5, 25, 10
2019/2/5, 17, 9, 23, 11
2019/2/6, 29, 13, 31, 9
2019/2/7, 35, 13, 24, 11
2019/2/8, 39, 15, 30, 8
2019/2/9, 42, 11, 36, 2
2019/2/10, 31, 15, 30, 10
2019/2/11, 34, 25, 20, 17
2019/2/12, 66, 23, 25, 17
2019/2/13, 66, 24, 29, 14
2019/2/14, 69, 19, 27, 15
2019/2/15, 60, 25, 28, 14
2019/2/16, 75, 19, 30, 6
2019/2/17, 64, 16, 33, 6
2019/2/18, 44, 27, 23, 9
2019/2/19, 70, 27, 22, 14
2019/2/20, 76, 43, 26, 19
2019/2/21, 105, 52, 26, 25
2019/2/22, 103, 31, 29, 17
2019/2/23, 78, 26, 25, 10
2019/2/24, 79, 43, 29, 20
2019/2/25, 107, 41, 34, 20
2019/2/26, 100, 39, 35, 18
2019/2/27, 91, 22, 36, 6
2019/2/28, 59, , 36, 8
2019/3/1, 29, , 34, 5
2019/3/2, 37, , 34, 6
2019/3/3, 33, , 36, 4
2019/3/4, 34, , 34, 7
2019/3/5, 31, , 30, 6
2019/3/6, 38, , 36, 7
2019/3/7, 23, , 33, 9
2019/3/8, 22, , 27, 3
2019/3/9, 18, , 33, 2
2019/3/10, 26, 13, 35, 10
2019/3/11, 29, 16, 35, 10
2019/3/12, 43, 11, 35, 5
2019/3/13, 27, 11, 35, 5
2019/3/14, 25, 7, 34, 5
2019/3/15, 17, 10, 36, 8
2019/3/16, 27, 12, 39, 2
2019/3/17, 31, 12, 34, 9
2019/3/18, 27, 7, 33, 7
2019/3/19, 21, 13, 37, 10
2019/3/20, 40, 17, 37, 16
2019/3/21, 51, 25, 39, 21
2019/3/22, 65, 25, 44, 18
2019/3/23, 66, 22, 45, 13
2019/3/24, 66, 21, 35, 5
2019/3/25, 60, 13, 35, 6
2019/3/26, 30, 19, 38, 8
2019/3/27, 51, 23, 37, 10
2019/3/28, 60, 21, 37, 14
2019/3/29, 51, 13, 41, 5
2019/3/30, 33, 11, 40, 8
2019/3/31, 33, 17, 37, 14
2018/10/1, 27, 21, 29, 9
2018/10/2, 32, 14, 23, 6
2018/10/3, 26, 12, 24, 12
2018/10/4, 26, 20, 38, 18
2018/10/5, 43, 23, 33, 11
2018/10/6, 49, 7, 26, 3
2018/10/7, 17, 15, 12, 9
2018/10/8, 45, 20, 16, 11
2018/10/9, 59, 13, 29, 11
2018/10/10, 40, 13, 16, 10
2018/10/11, 33, 18, 23, 13
2018/10/12, 47, 14, 28, 3
2018/10/13, 42, 11, 26, 2
2018/10/14, 31, 8, 29, 8
2018/10/15, 20, 12, 26, 10
2018/10/16, 39, 14, 22, 10
2018/10/17, 38, 27, 19, 16
2018/10/18, 66, 28, 27, 13
2018/10/19, 65, 30, 30, 9
2018/10/20, 76, 26, 28, 11
2018/10/21, 70, 18, 26, 7
2018/10/22, 51, 13, 20, 7
2018/10/23, 34, 23, 25, 13
2018/10/24, 50, 20, 13, 12
2018/10/25, 47, 14, 13, 8
2018/10/26, 46, 13, 24, 5
2018/10/27, 36, 10, 18, 5
2018/10/28, 40, 11, 9, 7
2018/10/29, 39, 13, 19, 11
2018/10/30, 42, 20, 11, 14
2018/10/31, 52, 10, 24, 5
2018/11/1, 31, 10, 23, 8
2018/11/2, 27, 21, 19, 14
2018/11/3, 64, 23, 21, 8
2018/11/4, 76, 20, 13, 14
2018/11/5, 53, 10, 16, 9
2018/11/6, 34, 13, 22, 10
2018/11/7, 35, 15, 18, 8
2018/11/8, 39, 12, 25, 9
2018/11/9, 29, 10, 22, 6
2018/11/10, 26, 13, 19, 7
2018/11/11, 35, 12, 17, 13
2018/11/12, 33, 16, 17, 14
2018/11/13, 46, 26, 15, 12
2018/11/14, 64, 28, 10, 15
2018/11/15, 67, 31, 15, 15
2018/11/16, 76, 25, 20, 8
2018/11/17, 68, 12, 25, 4
2018/11/18, 36, 22, 18, 10
2018/11/19, 62, 30, 11, 13
2018/11/20, 84, 45, 10, 14
2018/11/21, 117, 20, 17, 11
2018/11/22, 60, 22, 13, 13
2018/11/23, 64, 17, 12, 11
2018/11/24, 55, 11, 27, 6
2018/11/25, 36, 22, 13, 13
2018/11/26, 65, 21, 15, 15
2018/11/27, 58, 22, 12, 12
2018/11/28, 62, 19, 13, 13
2018/11/29, 51, 14, 24, 11
2018/11/30, 32, 11, 23, 7
2018/12/1, 26, 9, 25, 3
2018/12/2, 23, 9, 18, 6
2018/12/3, 23, 17, 23, 12
2018/12/4, 32, 18, 11, 11
2018/12/5, 50, 10, 27, 5
2018/12/6, 22, 12, 25, 6
2018/12/7, 24, 17, 29, 5
2018/12/8, 25, 25, 34, 2
2018/12/9, 43, 31, 24, 20
2018/12/10, 55, 44, 14, 19
2018/12/11, 107, 35, 19, 18
2018/12/12, 88, 16, 12, 11
2018/12/13, 54, 31, 8, 10
2018/12/14, 88, 27, 6, 8
2018/12/15, 81, 11, 27, 5
2018/12/16, 24, 14, 26, 12
2018/12/17, 30, 14, 14, 10
2018/12/18, 41, 10, 22, 10
2018/12/19, 26, 11, 24, 10
2018/12/20, 27, 9, 23, 6
2018/12/21, 25, 4, 24, 3
2018/12/22, 16, 5, 21, 4
2018/12/23, 18, 16, 15, 8
2018/12/24, 51, 22, 12, 9
2018/12/25, 66, 22, 10, 12
2018/12/26, 66, 17, 14, 8
2018/12/27, 58, 17, 18, 9
2018/12/28, 54, 26, 10, 8
2018/12/29, 81, 24, 12, 6
2018/12/30, 81, , , 
2018/7/1, 35, 13, 42, 3
2018/7/2, 29, 14, 35, 4
2018/7/3, 41, 12, 36, 5
2018/7/4, 30, 12, 43, 4
2018/7/5, 34, 14, 34, 5
2018/7/6, 39, 12, 40, 4
2018/7/7, 35, 17, 48, 4
2018/7/8, 50, 22, 60, 8
2018/7/9, 55, 18, 46, 7
2018/7/10, 44, 18, 45, 6
2018/7/11, 43, 17, 45, 4
2018/7/12, 37, 22, 53, 8
2018/7/13, 45, 18, 53, 4
2018/7/14, 47, 24, 48, 4
2018/7/15, 62, 15, 41, 4
2018/7/16, 37, 11, 26, 3
2018/7/17, 27, 14, 28, 5
2018/7/18, 31, 17, 42, 5
2018/7/19, 41, 12, 38, 2
2018/7/20, 29, 9, 30, 1
2018/7/21, 24, 8, 27, 2
2018/7/22, 24, 12, 41, 4
2018/7/23, 32, 18, 44, 6
2018/7/24, 45, 15, 44, 2
2018/7/25, 36, 17, 53, 5
2018/7/26, 39, 13, 34, 2
2018/7/27, 36, 10, 23, 1
2018/7/28, 26, 14, 29, 2
2018/7/29, 29, 15, 35, 5
2018/7/30, 32, 12, 26, 2
2018/7/31, 24, 11, 34, 1
2018/8/1, 18, 15, 44, 4
2018/8/2, 28, 20, 70, 6
2018/8/3, 47, 22, 73, 4
2018/8/4, 51, 20, 68, 3
2018/8/5, 52, 22, 71, 8
2018/8/6, 50, 23, 38, 5
2018/8/7, 50, 10, 30, 3
2018/8/8, 24, 8, 29, 2
2018/8/9, 17, 9, 31, 5
2018/8/10, 22, 9, 35, 3
2018/8/11, 19, 14, 39, 7
2018/8/12, 37, 8, 23, 2
2018/8/13, 18, 9, 24, 1
2018/8/14, 16, 9, 33, 2
2018/8/15, 26, 14, 36, 4
2018/8/16, 37, 10, 28, 1
2018/8/17, 22, 12, 35, 2
2018/8/18, 24, 12, 38, 2
2018/8/19, 27, 13, 35, 3
2018/8/20, 32, 12, 38, 3
2018/8/21, 25, 17, 42, 5
2018/8/22, 45, 15, 31, 2
2018/8/23, 38, 10, 26, 1
2018/8/24, 21, 12, 24, 4
2018/8/25, 26, 9, 28, 3
2018/8/26, 25, 9, 26, 5
2018/8/27, 23, 14, 38, 5
2018/8/28, 26, 14, 33, 1
2018/8/29, 34, 12, 36, 5
2018/8/30, 34, 12, 31, 3
2018/8/31, 33, 11, 41, 4
2018/9/1, 30, 10, 41, 4
2018/9/2, 31, 15, 47, 8
2018/9/3, 34, 13, 46, 5
2018/9/4, 31, 19, 36, 7
2018/9/5, 41, 15, 30, 6
2018/9/6, 46, 16, 36, 6
2018/9/7, 36, 11, 37, 6
2018/9/8, 30, 13, 29, 10
2018/9/9, 46, 14, 37, 4
2018/9/10, 37, 16, 41, 9
2018/9/11, 39, 21, 41, 9
2018/9/12, 52, 12, 26, 3
2018/9/13, 26, 11, 28, 5
2018/9/14, 25, 12, 38, 8
2018/9/15, 29, 15, 41, 12
2018/9/16, 46, 19, 33, 10
2018/9/17, 49, 22, 37, 10
2018/9/18, 56, 17, 33, 6
2018/9/19, 35, 20, 36, 7
2018/9/20, 45, 16, 22, 4
2018/9/21, 35, 11, 28, 6
2018/9/22, 26, 10, 20, 4
2018/9/23, 28, 9, 27, 4
2018/9/24, 15, 13, 29, 10
2018/9/25, 25, 24, 40, 15
2018/9/26, 45, 21, 37, 7
2018/9/27, 40, 23, 41, 10
2018/9/28, 55, 19, 41, 6
2018/9/29, 49, 15, 37, 5
2018/9/30, 41, 16, 32, 4
2018/4/1, 29, 9, 30, 3
2018/4/2, 27, 11, 30, 5
2018/4/3, 29, 18, 33, 5
2018/4/4, 23, 17, 36, 6
2018/4/5, 31, 14, 28, 8
2018/4/6, 36, , , 
2018/4/18, 48, 19, 42, 6
2018/4/19, 45, 19, 40, 8
2018/4/20, 45, 26, 41, 10
2018/4/21, 61, 34, 38, 5
2018/4/22, 70, 25, 31, 2
2018/4/23, 62, 21, 31, 6
2018/4/24, 41, 11, 33, 2
2018/4/25, 28, 14, 36, 7
2018/4/26, 28, 18, 35, 6
2018/4/27, 35, 13, 28, 7
2018/4/28, 31, 9, 34, 2
2018/4/29, 29, 5, 28, 5
2018/4/30, 20, 10, 34, 4
2018/5/1, 33, 12, 34, 9
2018/5/2, 38, 10, 29, 3
2018/5/3, 30, 18, 42, 6
2018/5/4, 41, 21, 41, 5
2018/5/5, 53, 27, 39, 3
2018/5/6, 63, 24, 42, 6
2018/5/7, 60, 31, 42, 1
2018/5/8, 73, 14, 33, 1
2018/5/9, 30, 13, 38, 1
2018/5/10, 27, 15, 36, 5
2018/5/11, 34, 12, 32, 3
2018/5/12, 29, 7, 34, 3
2018/5/13, 13, 11, 30, 4
2018/5/14, 21, 13, 33, 2
2018/5/15, 27, 16, 33, 2
2018/5/16, 37, 21, 29, 5
2018/5/17, 57, 20, 39, 6
2018/5/18, 51, 20, 42, 4
2018/5/19, 48, 15, 41, 4
2018/5/20, 46, 18, 34, 4
2018/5/21, 52, 13, 37, 6
2018/5/22, 43, 22, 43, 5
2018/5/23, 59, 17, 44, 8
2018/5/24, 48, 16, 37, 9
2018/5/25, 48, 15, 33, 4
2018/5/26, 39, 9, 38, 2
2018/5/27, 29, 11, 37, 4
2018/5/28, 34, 11, 40, 3
2018/5/29, 36, 13, 38, 6
2018/5/30, 41, 10, 36, 4
2018/5/31, 26, 11, 35, 5
2018/6/1, 29, 11, 39, 4
2018/6/2, 32, 10, 35, 4
2018/6/3, 33, 13, 33, 2
2018/6/4, 36, 7, 29, 3
2018/6/5, 16, 6, 32, 3
2018/6/6, 16, 9, 35, 4
2018/6/7, 28, 11, 36, 6
2018/6/8, 28, 10, 32, 3
2018/6/9, 30, 9, 35, 1
2018/6/10, 27, 11, 30, 4
2018/6/11, 20, 9, 31, 4
2018/6/12, 25, 16, 35, 3
2018/6/13, 46, 14, 28, 3
2018/6/14, 39, 9, 23, 5
2018/6/15, 27, 10, 34, 5
2018/6/16, 28, 9, 30, 2
2018/6/17, 22, 10, 23, 5
2018/6/18, 27, 10, 33, 4
2018/6/19, 24, 15, 42, 6
2018/6/20, 36, 21, 38, 5
2018/6/21, 55, 15, 37, 4
2018/6/22, 29, 11, 38, 2
2018/6/23, 22, 11, 35, 2
2018/6/24, 26, 13, 40, 4
2018/6/25, 32, 13, 42, 5
2018/6/26, 33, 21, 40, 6
2018/6/27, 49, 18, 48, 3
2018/6/28, 44, 17, 59, 7
2018/6/29, 42, 19, 47, 5
2018/6/30, 51, 11, 48, 2
2018/1/1, 36, 10, 27, 4
2018/1/2, 17, 19, 27, 2
2018/1/3, 31, 17, 25, 2
2018/1/4, 24, 8, 26, 9
2018/1/5, 18, 14, 26, 7
2018/1/6, 25, 19, 24, 9
2018/1/7, 40, 20, 21, 12
2018/1/8, 48, 15, 21, 10
2018/1/9, 44, 11, 27, 8
2018/1/10, 20, 16, 30, 14
2018/1/11, 31, 20, 14, 12
2018/1/12, 59, 14, 17, 6
2018/1/13, 50, 10, 22, 5
2018/1/14, 33, 13, 26, 7
2018/1/15, 33, 9, 31, 2
2018/1/16, 15, 15, 34, 6
2018/1/17, 26, 11, 29, 5
2018/1/18, 18, 13, 30, 9
2018/1/19, 22, 8, 30, 2
2018/1/20, 13, 3, 26, 1
2018/1/21, 6, 10, 26, 5
2018/1/22, 19, 12, 16, 12
2018/1/23, 31, 13, 13, 7
2018/1/24, 31, 12, 20, 7
2018/1/25, 68, 14, 22, 14
2018/1/30, 63, , , 
2018/2/5, 55, 19, 17, 13
2018/2/6, 66, 25, 22, 15
2018/2/7, 77, 27, 22, 15
2018/2/8, 83, 29, 19, 18
2018/2/9, 86, 22, 27, 12
2018/2/10, 52, 12, 33, 3
2018/2/11, 29, 14, 28, 16
2018/2/12, 40, 18, 27, 13
2018/2/13, 55, 10, 23, 12
2018/2/14, 39, 11, 22, 9
2018/2/15, 30, 12, 13, 13
2018/2/16, 46, 10, 33, 6
2018/2/17, 32, 17, 21, 12
2018/2/18, 60, 10, 15, 10
2018/2/19, 40, 10, 22, 3
2018/2/20, 36, 20, 22, 6
2018/2/21, 66, 42, 25, 9
2018/2/22, 122, 30, 20, 13
2018/2/23, 88, 38, 24, 15
2018/2/24, 111, 36, 27, 11
2018/2/25, 108, 17, 28, 8
2018/2/26, 58, 17, 26, 9
2018/2/27, 60, 25, 22, 12
2018/2/28, 79, 7, 27, 6
2018/3/1, 31, 17, 35, 5
2018/3/2, 40, 10, 36, 7
2018/3/3, 30, 9, 34, 8
2018/3/4, 32, 13, 28, 9
2018/3/5, 37, 10, 31, 8
2018/3/6, 26, 10, 32, 8
2018/3/7, 28, 12, 30, 13
2018/3/8, 38, 13, 24, 9
2018/3/9, 39, 8, 25, 4
2018/3/10, 29, 8, 34, 2
2018/3/11, 19, 17, 36, 4
2018/3/12, 30, 16, 34, 12
2018/3/13, 33, 14, 27, 8
2018/3/14, 37, 8, 34, 6
2018/3/15, 16, 7, 34, 7
2018/3/16, 20, 9, 37, 8
2018/3/17, 32, 10, 33, 8
2018/3/18, 39, 8, 30, 8
2018/3/19, 32, 17, 30, 6
2018/3/20, 60, 15, 31, 7
2018/3/21, 46, 20, 34, 11
2018/3/22, 57, 20, 23, 15
2018/3/23, 61, 8, 33, 3
2018/3/24, 26, 5, 28, 2
2018/3/25, 16, 20, 32, 5
2018/3/26, 61, 5, 23, 4
2018/3/27, 17, 5, 27, 4
2018/3/28, 19, 8, 36, 10
2018/3/29, 25, 10, 37, 10
2018/3/30, 27, 6, 37, 3
2018/3/31, 17, 11, 33, 6
2017/12/25, 58, 11, 24, 5
2017/12/26, 24, 11, 32, 2
2017/12/27, 20, 13, 17, 13
2017/12/28, 33, 17, 26, 5
2017/12/29, 36, 17, 28, 2
2017/12/30, 30, , , 
2017/1/2, 72, 24, 12, 16
2017/1/3, 70, 43, 2, 15
2017/1/4, 117, 41, 7, 18
2017/1/5, 97, 20, 17, 16
2017/1/6, 55, 34, 10, 21
2017/1/7, 90, 35, 12, 17
2017/1/8, 101, 19, 13, 11
2017/1/9, 62, 13, 24, 6
2017/1/10, 23, , , 
2016/10/1, 21, 11, 26, 6
2016/10/2, 23, 13, 26, 8
2016/10/3, 24, 15, 30, 7
2016/10/4, 29, 16, 32, 6
2016/10/5, 34, 15, 29, 7
2016/10/6, 32, 17, 20, 12
2016/10/7, 38, 14, 23, 10
2016/10/8, 41, 13, 28, 7
2016/10/9, 40, 13, 26, 10
2016/10/10, 39, 12, 13, 10
2016/10/12, 37, 12, 15, 9
2016/10/13, 40, 15, 19, 10
2016/10/14, 41, 16, 31, 8
2016/10/15, 39, 11, 22, 5
2016/10/16, 33, 18, 12, 13
2016/10/17, 51, 13, 28, 8
2016/10/18, 17, 14, 27, 10
2016/10/19, 26, 17, 24, 10
2016/10/20, 38, 26, 21, 15
2016/10/21, 61, 14, 23, 8
2016/10/22, 42, 11, 18, 5
2016/10/23, 33, 10, 17, 12
2016/10/24, 28, 21, 3, 11
2016/10/25, 59, 14, 10, 7
2016/10/26, 42, 16, 15, 12
2016/10/27, 45, 28, 5, 13
2016/10/28, 73, 26, 10, 11
2016/10/29, 75, 32, 15, 9
2016/10/30, 90, 38, 19, 11
2016/10/31, 85, 27, 23, 12
2016/11/1, 75, , , 
2016/11/3, 75, 33, 3, 10
2016/11/4, 91, 14, 21, 8
2016/11/5, 42, 20, 23, 10
2016/11/6, 61, 17, 13, 14
2016/11/7, 49, 14, 13, 13
2016/11/8, 40, 11, 27, 6
2016/11/9, 23, 8, 27, 7
2016/11/10, 15, 13, 27, 6
2016/11/11, 29, 18, 14, 6
2016/11/12, 56, 9, 22, 3
2016/11/13, 24, 14, 16, 9
2016/11/14, 43, 22, 10, 16
2016/11/15, 61, 20, 17, 11
2016/11/16, 57, 13, 17, 7
2016/11/17, 43, 14, 27, 7
2016/11/18, 31, 10, 27, 7
2016/11/19, 18, 10, 22, 3
2016/11/20, 31, 17, 24, 11
2016/11/21, 40, 21, 11, 19
2016/11/22, 53, 15, 17, 11
2016/11/23, 40, 11, 19, 10
2016/11/24, 30, 17, 5, 12
2016/11/25, 55, , , 
2016/12/2, 145, 48, 8, 14
2016/12/3, 130, 27, 18, 11
2016/12/4, 81, 27, 17, 16
2016/12/5, 73, 39, 11, 21
2016/12/6, 92, 48, 8, 18
2016/12/7, 122, 33, 8, 18
2016/12/8, 89, 33, 5, 19
2016/12/9, 90, 31, 5, 12
2016/12/10, 93, 36, 2, 11
2016/12/11, 105, 52, 7, 19
2016/12/12, 131, 30, 7, 12
2016/12/13, 87, 33, 15, 16
2016/12/14, 90, 31, 2, 14
2016/12/15, 85, , , 
2016/12/19, 66, 28, 11, 12
2016/12/20, 82, 28, 5, 13
2016/12/21, 81, , , 
2016/12/23, 37, 8, 22, 5
2016/12/24, 22, 9, 22, 5
2016/12/25, 28, 14, 18, 11
2016/12/26, 39, 14, 12, 11
2016/12/27, 37, 28, 9, 16
2016/12/28, 81, 52, 1, 13
2016/12/29, 133, 33, 16, 13
2016/12/30, 91, 20, 14, 5
2016/12/31, 67, 20, 12, 4
2017/1/1, 68, 23, 16, 8
2016/7/1, 27, 8, 28, 1
2016/7/2, 18, 11, 24, 4
2016/7/3, 24, 10, 25, 4
2016/7/4, 21, 12, 23, 3
2016/7/5, 25, 12, 34, 4
2016/7/6, 26, 16, 46, 6
2016/7/7, 32, 17, 36, 4
2016/7/8, 42, 12, 35, 4
2016/7/9, 33, 15, 33, 3
2016/7/10, 37, 16, 23, 2
2016/7/11, 23, 13, 22, 4
2016/7/12, 20, 9, 25, 4
2016/7/13, 16, 10, 28, 3
2016/7/14, 20, 11, 34, 4
2016/7/15, 23, 11, 38, 3
2016/7/16, 24, 10, 40, 2
2016/7/17, 26, 17, 3, 19
2016/7/18, 46, , , 
2016/7/20, 56, , , 
2016/7/25, 18, 11, 26, 2
2016/7/26, 19, 17, 30, 1
2016/7/27, 33, 7, 14, 4
2016/7/28, 17, 10, 30, 4
2016/7/29, 20, 8, 25, 2
2016/7/30, 16, 8, 24, 1
2016/7/31, 16, 12, 31, 4
2016/8/1, 25, 13, 25, 7
2016/8/2, 34, 14, 34, 5
2016/8/3, 28, 12, 20, 7
2016/8/4, 22, 12, 18, 6
2016/8/5, 25, 11, 36, 2
2016/8/6, 21, 11, 25, 4
2016/8/7, 24, 11, 17, 3
2016/8/8, 25, 15, 23, 3
2016/8/9, 21, 18, 33, 3
2016/8/10, 31, 17, 30, 6
2016/8/11, 31, 12, 29, 4
2016/8/12, 19, 14, 38, 6
2016/8/13, 32, 15, 44, 7
2016/8/14, 39, 21, 2, 21
2016/8/15, 59, , , 
2016/8/17, 55, 15, 28, 1
2016/8/18, 25, 15, 31, 7
2016/8/19, 29, 13, 27, 2
2016/8/20, 22, 15, 27, 6
2016/8/21, 23, 13, 34, 5
2016/8/22, 28, 14, 48, 9
2016/8/23, 26, 23, 54, 3
2016/8/24, 51, 22, 52, 6
2016/8/25, 52, 23, 40, 4
2016/8/26, 52, 19, 52, 5
2016/8/27, 50, 13, 35, 
2016/8/28, 51, 15, 25, 4
2016/8/29, 22, 19, 34, 7
2016/8/30, 32, 21, 41, 8
2016/8/31, 40, 21, 46, 6
2016/9/1, 36, 22, 25, 11
2016/9/2, 38, , , 
2016/9/5, 30, 13, 23, 6
2016/9/6, 27, 16, 43, 5
2016/9/7, 26, 23, 32, 1
2016/9/8, 38, 18, 29, 5
2016/9/9, 23, 16, 35, 4
2016/9/10, 26, 16, 36, 6
2016/9/11, 38, 24, 42, 12
2016/9/12, 51, 121, 31, 10
2016/9/13, 51, , 23, 7
2016/9/16, 24, 12, 22, 3
2016/9/17, 22, 10, 26, 1
2016/9/18, 24, 17, 31, 8
2016/9/19, 40, 17, 36, 7
2016/9/20, 39, 23, 35, 11
2016/9/21, 48, 24, 36, 11
2016/9/22, 51, 16, 32, 8
2016/9/23, 31, 19, 41, 9
2016/9/24, 49, 15, 28, 2
2016/9/25, 35, 20, 27, 8
2016/9/26, 28, 20, 25, 10
2016/9/27, 37, 19, 25, 10
2016/9/28, 41, 18, 36, 11
2016/9/29, 39, 19, 29, 7
2016/9/30, 48, 9, 24, 4
2016/4/1, 47, 16, 31, 8
2016/4/2, 53, 11, 34, 3
2016/4/3, 37, 11, 27, 11
2016/4/4, 35, 11, 34, 5
2016/4/5, 27, 15, 34, 10
2016/4/6, 35, 10, 35, 5
2016/4/7, 19, 12, 29, 8
2016/4/8, 24, 8, 33, 6
2016/4/9, 15, 11, 34, 3
2016/4/10, 22, 9, 33, 6
2016/4/11, 19, 9, 31, 9
2016/4/12, 26, 9, 35, 8
2016/4/13, 28, 10, 30, 9
2016/4/14, 26, 8, 25, 13
2016/4/15, 34, 7, 28, 5
2016/4/16, 33, 8, 33, 2
2016/4/17, 23, 11, 37, 8
2016/4/18, 37, 10, 36, 7
2016/4/19, 29, 13, 28, 10
2016/4/20, 35, 18, 26, 11
2016/4/21, 55, 11, 34, 5
2016/4/22, 32, 9, 34, 2
2016/4/23, 24, 12, 37, 2
2016/4/24, 36, 14, 31, 8
2016/4/25, 36, 7, 34, 3
2016/4/26, 15, 13, 39, 5
2016/4/27, 27, 12, 35, 9
2016/4/28, 26, 15, 36, 12
2016/4/29, 33, 8, 35, 2
2016/4/30, 20, 9, 36, 3
2016/5/1, 25, 13, 35, 8
2016/5/2, 29, , , 
2016/5/4, 38, 11, 44, 3
2016/5/5, 32, 16, 46, 3
2016/5/6, 38, 12, 42, 2
2016/5/7, 39, 15, 41, 1
2016/5/8, 30, 11, 28, 9
2016/5/9, 33, 7, 37, 4
2016/5/10, 18, 12, 40, 5
2016/5/11, 26, 12, 37, 5
2016/5/12, 27, 9, 34, 3
2016/5/13, 24, 14, 43, 1
2016/5/14, 43, 17, 40, 1
2016/5/15, 48, 15, 43, 4
2016/5/16, 43, 16, 42, 9
2016/5/17, 44, 14, 37, 10
2016/5/18, 41, 12, 31, 3
2016/5/19, 22, 11, 29, 4
2016/5/20, 24, 13, 42, 4
2016/5/21, 31, 9, 32, 1
2016/5/22, 26, 9, 32, 3
2016/5/23, 19, 11, 32, 7
2016/5/24, 22, 13, 41, 5
2016/5/25, 37, 16, 28, 8
2016/5/26, 43, 21, 40, 8
2016/5/27, 55, 15, 40, 2
2016/5/28, 49, 9, 38, 
2016/5/29, 23, 9, 40, 4
2016/5/30, 21, 19, 39, 2
2016/5/31, 47, 15, 33, 4
2016/6/1, 37, 14, 35, 3
2016/6/2, 44, 19, 24, 8
2016/6/3, 50, 10, 32, 2
2016/6/4, 32, 10, 41, 2
2016/6/5, 35, 15, 39, 6
2016/6/6, 46, 16, 45, 6
2016/6/7, 50, 17, 41, 9
2016/6/8, 46, 18, 51, 10
2016/6/9, 51, 16, 39, 6
2016/6/10, 48, 10, 29, 1
2016/6/11, 27, 11, 25, 2
2016/6/13, 18, 11, 24, 4
2016/6/14, 20, 9, 25, 3
2016/6/15, 14, 6, 22, 4
2016/6/16, 17, 10, 33, 4
2016/6/17, 24, 10, 31, 2
2016/6/18, 22, 9, 29, 1
2016/6/19, 22, 10, 27, 5
2016/6/20, 27, 10, 27, 8
2016/6/21, 29, 16, 44, 6
2016/6/22, 40, 21, 41, 5
2016/6/23, 54, 13, 23, 3
2016/6/24, 30, 10, 28, 1
2016/6/25, 25, 10, 29, 1
2016/6/26, 19, 11, 25, 6
2016/6/27, 28, 10, 27, 5
2016/6/28, 27, 9, 19, 4
2016/6/29, 20, 11, 25, 4
2016/6/30, 29, 12, 22, 5
2016/1/4, 34, 10, 28, 11
2016/1/5, 25, 11, 26, 8
2016/1/6, 28, 12, 28, 8
2016/1/7, 29, 13, 22, 13
2016/1/8, 38, 8, 25, 6
2016/1/9, 26, 9, 29, 4
2016/1/10, 23, 11, 30, 4
2016/1/11, 32, 13, 25, 9
2016/1/12, 34, 17, 14, 17
2016/1/13, 50, 11, 19, 14
2016/1/14, 38, 16, 24, 16
2016/1/15, 43, 18, 21, 17
2016/1/16, 53, 26, 20, 11
2016/1/17, 80, 13, 20, 12
2016/1/18, 46, 10, 24, 14
2016/1/19, 36, 23, 12, 18
2016/1/20, 65, 20, 11, 11
2016/1/21, 66, 18, 10, 13
2016/1/22, 63, 11, 15, 9
2016/1/23, 44, 10, 18, 3
2016/1/24, 40, 19, 15, 11
2016/1/25, 61, 20, 14, 14
2016/1/26, 63, 7, 11, 5
2016/1/27, 33, 28, 9, 13
2016/1/28, 79, 19, 22, 18
2016/1/29, 52, 16, 26, 7
2016/1/30, 49, 5, 29, 1
2016/1/31, 17, 5, 24, 7
2016/2/1, 17, 12, 25, 11
2016/2/2, 33, 14, 30, 10
2016/2/3, 28, 21, 23, 16
2016/2/4, 52, 20, 21, 15
2016/2/5, 57, 15, 24, 8
2016/2/6, 48, 10, 32, 3
2016/2/7, 27, 20, 30, 4
2016/2/8, 40, 13, 33, 5
2016/2/9, 32, 14, 28, 14
2016/2/10, 37, 10, 23, 11
2016/2/11, 36, 14, 31, 6
2016/2/12, 29, 28, 31, 2
2016/2/13, 46, 8, 34, 7
2016/2/14, 24, 14, 24, 7
2016/2/15, 44, 14, 23, 9
2016/2/16, 41, 31, 20, 18
2016/2/17, 85, 15, 27, 10
2016/2/18, 42, 21, 27, 13
2016/2/19, 59, 13, 22, 7
2016/2/20, 38, 10, 26, 6
2016/2/21, 39, 17, 22, 12
2016/2/22, 54, 9, 30, 4
2016/2/23, 21, 17, 27, 12
2016/2/24, 35, 12, 21, 10
2016/2/25, 38, 16, 31, 9
2016/2/26, 52, 12, 18, 8
2016/2/27, 44, 31, 17, 5
2016/2/28, 93, 32, 27, 8
2016/2/29, 88, 26, 30, 14
2016/3/1, 60, 10, 31, 3
2016/3/2, 25, 14, 31, 6
2016/3/3, 30, 7, 30, 7
2016/3/4, 20, 9, 30, 6
2016/3/5, 20, 12, 31, 5
2016/3/6, 33, 11, 28, 7
2016/3/7, 29, 15, 29, 12
2016/3/8, 34, 14, 33, 4
2016/3/9, 28, 11, 23, 11
2016/3/10, 32, 18, 24, 9
2016/3/11, 55, 39, 38, 9
2016/3/12, 107, 40, 34, 9
2016/3/13, 116, 32, 28, 16
2016/3/14, 84, 34, 34, 13
2016/3/15, 90, 33, 24, 10
2016/3/16, 89, 21, 27, 10
2016/3/17, 66, 14, 27, 15
2016/3/18, 50, 21, 37, 11
2016/3/19, 66, 17, 28, 7
2016/3/20, 59, 38, 26, 9
2016/3/21, 103, 20, 31, 8
2016/3/22, 60, 26, 33, 8
2016/3/23, 70, 29, 35, 11
2016/3/24, 75, 18, 30, 9
2016/3/25, 51, 11, 27, 4
2016/3/26, 36, 9, 34, 4
2016/3/27, 21, 17, 34, 3
2016/3/28, 33, 16, 29, 9
2016/3/29, 34, , , 
2016/3/31, 32, 18, 32, 10
2015/10/2, 66, 13, 30, 8
2015/10/3, 46, 14, 19, 6
2015/10/4, 50, 10, 25, 7
2015/10/5, 32, 12, 28, 4
2015/10/6, 24, 10, 23, 7
2015/10/7, 19, 16, 21, 11
2015/10/8, 37, 16, 24, 13
2015/10/9, 39, 19, 29, 8
2015/10/10, 58, 18, 16, 11
2015/10/11, 60, 16, 7, 7
2015/10/12, 51, 27, 22, 7
2015/10/13, 75, 21, 25, 8
2015/10/14, 60, 17, 26, 10
2015/10/15, 52, 18, 21, 13
2015/10/16, 62, 19, 23, 8
2015/10/17, 67, 13, 12, 5
2015/10/18, 58, 15, 19, 8
2015/10/19, 51, 15, 24, 7
2015/10/20, 54, 23, 23, 8
2015/10/21, 69, 15, 24, 11
2015/10/22, 51, 13, 26, 11
2015/10/23, 41, 16, 23, 8
2015/10/24, 54, 22, 22, 7
2015/10/25, 63, 20, 25, 8
2015/10/26, 59, 12, 19, 8
2015/10/27, 38, 9, 16, 11
2015/10/28, 28, 12, 17, 9
2015/10/29, 39, 14, 20, 9
2015/10/30, 45, 18, 29, 10
2015/10/31, 52, 17, 33, 5
2015/11/1, 49, 17, 22, 7
2015/11/2, 53, 4, 21, 11
2015/11/3, 29, 11, 23, 12
2015/11/4, 46, 12, 17, 12
2015/11/5, 46, 14, 11, 13
2015/11/6, 39, 16, 20, 10
2015/11/7, 55, 14, 19, 6
2015/11/8, 56, 23, 4, 15
2015/11/9, 65, 24, 8, 11
2015/11/10, 75, 27, 9, 12
2015/11/11, 82, 14, 6, 11
2015/11/12, 53, 17, 13, 10
2015/11/13, 58, 21, 18, 12
2015/11/14, 58, 19, 9, 8
2015/11/15, 71, 27, 16, 13
2015/11/16, 77, 19, 21, 8
2015/11/17, 57, 14, 13, 8
2015/11/18, 30, 19, 17, 8
2015/11/19, 48, 44, 23, 2
2015/11/20, 65, 8, 27, 3
2015/11/21, 25, 13, 21, 12
2015/11/22, 54, 28, 12, 18
2015/11/23, 87, 27, 11, 13
2015/11/24, 81, 7, 21, 7
2015/11/25, 21, 12, 18, 11
2015/11/26, 33, 18, 12, 12
2015/11/27, 56, 13, 25, 6
2015/11/28, 32, 12, 28, 3
2015/11/29, 31, 17, 19, 15
2015/11/30, 45, 21, 10, 18
2015/12/1, 72, 38, 1, 16
2015/12/2, 119, 13, 5, 8
2015/12/3, 59, , , 
2015/12/8, 58, 29, 6, 19
2015/12/9, 75, 35, 6, 18
2015/12/10, 99, 31, 1, 15
2015/12/11, 102, 33, 14, 12
2015/12/12, 100, 30, 9, 14
2015/12/13, 102, 21, 10, 13
2015/12/14, 76, 21, 10, 13
2015/12/15, 68, 39, 1, 15
2015/12/16, 106, 30, 3, 15
2015/12/17, 87, 39, 1, 18
2015/12/18, 105, 28, 15, 8
2015/12/19, 81, 26, 13, 7
2015/12/20, 74, 16, 20, 17
2015/12/21, 59, 26, 7, 15
2015/12/22, 80, 26, 7, 14
2015/12/23, 81, 24, 14, 12
2015/12/24, 73, 20, 17, 8
2015/12/25, 69, 21, 14, 10
2015/12/26, 71, 18, 17, 5
2015/12/27, 64, 18, 18, 8
2015/12/28, 59, 19, 17, 15
2015/12/29, 48, 17, 15, 8
2015/12/30, 53, , , 
2015/7/1, 67, 22, 35, 3
2015/7/2, 55, 21, 62, 6
2015/7/3, 46, 19, 37, 1
2015/7/4, 42, 16, 36, 1
2015/7/5, 36, 19, 54, 6
2015/7/6, 46, 17, 32, 2
2015/7/7, 36, 14, 28, 2
2015/7/8, 28, 16, 36, 3
2015/7/9, 35, 83, 54, 5
2015/7/10, 62, 20, 32, 
2015/7/11, 46, 12, 26, 1
2015/7/12, 30, 14, 27, 3
2015/7/13, 34, 12, 23, 1
2015/7/14, 36, 27, 38, 6
2015/7/15, 43, 22, 32, 5
2015/7/16, 55, 19, 34, 6
2015/7/17, 45, 18, 47, 3
2015/7/18, 52, 14, 30, 
2015/7/19, 38, 19, 26, 7
2015/7/20, 47, 16, 34, 3
2015/7/21, 42, 14, 23, 3
2015/7/22, 34, 15, 38, 5
2015/7/23, 35, 29, 29, 7
2015/7/24, 67, 13, 33, 
2015/7/25, 23, 20, 34, 5
2015/7/26, 50, 17, 25, 1
2015/7/27, 33, 17, 30, 5
2015/7/28, 39, 10, 32, 2
2015/7/29, 29, 17, 42, 5
2015/7/30, 39, 14, 27, 8
2015/7/31, 40, 17, 45, 2
2015/8/1, 42, 15, 50, 4
2015/8/2, 46, 23, 54, 8
2015/8/3, 58, 14, 26, 3
2015/8/4, 37, 18, 42, 4
2015/8/5, 45, 23, 41, 5
2015/8/6, 52, 16, 31, 3
2015/8/7, 38, 14, 23, 4
2015/8/8, 40, 10, 31, 3
2015/8/9, 29, 19, 44, 9
2015/8/10, 50, 21, 45, 6
2015/8/11, 51, 24, 51, 6
2015/8/12, 65, 13, 33, 3
2015/8/13, 47, 14, 30, 1
2015/8/14, 34, 13, 26, 3
2015/8/15, 31, 17, 30, 3
2015/8/16, 41, 15, 33, 4
2015/8/17, 45, 14, 33, 3
2015/8/18, 38, 18, 33, 7
2015/8/19, 44, 14, 39, 6
2015/8/20, 38, 16, 32, 7
2015/8/21, 44, 20, 35, 6
2015/8/22, 61, 11, 29, 1
2015/8/23, 35, 19, 25, 1
2015/8/24, 36, , , 
2015/4/1, 36, 17, 31, 10
2015/4/2, 38, 14, 29, 10
2015/4/3, 39, 7, 25, 2
2015/4/4, 19, 13, 33, 2
2015/4/5, 49, 8, 35, 3
2015/4/6, 32, 13, 37, 8
2015/4/7, 46, 16, 39, 12
2015/4/8, 50, 20, 39, 18
2015/4/9, 55, 20, 33, 11
2015/4/10, 51, 13, 35, 4
2015/4/11, 46, 14, 39, 8
2015/4/12, 45, 20, 40, 13
2015/4/13, 52, 21, 40, 12
2015/4/14, 52, 22, 41, 13
2015/4/15, 48, 28, 31, 11
2015/4/16, 58, 23, 34, 5
2015/4/17, 51, 20, 27, 7
2015/4/18, 55, 8, 36, 3
2015/4/19, 28, 11, 33, 6
2015/4/20, 37, 15, 41, 10
2015/4/21, 46, 15, 39, 10
2015/4/22, 49, 21, 39, 3
2015/4/23, 52, 16, 27, 8
2015/4/24, 53, 12, 35, 5
2015/4/25, 39, 10, 31, 1
2015/4/26, 36, 12, 32, 2
2015/4/27, 35, 14, 29, 5
2015/4/28, 35, 12, 33, 8
2015/4/29, 33, 11, 35, 7
2015/4/30, 33, 8, 23, 2
2015/5/1, 23, 11, 15, 3
2015/5/2, 28, 9, 23, 2
2015/5/3, 24, 15, 24, 4
2015/5/4, 42, 22, 37, 1
2015/5/5, 31, 15, 39, 5
2015/5/6, 27, 15, 40, 8
2015/5/7, 36, 14, 38, 1
2015/5/8, 33, 8, 33, 
2015/5/9, 19, 10, 40, 3
2015/5/10, 28, 20, 36, 5
2015/5/11, 55, 17, 32, 5
2015/5/12, 54, 22, 31, 4
2015/5/13, 63, 15, 35, 2
2015/5/14, 39, 9, 34, 1
2015/5/15, 22, 11, 34, 1
2015/5/16, 30, 13, 34, 1
2015/5/17, 37, 15, 35, 3
2015/5/18, 43, 13, 32, 2
2015/5/19, 25, 8, 33, 5
2015/5/20, 21, 14, 32, 6
2015/5/21, 33, 17, 37, 5
2015/5/22, 40, 10, 26, 1
2015/5/23, 28, 10, 32, 1
2015/5/24, 32, 10, 25, 1
2015/5/25, 30, 16, 36, 4
2015/5/26, 38, 16, 42, 6
2015/5/27, 45, 15, 36, 4
2015/5/28, 40, 9, 28, 2
2015/5/29, 24, 10, 31, 5
2015/5/30, 31, 9, 27, 4
2015/5/31, 28, 12, 22, 7
2015/6/1, 29, 14, 32, 6
2015/6/2, 40, 16, 31, 4
2015/6/3, 41, 20, 56, 9
2015/6/4, 53, 26, 42, 4
2015/6/5, 65, 17, 37, 1
2015/6/6, 45, 16, 42, 3
2015/6/7, 46, 21, 49, 8
2015/6/8, 44, 21, 54, 4
2015/6/9, 49, 22, 38, 8
2015/6/10, 55, 21, 34, 11
2015/6/11, 59, 17, 38, 4
2015/6/12, 47, 15, 34, 2
2015/6/13, 42, 18, 35, 1
2015/6/14, 47, 13, 37, 2
2015/6/15, 39, 20, 38, 3
2015/6/16, 55, 20, 46, 6
2015/6/17, 45, 18, 39, 5
2015/6/18, 43, 17, 36, 2
2015/6/19, 38, 17, 42, 3
2015/6/20, 43, 16, 42, 3
2015/6/21, 44, 15, 33, 5
2015/6/22, 32, 15, 31, 2
2015/6/23, 33, 16, 46, 5
2015/6/24, 35, 17, 56, 10
2015/6/25, 37, 22, 61, 10
2015/6/26, 52, 10, 27, 1
2015/6/27, 26, 12, 33, 2
2015/6/28, 33, 15, 44, 5
2015/6/29, 34, 23, 74, 8
2015/6/30, 51, 30, 55, 4
2015/1/1, 139, 32, 6, 12
2015/1/2, 92, 26, 20, 8
2015/1/3, 73, 13, 23, 9
2015/1/4, 33, 21, 6, 12
2015/1/5, 66, 22, 4, 11
2015/1/6, 66, 29, 2, 15
2015/1/7, 81, 23, 13, 14
2015/1/8, 62, 10, 19, 9
2015/1/9, 23, 9, 23, 4
2015/1/10, 20, 16, 27, 9
2015/1/11, 38, 29, 11, 20
2015/1/12, 74, 21, 4, 15
2015/1/13, 64, 16, 25, 13
2015/1/14, 30, 18, 11, 15
2015/1/15, 48, 10, 24, 19
2015/1/16, 32, 11, 23, 12
2015/1/17, 34, 12, 18, 6
2015/1/18, 41, 11, 15, 12
2015/1/19, 40, 35, 8, 19
2015/1/20, 95, 16, 16, 16
2015/1/21, 36, 23, 18, 10
2015/1/22, 58, 42, 9, 14
2015/1/23, 107, 41, 11, 16
2015/1/24, 114, 30, 22, 18
2015/1/25, 75, 38, 18, 17
2015/1/26, 92, 19, 22, 13
2015/1/27, 41, 12, 26, 10
2015/1/28, 29, 14, 30, 4
2015/1/29, 23, 13, 32, 11
2015/1/30, 28, 8, 25, 8
2015/1/31, 24, 13, 28, 7
2015/2/1, 30, 16, 18, 16
2015/2/2, 49, 18, 22, 13
2015/2/3, 49, 19, 16, 10
2015/2/4, 58, 15, 24, 8
2015/2/5, 42, 21, 14, 10
2015/2/6, 66, 34, 21, 10
2015/2/7, 95, 22, 24, 8
2015/2/8, 65, 20, 24, 14
2015/2/9, 45, 35, 19, 27
2015/2/10, 80, 51, 17, 27
2015/2/11, 125, 49, 18, 23
2015/2/12, 123, 27, 31, 11
2015/2/13, 63, 12, 32, 4
2015/2/14, 23, 11, 28, 8
2015/2/15, 35, 16, 24, 14
2015/2/16, 52, 14, 24, 6
2015/2/17, 45, 22, 17, 13
2015/2/18, 63, 28, 24, 17
2015/2/19, 77, 19, 25, 13
2015/2/20, 60, 7, 32, 6
2015/2/21, 20, 11, 32, 6
2015/2/22, 29, 10, 33, 2
2015/2/23, 20, 11, 33, 4
2015/2/24, 22, 12, 30, 9
2015/2/25, 29, 5, 29, 5
2015/2/26, 15, 15, 34, 6
2015/2/27, 30, 14, 27, 9
2015/2/28, 39, 4, 29, 2
2015/3/1, 13, 8, 32, 5
2015/3/2, 17, 11, 27, 11
2015/3/3, 32, 11, 32, 6
2015/3/4, 21, 19, 30, 13
2015/3/5, 43, 23, 29, 22
2015/3/6, 60, 33, 30, 22
2015/3/7, 91, 24, 35, 12
2015/3/8, 66, 29, 34, 14
2015/3/9, 70, 43, 22, 19
2015/3/10, 111, 45, 36, 13
2015/3/11, 116, 16, 36, 5
2015/3/12, 51, 14, 35, 6
2015/3/13, 35, 22, 28, 7
2015/3/14, 63, 41, 29, 8
2015/3/15, 114, 39, 27, 12
2015/3/16, 109, 20, 36, 16
2015/3/17, 56, 16, 29, 13
2015/3/18, 47, 51, 24, 15
2015/3/19, 122, 57, 20, 8
2015/3/20, 154, 43, 34, 9
2015/3/21, 91, 20, 30, 5
2015/3/22, 65, 19, 24, 15
2015/3/23, 58, 25, 21, 14
2015/3/24, 73, 12, 31, 8
2015/3/25, 35, 14, 29, 10
2015/3/26, 26, 16, 33, 5
2015/3/27, 32, 5, 29, 2
2015/3/28, 15, 13, 31, 1
2015/3/29, 26, 10, 32, 2
2015/3/30, 24, 10, 30, 2
2015/3/31, 25, 20, 34, 6
2014/10/1, 48, 18, 31, 12
2014/10/2, 45, 25, 30, 19
2014/10/3, 57, 24, 38, 7
2014/10/4, 59, 9, 27, 5
2014/10/5, 23, 13, 17, 12
2014/10/6, 40, 15, 27, 8
2014/10/7, 28, 14, 20, 6
2014/10/8, 32, 11, 22, 9
2014/10/9, 33, 22, 15, 11
2014/10/10, 53, 12, 16, 7
2014/10/11, 41, 9, 30, 2
2014/10/12, 25, 11, 23, 11
2014/10/13, 32, 15, 26, 10
2014/10/14, 39, 14, 21, 10
2014/10/15, 38, 11, 11, 10
2014/10/16, 36, 12, 21, 12
2014/10/17, 31, 15, 24, 6
2014/10/18, 43, 19, 27, 4
2014/10/19, 52, 33, 15, 13
2014/10/20, 66, 18, 28, 4
2014/10/21, 38, 25, 26, 10
2014/10/22, 47, 30, 21, 15
2014/10/23, 64, 31, 19, 18
2014/10/24, 68, 35, 13, 15
2014/10/25, 89, 16, 18, 8
2014/10/26, 55, 25, 21, 13
2014/10/27, 59, 26, 21, 12
2014/10/28, 63, 28, 22, 14
2014/10/29, 63, 28, 19, 15
2014/10/30, 67, 24, 21, 15
2014/10/31, 59, 25, 23, 8
2014/11/1, 64, 19, 16, 5
2014/11/2, 58, 11, 22, 6
2014/11/3, 32, 11, 26, 14
2014/11/4, 31, 19, 17, 16
2014/11/5, 52, 14, 20, 11
2014/11/6, 44, 17, 27, 9
2014/11/7, 33, 19, 19, 9
2014/11/8, 43, 9, 22, 6
2014/11/9, 32, 9, 19, 8
2014/11/10, 39, 11, 14, 6
2014/11/11, 46, 9, 20, 12
2014/11/12, 31, 12, 14, 10
2014/11/13, 42, 15, 13, 14
2014/11/14, 54, 9, 22, 6
2014/11/15, 33, 8, 30, 3
2014/11/16, 24, 7, 23, 11
2014/11/17, 28, 19, 23, 16
2014/11/18, 56, 22, 11, 13
2014/11/19, 72, 20, 12, 11
2014/11/20, 65, 19, 14, 12
2014/11/21, 63, 23, 14, 8
2014/11/22, 62, 23, 16, 6
2014/11/23, 56, 31, 6, 14
2014/11/24, 70, 15, 7, 11
2014/11/25, 51, 23, 1, 18
2014/11/26, 65, 13, 12, 8
2014/11/27, 46, 15, 21, 7
2014/11/28, 37, 23, 21, 5
2014/11/29, 51, 12, 22, 4
2014/11/30, 41, 17, 7, 9
2014/12/1, 61, 17, 4, 11
2014/12/2, 56, 11, 4, 9
2014/12/3, 40, 17, 1, 9
2014/12/4, 59, 19, 4, 10
2014/12/5, 64, 19, 20, 8
2014/12/6, 61, 19, 20, 9
2014/12/7, 61, 14, 19, 12
2014/12/8, 47, 24, 20, 18
2014/12/9, 60, 19, 26, 11
2014/12/10, 56, 14, 21, 12
2014/12/11, 29, 17, 15, 9
2014/12/12, 45, 25, 7, 9
2014/12/13, 72, 32, 2, 7
2014/12/14, 87, 15, 15, 11
2014/12/15, 43, 14, 11, 13
2014/12/16, 45, 10, 25, 7
2014/12/17, 23, 6, 25, 7
2014/12/18, 13, 9, 21, 11
2014/12/19, 20, 9, 23, 6
2014/12/20, 21, 31, 16, 17
2014/12/21, 82, 54, 7, 19
2014/12/22, 131, 41, , 14
2014/12/23, 112, 20, 10, 9
2014/12/24, 61, 19, 22, 9
2014/12/25, 52, 17, 19, 13
2014/12/26, 53, 15, 28, 4
2014/12/27, 30, 9, 22, 4
2014/12/28, 30, , , 
2014/7/1, 44, 15, 39, 4
2014/7/2, 41, 21, 43, 5
2014/7/3, 55, 16, 41, 7
2014/7/4, 48, 11, 24, 1
2014/7/5, 32, 9, 25, 2
2014/7/6, 28, 11, 25, 7
2014/7/7, 30, 9, 25, 4
2014/7/8, 24, 10, 33, 1
2014/7/9, 22, 15, 31, 2
2014/7/10, 35, 11, 21, 2
2014/7/11, 27, 10, 27, 1
2014/7/12, 29, 8, 19, 1
2014/7/13, 25, 12, 27, 
2014/7/14, 26, 15, 37, 8
2014/7/15, 43, 17, 32, 7
2014/7/16, 44, 20, 56, 6
2014/7/17, 64, 25, 28, 5
2014/7/18, 74, 18, 28, 1
2014/7/19, 59, 8, 24, 2
2014/7/20, 45, 11, 22, 2
2014/7/21, 42, 13, 34, 4
2014/7/22, 39, 18, 46, 6
2014/7/23, 58, 27, 48, 7
2014/7/24, 73, 19, 42, 4
2014/7/25, 76, 18, 48, 2
2014/7/28, 27, 11, 33, 3
2014/7/29, 41, 14, 33, 2
2014/7/30, 45, 13, 36, 4
2014/7/31, 43, 12, 27, 7
2014/8/1, 39, 11, 25, 3
2014/8/2, 43, 8, 25, 2
2014/8/3, 29, 9, 28, 3
2014/8/4, 26, 10, 30, 5
2014/8/5, 28, 9, 19, 4
2014/8/6, 20, 9, 20, 2
2014/8/7, 24, 9, 21, 6
2014/8/8, 29, 9, 13, 7
2014/8/9, 25, 11, 23, 3
2014/8/10, 32, 10, 26, 2
2014/8/11, 25, 11, 24, 5
2014/8/12, 25, 8, 27, 2
2014/8/13, 22, 8, 25, 5
2014/8/14, 25, 7, 31, 1
2014/8/15, 26, 9, 33, 4
2014/8/16, 30, 9, 9, 7
2014/8/17, 26, 9, 34, 4
2014/8/18, 31, 11, 30, 3
2014/8/19, 30, 11, 30, 4
2014/8/20, 27, 11, 35, 7
2014/8/21, 34, 8, 31, 5
2014/8/22, 24, 7, 27, 3
2014/8/23, 24, 8, 26, 4
2014/8/24, 30, 9, 32, 4
2014/8/25, 31, 7, 20, 5
2014/8/26, 26, 9, 27, 5
2014/8/27, 27, 13, 24, 8
2014/8/28, 39, 8, 23, 4
2014/8/29, 24, 11, 33, 3
2014/8/30, 33, 10, 24, 2
2014/8/31, 30, 14, 34, 7
2014/9/1, 41, 11, 33, 7
2014/9/2, 31, 11, 39, 8
2014/9/3, 39, 16, 44, 8
2014/9/4, 49, 13, 41, 6
2014/9/5, 44, 15, 40, 6
2014/9/6, 55, 14, 38, 8
2014/9/7, 50, 18, 37, 4
2014/9/8, 51, 19, 37, 10
2014/9/9, 54, 18, 39, 8
2014/9/10, 51, 25, 42, 9
2014/9/11, 64, 21, 37, 9
2014/9/12, 56, 10, 38, 5
2014/9/13, 35, 12, 36, 6
2014/9/14, 43, 19, 42, 10
2014/9/15, 52, 18, 32, 7
2014/9/16, 44, 13, 29, 8
2014/9/17, 36, 12, 23, 8
2014/9/18, 31, 14, 33, 8
2014/9/19, 35, 12, 34, 4
2014/9/20, 41, 12, 34, 2
2014/9/21, 38, 15, 32, 4
2014/9/22, 43, 15, 25, 9
2014/9/23, 59, 12, 33, 9
2014/9/25, 56, 22, 30, 14
2014/9/26, 45, 19, 36, 9
2014/9/27, 51, 20, 30, 5
2014/9/28, 55, 20, 24, 10
2014/9/29, 53, 19, 33, 7
2014/9/30, 52, 19, 29, 8
2014/5/31, 40, 16, 43, 2
2014/6/1, 59, 15, 43, 4
2014/6/2, 51, 13, 32, 6
2014/6/3, 47, 14, 31, 2
2014/6/4, 38, 14, 36, 6
2014/6/5, 42, 19, 42, 4
2014/6/6, 59, 23, 36, 2
2014/6/7, 63, 12, 42, 2
2014/6/8, 52, 16, 38, 1
2014/6/9, 53, 11, 34, 3
2014/6/10, 42, 16, 40, 5
2014/6/11, 52, 20, 53, 6
2014/6/12, 64, 22, 58, 4
2014/6/13, 67, 19, 47, 2
2014/6/14, 59, 12, 37, 2
2014/6/15, 42, 18, 40, 4
2014/6/16, 52, 20, 36, 4
2014/6/17, 54, 24, 40, 6
2014/6/18, 58, 16, 47, 6
2014/6/19, 60, 18, 54, 7
2014/6/20, 51, 17, 56, 5
2014/6/21, 48, 19, 43, 2
2014/6/22, 57, 11, 43, 4
2014/6/23, 36, 18, 48, 6
2014/6/24, 51, 17, 53, 4
2014/6/25, 50, 17, 40, 2
2014/6/26, 49, 14, 36, 7
2014/6/27, 38, 12, 29, 2
2014/6/28, 34, 9, 33, 
2014/6/29, 24, 14, 25, 7
2014/6/30, 37, 14, 29, 7
2023/5/27, , 17, 45, 3
2023/1/1, , 14, 10, 14
2021/9/29, , 12, 26, 9
2020/3/31, , 9, 31, 3
2019/12/31, , 24, 19, 7
2018/12/31, , 8, 19, 5
2018/4/17, , 19, 38, 10
2017/12/31, , 22, 34, 2
2018/1/26, , 21, 15, 12
2018/1/27, , 30, 14, 11
2018/1/28, , 11, 15, 9
2018/1/29, , 20, 6, 16
2018/2/4, , 13, 12, 6
2017/12/24, , 18, 13, 8
2016/10/11, , 14, 22, 9
2016/11/2, , 28, 11, 14
2016/12/1, , 57, 5, 23
2016/12/18, , 21, 5, 9
2016/12/22, , 11, 18, 11
2016/7/19, , 28, 35, 2
2016/7/24, , 9, 25, 3
2016/8/16, , 24, 40, 5
2016/9/4, , 14, 26, 4
2016/9/15, , 15, 21, 5
2016/5/3, , 16, 40, 8
2016/6/12, , 8, 25, 2
2016/1/3, , 18, 26, 8
2016/3/30, , 10, 23, 7
2015/10/1, , 23, 19, 16
2015/12/7, , 19, 15, 12
2014/12/31, , 56, 14, 14
2014/7/26, , 16, 42, 2
2014/7/27, , 11, 24, 2
2014/9/24, , 23, 31, 11
2014/5/30, , 10, 36, 2
2022/4/5, , , 27, 3
2022/4/6, , , 28, 2
2022/4/7, , , 34, 2
2016/9/14, , , 22, 5