date, pm25, pm10, o3, no2, so2
2024/1/1, 25, 4, 30, 3, 
2024/1/2, 13, 10, 29, 4, 
2024/1/3, 29, 13, 33, 7, 
2024/1/4, 35, 9, 28, 10, 
2024/1/5, 25, 9, 20, 8, 
2024/1/6, 32, 13, 22, 5, 
2024/1/7, 43, 14, 23, 8, 
2024/1/8, 49, 17, 11, 8, 
2024/1/9, 55, 24, 9, 11, 
2024/1/10, 68, 27, 20, 13, 
2024/1/11, 78, 14, 23, 6, 
2024/1/12, 44, 22, , , 
2024/1/13, 72, 22, , , 
2024/1/14, 73, 17, 11, 20, 
2024/1/15, 49, 31, 8, 21, 
2024/1/16, 81, 12, 26, 10, 
2024/1/17, 47, 19, 22, 13, 
2024/1/18, 60, 39, 2, 26, 
2024/1/19, 110, 28, 17, 16, 
2024/1/20, 88, 11, 26, 7, 
2024/1/21, 43, 11, 29, 4, 
2024/1/22, 30, 15, 27, 9, 
2024/1/23, 40, 21, 28, 7, 
2024/1/24, 48, 9, 22, 11, 
2024/1/25, 30, 14, 25, 9, 
2024/1/26, 36, 23, 8, 15, 
2024/1/27, 66, 17, 6, 12, 
2024/1/28, 59, 21, , 10, 
2024/1/29, 69, , , , 
2023/10/1, 41, 21, 24, 10, 1
2023/10/2, 53, 11, 29, 6, 1
2023/10/3, 32, 13, 23, 9, 1
2023/10/4, 32, 15, 21, 10, 1
2023/10/5, 32, 14, 27, 9, 1
2023/10/6, 33, 14, 27, 10, 1
2023/10/7, 39, 15, 22, 8, 1
2023/10/8, 39, 21, 22, 12, 2
2023/10/9, 52, 23, 25, 13, 1
2023/10/10, 45, 23, 25, 11, 1
2023/10/11, 46, 19, 13, 12, 1
2023/10/12, 45, 30, 30, 6, 1
2023/10/13, 58, 10, 22, 6, 1
2023/10/14, 25, 7, 25, 5, 1
2023/10/15, 23, 15, 23, 5, 1
2023/10/16, 26, 11, 18, 5, 1
2023/10/17, 25, 10, 24, 5, 1
2023/10/18, 25, 11, 20, 7, 1
2023/10/19, 27, 8, 22, 10, 1
2023/10/20, 18, 5, 26, 4, 1
2023/10/21, 15, 7, 24, 6, 1
2023/10/22, 21, 12, 13, 8, 1
2023/10/23, 33, 10, 23, 9, 1
2023/10/24, 25, 6, 19, 7, 1
2023/10/25, 17, 12, 18, 9, 1
2023/10/26, 31, 10, 22, 9, 1
2023/10/27, 26, 6, 24, 5, 1
2023/10/28, 18, 8, 27, 5, 1
2023/10/29, 18, 8, 15, 11, 1
2023/10/30, 21, 10, 19, 8, 1
2023/10/31, 25, 8, 24, 5, 1
2023/11/1, 19, 7, 29, 2, 1
2023/11/2, 15, 7, 22, 6, 1
2023/11/3, 17, 7, 27, 4, 1
2023/11/4, 21, 7, 26, 4, 1
2023/11/5, 19, 10, 24, 10, 1
2023/11/6, 25, 8, 24, 11, 1
2023/11/7, 20, 8, 25, 7, 1
2023/11/8, 21, 8, 23, 8, 
2023/11/9, 22, 7, 24, 5, 
2023/11/10, 20, 13, 15, 14, 
2023/11/11, 40, 9, 27, 8, 
2023/11/12, 32, 13, 25, 7, 
2023/11/13, 35, 14, 25, 5, 
2023/11/14, 36, 17, 21, 13, 
2023/11/15, 41, 9, 19, 10, 
2023/11/16, 29, 12, 16, 15, 
2023/11/17, 34, 7, 16, 10, 
2023/11/18, 23, 14, 27, 5, 
2023/11/19, 38, 9, 25, 7, 
2023/11/20, 24, 6, 16, 5, 
2023/11/21, 17, 14, 13, 12, 
2023/11/22, 40, 13, 27, 10, 
2023/11/23, 33, 12, 28, 5, 
2023/11/24, 31, 13, 23, 10, 
2023/11/25, 39, 18, 15, 12, 
2023/11/26, 58, 8, 24, 9, 
2023/11/27, 27, 12, 19, 12, 
2023/11/28, 37, 18, 9, 18, 
2023/11/29, 59, 19, 15, 10, 
2023/11/30, 59, 25, 11, 11, 
2023/12/1, 76, 32, 7, 14, 1
2023/12/2, 93, 21, 15, 8, 
2023/12/3, 68, 8, 20, 9, 
2023/12/4, 30, 7, 12, 9, 
2023/12/5, 28, 23, 2, 17, 
2023/12/6, 61, 20, 12, 8, 
2023/12/7, 63, 17, 14, 15, 
2023/12/8, 46, 14, 30, 5, 
2023/12/9, 37, 17, 27, 5, 
2023/12/10, 46, 22, 24, 11, 
2023/12/11, 54, 12, 23, 10, 
2023/12/12, 34, 10, 23, 8, 
2023/12/13, 33, 9, 14, 9, 
2023/12/14, 29, 21, 14, 14, 
2023/12/15, 60, , , , 
2023/12/19, 33, 14, 25, 13, 
2023/12/20, 33, 11, 30, 4, 
2023/12/21, 34, 11, 30, 3, 
2023/12/22, 31, 8, 28, 5, 
2023/12/23, 21, 10, 28, 4, 
2023/12/24, 31, 4, 28, 3, 
2023/12/25, 13, 12, 26, 9, 
2023/12/26, 35, 10, 20, 6, 
2023/12/27, 33, 12, 26, 4, 
2023/12/28, 32, 10, 28, 4, 
2023/12/29, 29, 9, 24, 5, 
2023/12/30, 31, 7, 30, 1, 
2023/12/31, 20, 10, 28, 3, 
2023/7/1, 31, 26, 35, 3, 1
2023/7/2, 67, 15, 29, 3, 1
2023/7/3, 40, 14, 24, 5, 1
2023/7/4, 33, 10, 29, 3, 1
2023/7/5, 25, 10, 34, 5, 1
2023/7/6, 24, 15, 43, 6, 1
2023/7/7, 32, 12, 40, 6, 1
2023/7/8, 31, 9, 28, 2, 1
2023/7/9, 24, 9, 31, 4, 1
2023/7/10, 21, 9, 30, 4, 1
2023/7/11, 19, 9, 30, 3, 1
2023/7/12, 23, 10, 27, 5, 1
2023/7/13, 25, 11, 33, 3, 1
2023/7/14, 23, 7, 29, 3, 1
2023/7/15, 16, 10, 22, 3, 1
2023/7/16, 31, 9, 28, 5, 1
2023/7/17, 21, 10, 36, 4, 1
2023/7/18, 19, 11, 28, 4, 1
2023/7/19, 23, 14, 32, 5, 1
2023/7/20, 33, 10, 34, 4, 1
2023/7/21, 24, 11, 29, 5, 1
2023/7/22, 27, 6, 25, 3, 1
2023/7/23, 17, 6, 23, 3, 1
2023/7/24, 15, 6, 27, 2, 1
2023/7/25, 17, 9, 26, 6, 1
2023/7/26, 22, 7, 18, 5, 1
2023/7/27, 16, 5, 22, 3, 1
2023/7/28, 14, 7, 29, 3, 1
2023/7/29, 18, 10, 26, 3, 1
2023/7/30, 28, 7, 21, 4, 1
2023/7/31, 19, 9, 23, 4, 1
2023/8/1, 26, 6, 25, 4, 1
2023/8/2, 14, 7, 29, 3, 1
2023/8/3, 19, 9, 28, 4, 1
2023/8/4, 26, 8, 23, 4, 1
2023/8/5, 21, 6, 30, 1, 1
2023/8/6, 14, 8, 25, 4, 1
2023/8/7, 21, 10, 28, 5, 1
2023/8/8, 22, 6, 23, 3, 1
2023/8/9, 15, 11, 34, 6, 1
2023/8/10, 23, 12, 20, 6, 1
2023/8/11, 27, 7, 27, 4, 1
2023/8/12, 19, 7, 27, 3, 1
2023/8/13, 21, 10, 30, 4, 1
2023/8/14, 22, 9, 32, 3, 1
2023/8/15, 24, 8, 28, 2, 1
2023/8/16, 15, 13, 36, 3, 1
2023/8/17, 32, 23, 25, 4, 1
2023/8/18, 63, 8, 28, 3, 1
2023/8/19, 20, 8, 31, 2, 1
2023/8/20, 20, 8, 27, 2, 1
2023/8/21, 18, 10, 28, 4, 1
2023/8/22, 18, 12, 31, 4, 1
2023/8/23, 24, 14, 28, 5, 1
2023/8/24, 36, 11, 30, 3, 1
2023/8/25, 29, 6, 25, 4, 1
2023/8/26, 14, 6, 25, 3, 1
2023/8/27, 17, 6, 30, 3, 1
2023/8/28, 16, 10, 26, 6, 1
2023/8/29, 23, 8, 29, 5, 1
2023/8/30, 22, 10, 17, 9, 1
2023/8/31, 26, 6, 19, 6, 1
2023/9/1, 16, 7, 22, 2, 1
2023/9/2, 18, 10, 27, 2, 1
2023/9/3, 34, 10, 33, 3, 1
2023/9/4, 24, 16, 35, 7, 1
2023/9/5, 34, 24, 42, 8, 1
2023/9/6, 45, 16, 48, 7, 1
2023/9/7, 36, 24, 50, 10, 1
2023/9/8, 44, 28, 43, 7, 1
2023/9/9, 56, 22, 45, 4, 1
2023/9/10, 52, 16, 20, 6, 1
2023/9/11, 48, 11, 25, 5, 1
2023/9/12, 35, 13, 27, 4, 1
2023/9/13, 32, 14, , , 1
2023/9/14, 36, 13, 35, 7, 1
2023/9/15, 35, 13, 32, 5, 
2023/9/16, 33, 11, 22, 5, 1
2023/9/17, 33, 9, 26, 5, 1
2023/9/18, 21, 11, 24, 6, 1
2023/9/19, 28, 10, 28, 5, 1
2023/9/20, 23, 6, 23, 5, 1
2023/9/21, 15, 5, 22, 7, 1
2023/9/22, 14, 7, 27, 6, 1
2023/9/23, 21, 8, 30, 5, 1
2023/9/24, 25, 9, 20, 7, 1
2023/9/25, 22, 11, 25, 7, 1
2023/9/26, 25, 13, 27, 7, 
2023/9/27, 32, 18, 22, 7, 1
2023/9/28, 40, 11, 26, 5, 1
2023/9/29, 29, 13, 25, 7, 1
2023/9/30, 40, 12, 23, 7, 1
2023/4/1, 30, 10, 35, 2, 1
2023/4/2, 30, 14, 30, 5, 1
2023/4/3, 47, 12, 36, 8, 1
2023/4/4, 36, 26, 37, 12, 1
2023/4/5, 68, 14, 39, 8, 1
2023/4/6, 45, 11, 32, 7, 1
2023/4/7, 31, 11, 33, 6, 1
2023/4/8, 36, 14, 37, 6, 1
2023/4/9, 48, 10, 31, 8, 1
2023/4/10, 34, 13, 29, 8, 1
2023/4/11, 31, 6, 37, 5, 1
2023/4/12, 15, 13, 35, 6, 1
2023/4/13, 34, 9, 26, 10, 
2023/4/14, 27, 10, 30, 5, 
2023/4/15, 31, 15, 41, 8, 
2023/4/16, 49, 17, 29, 7, 1
2023/4/17, 55, 36, 36, 5, 1
2023/4/18, 95, 17, 31, 4, 1
2023/4/19, 53, 17, 37, 5, 1
2023/4/20, 43, 15, 37, 8, 1
2023/4/21, 51, 15, 35, 8, 1
2023/4/22, 48, 7, 40, 4, 
2023/4/23, 21, 11, 37, 7, 1
2023/4/24, 34, 11, 38, 4, 1
2023/4/25, 31, 13, 34, 5, 1
2023/4/26, 36, 12, 29, 6, 
2023/4/27, 35, 7, 27, 5, 1
2023/4/28, 20, 13, 31, 3, 1
2023/4/29, 46, 16, 35, 4, 1
2023/4/30, 53, 17, 33, 4, 1
2023/5/1, 53, 14, 33, 7, 1
2023/5/2, 41, 16, 39, 5, 1
2023/5/3, 42, 14, 36, 5, 1
2023/5/4, 32, 8, 29, 7, 1
2023/5/5, 19, 10, 23, 6, 1
2023/5/6, 29, 9, 24, 4, 1
2023/5/7, 33, 12, 25, 4, 1
2023/5/8, 41, 7, 28, 7, 1
2023/5/9, 23, 10, 31, 4, 1
2023/5/10, 29, 10, 35, 4, 1
2023/5/11, 27, 10, 25, 4, 1
2023/5/12, 32, 29, 41, 3, 1
2023/5/13, 78, 21, 39, 2, 1
2023/5/14, 62, 16, 33, 3, 1
2023/5/15, 53, 9, 34, 5, 1
2023/5/16, 22, 12, 36, 5, 1
2023/5/17, 31, 14, 38, 4, 1
2023/5/18, 41, 19, 39, 5, 1
2023/5/19, 54, 18, 35, 3, 1
2023/5/20, 48, 19, 37, 3, 1
2023/5/21, 52, 16, 33, 3, 1
2023/5/22, 47, 16, 33, 3, 1
2023/5/23, 45, 11, 36, 3, 1
2023/5/24, 29, 18, 38, 4, 1
2023/5/25, 52, 22, 42, 3, 1
2023/5/26, 54, 21, 38, 3, 1
2023/5/27, 53, 20, 44, 3, 1
2023/5/28, 57, 18, 37, 2, 1
2023/5/29, 47, 18, 38, 3, 1
2023/5/30, 43, 19, 43, 3, 1
2023/5/31, 48, 23, 38, 3, 1
2023/6/1, 59, 15, 35, 2, 1
2023/6/2, 38, 21, 44, 3, 1
2023/6/3, 51, 11, 43, 2, 1
2023/6/4, 20, 15, 40, 3, 1
2023/6/5, 38, 18, 41, 3, 1
2023/6/6, 47, 22, 53, 3, 1
2023/6/7, 60, 26, 47, 4, 1
2023/6/8, 65, 23, 54, 5, 1
2023/6/9, 57, 17, 46, 5, 1
2023/6/10, 44, 19, 35, 4, 1
2023/6/11, 56, 8, 34, 3, 1
2023/6/12, 22, 18, 63, 4, 1
2023/6/13, 47, 25, 70, 7, 1
2023/6/14, 56, 22, 65, 8, 1
2023/6/15, 49, 21, 62, 7, 1
2023/6/16, 50, 22, 49, 5, 1
2023/6/17, 57, 12, 27, 5, 1
2023/6/18, 34, 16, 29, 4, 1
2023/6/19, 45, 15, 26, 5, 1
2023/6/20, 39, 10, 35, 4, 1
2023/6/21, 25, 9, 35, 4, 1
2023/6/22, 23, 11, 42, 5, 1
2023/6/23, 34, 9, 40, 4, 1
2023/6/24, 24, 10, 47, 3, 1
2023/6/25, 26, 10, 31, 2, 1
2023/6/26, 24, 11, 32, 4, 1
2023/6/27, 29, 21, 33, 5, 1
2023/6/28, 57, 19, 25, 4, 1
2023/6/29, 54, 10, 29, 5, 1
2023/6/30, 27, 12, 37, 3, 1
2023/1/2, 27, 11, , 12, 
2023/1/3, 34, 5, , 6, 
2023/1/4, 15, 9, , 9, 
2023/1/5, 25, 5, 23, 5, 
2023/1/6, 13, 8, 26, 5, 
2023/1/7, 25, 7, 28, 5, 
2023/1/8, 18, 9, 29, 9, 
2023/1/9, 24, 10, 22, 11, 
2023/1/10, 26, 12, 26, 6, 
2023/1/11, 31, 8, 31, 4, 
2023/1/12, 21, 15, 29, 8, 
2023/1/13, 37, 7, 28, 5, 
2023/1/14, 21, 4, 29, 4, 
2023/1/15, 13, 7, 27, 9, 
2023/1/16, 21, 17, 16, 13, 
2023/1/17, 56, 16, 14, 17, 
2023/1/18, 50, 21, 7, 21, 
2023/1/19, 68, 21, 17, 19, 
2023/1/20, 63, 18, 18, 9, 
2023/1/21, 61, 26, 15, 13, 1
2023/1/22, 80, 22, 13, 9, 1
2023/1/23, 71, 28, 10, 9, 
2023/1/24, 84, 40, 9, 12, 
2023/1/25, 112, 23, 26, 10, 
2023/1/26, 68, 11, 25, 6, 
2023/1/27, 35, 17, 23, 7, 1
2023/1/28, 56, 26, 12, 14, 1
2023/1/29, 78, 16, 17, 13, 1
2023/1/30, 51, 21, 19, 13, 1
2023/1/31, 60, 20, 26, 10, 1
2023/2/1, 49, 13, 24, 11, 2
2023/2/2, 30, 7, 23, 10, 1
2023/2/3, 24, 11, 26, 9, 1
2023/2/4, 37, 13, 28, 6, 1
2023/2/5, 39, 22, 22, 9, 1
2023/2/6, 58, 22, 17, 11, 1
2023/2/7, 64, 29, 13, 15, 1
2023/2/8, 78, 46, 3, 21, 3
2023/2/9, 113, 35, 23, 17, 2
2023/2/10, 93, 33, 3, 18, 1
2023/2/11, 96, 14, 21, 7, 1
2023/2/12, 47, 32, 7, 16, 1
2023/2/13, 88, 48, 6, 28, 1
2023/2/14, 128, 54, 5, 21, 1
2023/2/15, 141, 27, 21, 13, 1
2023/2/16, 72, 6, 28, 7, 1
2023/2/17, 17, 6, 28, 6, 1
2023/2/18, 17, 12, 27, 8, 1
2023/2/19, 37, 22, 21, 13, 1
2023/2/20, 64, 32, 4, 16, 1
2023/2/21, 82, 29, 18, 14, 1
2023/2/22, 78, 16, 18, 11, 1
2023/2/23, 51, 13, 29, 6, 1
2023/2/24, 43, 12, 29, 6, 1
2023/2/25, 35, 9, 29, 5, 1
2023/2/26, 24, 11, 25, 6, 2
2023/2/27, 29, 17, 21, 9, 2
2023/2/28, 55, 21, 25, 9, 2
2023/3/1, 63, 31, 22, 14, 2
2023/3/2, 82, 25, 27, 8, 2
2023/3/3, 71, 15, 29, 12, 2
2023/3/4, 52, 13, 21, 8, 2
2023/3/5, 49, 18, 25, 11, 2
2023/3/6, 54, 13, 23, 10, 1
2023/3/7, 46, 10, 24, 8, 1
2023/3/8, 31, 13, 32, 5, 1
2023/3/9, 37, 7, 28, 6, 
2023/3/10, 21, 9, 23, 8, 
2023/3/11, 34, 18, 30, 5, 
2023/3/12, 50, 9, 32, 2, 
2023/3/13, 23, 9, 30, 6, 
2023/3/14, 25, 13, 27, 13, 1
2023/3/15, 36, 14, 26, 9, 1
2023/3/16, 35, 13, 28, 12, 1
2023/3/17, 36, 6, 26, 7, 
2023/3/18, 20, 9, 33, 8, 
2023/3/19, 33, 16, 26, 12, 1
2023/3/20, 47, 13, 27, 10, 
2023/3/21, 35, 8, 29, 6, 
2023/3/22, 22, 13, 31, 3, 
2023/3/23, 33, 7, 33, 5, 
2023/3/24, 19, 12, 31, 5, 
2023/3/25, 33, 7, 36, 2, 
2023/3/26, 20, 7, 34, 5, 
2023/3/27, 19, 11, 28, 9, 1
2023/3/28, 26, 13, 34, 9, 1
2023/3/29, 31, 12, 34, 5, 
2023/3/30, 30, 12, 32, 3, 
2023/3/31, 33, 10, 30, 3, 
2022/10/1, 30, 8, 23, 6, 
2022/10/2, 25, 14, 12, 8, 
2022/10/3, 39, 17, 1, 8, 
2022/10/4, 43, 10, 26, 7, 
2022/10/5, 21, 20, 23, 10, 
2022/10/6, 41, 16, 21, 10, 
2022/10/7, 39, 11, 20, 9, 
2022/10/8, 30, 10, 23, 6, 
2022/10/9, 27, 18, 18, 8, 
2022/10/10, 41, 13, 23, 8, 
2022/10/11, 31, 20, 17, 12, 
2022/10/12, 48, 15, 7, 13, 
2022/10/13, 41, 8, 16, 10, 
2022/10/14, 26, 6, 24, 7, 
2022/10/15, 16, 8, 13, 7, 
2022/10/16, 21, 14, 10, 12, 
2022/10/17, 38, 13, 11, 6, 
2022/10/18, 37, 14, 15, 3, 
2022/10/19, 32, 15, 22, 8, 
2022/10/20, 35, 12, 22, 7, 
2022/10/21, 27, 11, 19, 10, 
2022/10/22, 26, 9, 28, 5, 
2022/10/23, 20, 9, 28, 5, 
2022/10/24, 19, 11, 20, 10, 
2022/10/25, 24, 11, 21, 8, 
2022/10/26, 25, 19, 10, 10, 
2022/10/27, 38, 25, 13, 12, 
2022/10/28, 50, 26, 10, 11, 
2022/10/29, 53, 17, 16, 10, 
2022/10/30, 42, 14, 22, 7, 
2022/10/31, 36, 10, 27, 2, 
2022/11/1, 22, 17, 21, 7, 
2022/11/2, 36, 9, 18, 8, 
2022/11/3, 24, , , 9, 
2022/11/13, 54, 14, 17, 9, 
2022/11/14, 46, 9, 14, 10, 
2022/11/15, 24, 9, 24, 7, 
2022/11/16, 22, 7, 29, 5, 
2022/11/17, 16, 8, 20, 13, 
2022/11/18, 21, 11, 15, 14, 
2022/11/19, 35, 11, 18, 10, 
2022/11/20, 37, 11, 27, 9, 
2022/11/21, 32, 8, 23, 5, 
2022/11/22, 19, 12, 22, 9, 
2022/11/23, 32, 13, 23, 9, 
2022/11/24, 32, 10, 15, 13, 
2022/11/25, 27, , , , 
2022/12/1, 86, 29, 11, 10, 
2022/12/2, 85, 29, 8, 7, 
2022/12/3, 86, 25, 6, 6, 
2022/12/4, 79, 34, 3, 8, 
2022/12/5, 99, 23, 1, 10, 
2022/12/6, 71, 36, 2, 15, 1
2022/12/7, 96, 32, 6, 14, 
2022/12/8, 91, 22, 11, 14, 
2022/12/9, 70, 25, 9, 14, 
2022/12/10, 77, 20, 14, 8, 
2022/12/11, 70, 28, 11, 10, 
2022/12/12, 82, 28, 10, 11, 
2022/12/13, 79, 33, 6, 14, 
2022/12/14, 92, 31, 16, 17, 
2022/12/15, 84, 30, 7, 23, 
2022/12/16, 79, 38, 12, 15, 
2022/12/17, 108, 30, 10, 12, 
2022/12/18, 92, 11, 16, 13, 1
2022/12/19, 38, 10, 18, 12, 1
2022/12/20, 35, 10, 10, 17, 
2022/12/21, 35, 12, 21, 14, 
2022/12/22, 35, 10, 19, 9, 
2022/12/23, 27, 16, 17, 10, 
2022/12/24, 46, 7, 21, 8, 
2022/12/25, 26, 10, 22, 11, 
2022/12/26, 26, 13, 18, 13, 
2022/12/27, 38, 6, 24, 5, 
2022/12/28, 19, 12, 29, 6, 
2022/12/29, 32, 5, 21, 6, 
2022/12/30, 18, 12, 28, 2, 
2022/12/31, 27, 12, , 3, 
2023/1/1, 33, 10, 26, 13, 
2022/7/1, 18, 8, 30, 4, 
2022/7/2, 17, 5, 27, 2, 
2022/7/3, 15, 8, 30, 4, 
2022/7/4, 21, 10, 33, 4, 
2022/7/5, 23, 8, 22, 4, 
2022/7/6, 18, 8, 24, 3, 
2022/7/7, 18, 10, 39, 4, 
2022/7/8, 24, 10, 30, 4, 
2022/7/9, 29, 7, 32, 2, 1
2022/7/10, 18, 9, 37, 4, 
2022/7/11, 17, 13, 43, 6, 
2022/7/12, 21, 17, 45, 8, 
2022/7/13, 28, 16, 43, 4, 
2022/7/14, 46, 10, 33, 3, 
2022/7/15, 25, 10, 41, 5, 
2022/7/16, 22, 11, 42, 3, 
2022/7/17, 19, 15, 78, 8, 
2022/7/18, 27, 36, 55, 8, 
2022/7/19, 58, 25, 28, 4, 
2022/7/20, 65, 21, 30, 5, 
2022/7/21, 58, 18, 26, 3, 
2022/7/22, 52, 20, 42, 4, 
2022/7/23, 57, 12, 38, 4, 
2022/7/24, 35, 10, 25, 3, 
2022/7/25, 21, 9, 28, 3, 
2022/7/26, 17, 8, 19, 5, 
2022/7/27, 60, , , , 
2022/7/29, 34, 12, 39, 5, 
2022/7/30, 25, 6, 17, 2, 
2022/7/31, 19, 10, 27, 3, 
2022/8/1, 28, 10, 21, 4, 
2022/8/2, 23, 17, 30, 3, 
2022/8/3, 28, 9, 25, 2, 
2022/8/4, 19, 11, 35, 4, 
2022/8/5, 24, 11, 36, 3, 
2022/8/6, 27, 8, 38, 2, 
2022/8/7, 19, 12, 37, 3, 
2022/8/8, 26, 14, 41, 2, 
2022/8/9, 30, 19, 51, 4, 
2022/8/10, 34, 24, 71, 5, 
2022/8/11, 49, 24, 68, 6, 
2022/8/12, 49, 26, 51, 5, 
2022/8/13, 58, , 42, 4, 
2022/8/17, 35, 16, 38, 6, 
2022/8/18, 45, 9, 22, 5, 
2022/8/19, 25, 13, 29, 6, 1
2022/8/20, 33, 10, 32, 3, 
2022/8/21, 26, 11, 24, 5, 
2022/8/22, 23, 8, 13, 4, 
2022/8/23, 14, 12, 28, 4, 
2022/8/24, 17, 8, 24, 4, 
2022/8/25, 15, 12, 30, 3, 
2022/8/26, 35, 10, 32, 4, 
2022/8/27, 25, 11, 34, 2, 
2022/8/28, 25, 16, 37, 3, 
2022/8/29, 23, 18, 40, 5, 
2022/8/30, 33, 17, 39, 4, 
2022/8/31, 29, 19, 40, 7, 
2022/9/1, 35, 14, 30, 6, 
2022/9/2, 35, 11, 28, 7, 
2022/9/3, 34, 10, 34, 6, 
2022/9/4, 26, 12, 26, 9, 
2022/9/5, 24, 11, 25, 7, 
2022/9/6, 24, 10, 24, 6, 
2022/9/7, 23, 8, 23, 6, 
2022/9/8, 19, 9, 22, 6, 
2022/9/9, 23, 9, 25, 5, 
2022/9/10, 26, 10, 30, 5, 
2022/9/11, 31, 12, 32, 8, 
2022/9/12, 27, 15, 21, 7, 
2022/9/13, 25, 15, 17, 6, 
2022/9/14, 36, 14, 27, 5, 
2022/9/15, 35, 9, 25, 6, 
2022/9/16, 21, 7, 27, 5, 
2022/9/17, 15, 8, 28, 7, 
2022/9/18, 23, 8, 24, 7, 
2022/9/19, 19, 12, 24, 8, 
2022/9/20, 26, 9, 22, 9, 
2022/9/21, 21, 17, 30, 11, 
2022/9/22, 31, 20, 26, 16, 
2022/9/23, 45, 9, 22, 5, 
2022/9/24, 31, , 25, 3, 
2022/9/26, 29, 13, 21, 10, 
2022/9/27, 28, 10, 22, 7, 
2022/9/28, 26, 10, 21, 8, 
2022/9/29, 26, 15, 25, 8, 
2022/9/30, 36, 12, 27, 4, 
2022/4/1, 20, 10, 33, 3, 1
2022/4/2, 28, 8, 35, 3, 1
2022/4/3, 24, 16, 30, 7, 1
2022/4/4, 50, 15, 29, 7, 
2022/4/5, 47, 8, 27, 5, 1
2022/4/6, 18, 9, 31, 3, 
2022/4/7, 20, 7, 27, 7, 
2022/4/8, 19, 6, 32, 6, 1
2022/4/9, 20, 11, 35, 10, 1
2022/4/10, 39, 10, 31, 7, 1
2022/4/11, 32, 15, 26, 9, 1
2022/4/12, 33, 13, 30, 8, 
2022/4/13, 33, 13, 32, 7, 1
2022/4/14, 32, 10, 31, 8, 1
2022/4/15, 23, 18, 36, 5, 1
2022/4/16, 56, 10, 35, 6, 2
2022/4/17, 29, 12, 32, 5, 1
2022/4/18, 41, 11, 35, 4, 
2022/4/19, 33, 25, 38, 6, 1
2022/4/20, 67, 18, 42, 8, 1
2022/4/21, 42, 20, 32, 6, 1
2022/4/22, 51, 25, 34, 5, 1
2022/4/23, 65, 17, 37, 5, 1
2022/4/24, 52, 19, 37, 4, 1
2022/4/25, 53, 18, 36, 5, 1
2022/4/26, 52, 18, 40, 4, 1
2022/4/27, 52, 23, 35, 5, 1
2022/4/28, 62, 29, 38, 5, 1
2022/4/29, 74, 16, 35, 4, 1
2022/4/30, 48, 13, 38, 4, 1
2022/5/1, 44, 18, 38, 4, 
2022/5/2, 54, 13, 35, 4, 
2022/5/3, 42, 19, 34, 6, 
2022/5/4, 54, 12, 33, 5, 
2022/5/5, 36, 16, 35, 8, 
2022/5/6, 42, 12, 29, 3, 
2022/5/7, 37, 17, 32, 4, 
2022/5/8, 57, 20, 36, 8, 
2022/5/9, 41, 18, 36, 9, 
2022/5/10, 37, 12, 32, 5, 
2022/5/11, 23, 12, 31, 4, 1
2022/5/12, 30, 12, 37, 6, 1
2022/5/13, 28, 11, 34, 5, 1
2022/5/14, 29, 13, 41, 4, 1
2022/5/15, 26, 11, 27, 4, 
2022/5/16, 29, 11, 37, 6, 
2022/5/17, 25, 8, 33, 3, 
2022/5/18, 16, 9, 32, 5, 1
2022/5/19, 24, 8, 37, 6, 
2022/5/20, 19, 9, 32, 6, 
2022/5/21, 26, 8, 36, 3, 
2022/5/22, 21, 10, 24, 6, 
2022/5/23, 31, 7, 30, 5, 
2022/5/24, 16, 7, 26, 6, 
2022/5/25, 16, 8, 26, 3, 1
2022/5/26, 22, 7, 32, 3, 1
2022/5/27, 19, 13, 30, 4, 1
2022/5/28, 38, 8, 32, 2, 1
2022/5/29, 25, 6, 32, 3, 1
2022/5/30, 17, 11, 34, 6, 1
2022/5/31, 24, 8, 33, 6, 1
2022/6/1, 23, 9, 38, 4, 
2022/6/2, 23, 15, 30, 9, 1
2022/6/3, 37, 15, 34, 4, 
2022/6/4, 47, 16, 31, 4, 
2022/6/5, 54, 5, 30, 4, 
2022/6/6, 16, 8, 24, 4, 
2022/6/7, 16, 10, 28, 4, 
2022/6/8, 20, 12, 25, 3, 
2022/6/9, 30, 9, 15, 5, 
2022/6/10, 19, 8, 31, 3, 
2022/6/11, 23, 9, 31, 3, 
2022/6/12, 25, 9, 31, 2, 
2022/6/13, 25, 9, 43, 4, 
2022/6/14, 20, 11, 54, 6, 1
2022/6/15, 27, 15, 60, 8, 1
2022/6/16, 38, 20, 56, 9, 1
2022/6/17, 46, 27, 40, 5, 1
2022/6/18, 56, 15, 24, 2, 1
2022/6/19, 35, 12, 33, 3, 
2022/6/20, 34, 14, 38, 4, 
2022/6/21, 39, 17, 51, 5, 1
2022/6/22, 44, 12, 33, 6, 
2022/6/23, 34, 9, 30, 5, 
2022/6/24, 22, 6, 27, 3, 
2022/6/25, 16, 8, 27, 2, 
2022/6/26, 19, 9, 28, 4, 
2022/6/27, 21, 9, 30, 4, 
2022/6/28, 15, 8, 19, 5, 
2022/6/29, 17, 10, 18, 4, 
2022/6/30, 23, 8, 26, 6, 
2022/1/3, 33, 6, 26, 9, 
2022/1/4, 19, 14, 22, 14, 
2022/1/5, 35, 25, 17, 17, 
2022/1/6, 72, 8, 28, 9, 
2022/1/7, 24, 7, 32, 9, 
2022/1/8, 22, 12, 28, 10, 
2022/1/9, 36, 24, 9, 17, 
2022/1/10, 73, 19, 11, 12, 
2022/1/11, 62, 26, 12, 15, 
2022/1/12, 77, 16, 13, 12, 
2022/1/13, 55, 25, 10, 17, 
2022/1/14, 73, 34, 4, 13, 
2022/1/15, 100, 24, 7, 12, 
2022/1/16, 77, 22, 17, 15, 
2022/1/17, 64, 20, 14, 13, 
2022/1/18, 63, 26, 10, 16, 
2022/1/19, 76, 14, 25, 14, 
2022/1/20, 41, 18, 18, 16, 
2022/1/21, 44, 17, 22, 9, 
2022/1/22, 56, 16, 22, 5, 
2022/1/23, 56, 27, 11, 13, 
2022/1/24, 78, 37, , 15, 
2022/1/25, 104, 38, 10, 16, 
2022/1/26, 104, 27, 11, 15, 
2022/1/27, 77, 18, 6, 17, 
2022/1/28, 58, 7, 22, 7, 
2022/1/29, 26, 14, 21, 12, 
2022/1/30, 43, 12, 29, 7, 
2022/1/31, 34, 17, 26, 15, 
2022/2/1, 46, 9, 23, 7, 
2022/2/2, 24, 13, 26, 9, 
2022/2/3, 42, 9, 28, 8, 
2022/2/4, 23, 12, 25, 12, 
2022/2/5, 35, 7, 30, 3, 
2022/2/6, 22, 19, 28, 14, 
2022/2/7, 41, 12, 19, 12, 
2022/2/8, 33, 19, 17, 12, 
2022/2/9, 60, 19, 21, 13, 
2022/2/10, 57, 18, 18, 18, 
2022/2/11, 52, 19, 20, 14, 
2022/2/12, 59, 19, 27, 9, 1
2022/2/13, 58, 11, 27, 7, 
2022/2/14, 27, 10, 26, 9, 
2022/2/15, 25, 4, 25, 5, 
2022/2/16, 13, 24, 30, 4, 
2022/2/17, 53, 13, 30, 4, 
2022/2/18, 34, 9, 27, 5, 
2022/2/19, 24, 12, 31, 4, 
2022/2/20, 37, 21, 30, 5, 
2022/2/21, 45, 19, 26, 8, 
2022/2/22, 47, 19, 25, 13, 1
2022/2/23, 54, 12, 27, 7, 
2022/2/24, 32, 15, 28, 11, 
2022/2/25, 37, 23, 24, 14, 
2022/2/26, 68, 12, 22, 8, 
2022/2/27, 43, 21, 23, 18, 1
2022/2/28, 62, 28, 19, 19, 1
2022/3/1, 76, 34, 19, 14, 
2022/3/2, 87, 33, 22, 14, 
2022/3/3, 86, 17, 18, 12, 
2022/3/4, 55, 14, 13, 8, 
2022/3/5, 49, 37, 27, 7, 
2022/3/6, 105, 26, 26, 7, 
2022/3/7, 77, 33, 21, 12, 
2022/3/8, 87, 29, 25, 15, 1
2022/3/9, 76, 22, 29, 12, 
2022/3/10, 61, 12, 24, 8, 
2022/3/11, 36, 9, 27, 6, 
2022/3/12, 24, 5, 26, 5, 
2022/3/13, 17, 14, 27, 12, 
2022/3/14, 36, 14, 22, 13, 
2022/3/15, 42, 24, 21, 9, 
2022/3/16, 52, 11, 28, 6, 
2022/3/17, 30, 15, 30, 12, 1
2022/3/18, 43, 25, 36, 6, 
2022/3/19, 66, 14, 32, 7, 
2022/3/20, 44, 27, 25, 18, 1
2022/3/21, 73, 26, 37, 14, 
2022/3/22, 66, 37, 37, 18, 1
2022/3/23, 88, 39, 46, 16, 1
2022/3/24, 90, 45, 46, 12, 1
2022/3/25, 99, 50, 46, 9, 1
2022/3/26, 116, 38, 42, 6, 1
2022/3/27, 86, 36, 38, 9, 1
2022/3/28, 86, 36, 29, 7, 1
2022/3/29, 82, 38, 23, 6, 
2022/3/30, 96, 17, 31, 4, 
2022/3/31, 46, 7, 32, 1, 
2021/10/1, 23, 9, 18, 7, 
2021/10/2, 26, 4, 28, 4, 
2021/10/3, 13, 8, 21, 8, 
2021/10/4, 18, 9, 24, 7, 
2021/10/5, 19, 11, 27, 7, 
2021/10/6, 25, 18, 12, 12, 
2021/10/7, 42, 15, 28, 9, 
2021/10/8, 42, 22, 25, 9, 
2021/10/9, 67, 29, 28, 7, 
2021/10/10, 83, 21, 21, 10, 
2021/10/11, 58, 19, 19, 9, 1
2021/10/12, 49, 19, 23, 10, 
2021/10/13, 42, 18, 19, 12, 
2021/10/14, 50, 21, 16, 12, 1
2021/10/15, 58, 15, 19, 9, 
2021/10/16, 48, 14, 20, 9, 
2021/10/17, 46, 22, 11, 11, 
2021/10/18, 62, 14, 20, 7, 
2021/10/19, 42, 13, 24, 5, 
2021/10/20, 36, 11, 31, 9, 
2021/10/21, 24, 17, 19, 12, 1
2021/10/22, 44, 13, 20, 13, 1
2021/10/23, 39, 16, 18, 10, 
2021/10/24, 52, 11, 18, 11, 
2021/10/25, 31, 12, 12, 16, 
2021/10/26, 36, 13, 19, 9, 
2021/10/27, 41, 17, 20, 10, 
2021/10/28, 48, 12, 19, 10, 
2021/10/29, 38, 9, 18, 9, 
2021/10/30, 31, 8, 20, 7, 
2021/10/31, 24, 8, 25, 8, 
2021/11/1, 21, 9, 21, 11, 
2021/11/2, 22, 17, 17, 14, 
2021/11/3, 49, 12, 18, 11, 
2021/11/4, 34, 12, 18, 12, 
2021/11/5, 31, 20, 13, 15, 1
2021/11/6, 61, 14, 25, 8, 
2021/11/7, 39, 25, 11, 15, 1
2021/11/8, 67, 28, 8, 15, 1
2021/11/9, 73, 32, , 17, 1
2021/11/10, 80, 27, 8, 14, 1
2021/11/11, 79, 28, 15, 15, 
2021/11/12, 82, 8, 19, 8, 
2021/11/13, 27, 12, 17, 8, 
2021/11/14, 39, 24, 12, 8, 
2021/11/15, 74, 37, 9, 13, 
2021/11/16, 98, 25, 15, 15, 1
2021/11/17, 67, 28, 7, 17, 1
2021/11/18, 67, 15, 24, 16, 1
2021/11/19, 43, 15, 20, 7, 
2021/11/20, 55, 13, 23, 7, 
2021/11/21, 43, 9, 22, 7, 
2021/11/22, 26, 12, 17, 10, 
2021/11/23, 37, 20, 16, 12, 
2021/11/24, 66, 32, 7, 18, 
2021/11/25, 86, 16, 22, 14, 
2021/11/26, 48, 8, 22, 7, 
2021/11/27, 26, 11, 24, 5, 
2021/11/28, 31, 21, 15, 21, 
2021/11/29, 59, 10, 22, 10, 
2021/11/30, 32, 7, 27, 8, 
2021/12/1, 22, 12, 21, 12, 
2021/12/2, 28, 14, 11, 18, 
2021/12/3, 43, 11, 25, 13, 
2021/12/4, 37, 6, 23, 6, 
2021/12/5, 21, 12, 19, 12, 
2021/12/6, 38, 14, 26, 12, 
2021/12/7, 40, 9, 27, 10, 
2021/12/8, 24, 13, 17, 14, 
2021/12/9, 32, 10, 26, 6, 
2021/12/10, 27, 19, 15, 16, 
2021/12/11, 52, 10, 11, 11, 
2021/12/12, 36, 12, 15, 11, 
2021/12/13, 37, 21, 12, 13, 
2021/12/14, 57, 21, 11, 15, 
2021/12/15, 60, 29, 14, 17, 
2021/12/16, 76, 31, 8, 14, 
2021/12/17, 87, 30, 10, 10, 
2021/12/18, 88, 16, 14, 6, 
2021/12/19, 55, 17, 18, 7, 
2021/12/20, 58, 26, 19, 13, 
2021/12/21, 72, 34, 7, 12, 
2021/12/22, 98, 33, 4, 13, 
2021/12/23, 92, 19, 8, 13, 
2021/12/24, 64, 13, 9, 9, 
2021/12/25, 50, 12, 8, 10, 
2021/12/26, 46, 14, 23, 9, 
2021/12/27, 42, 16, 29, 4, 
2021/12/28, 38, 12, 24, 8, 
2021/12/29, 32, 7, 17, 6, 
2021/12/30, 22, 10, 12, 9, 
2021/12/31, 33, 15, 11, 7, 
2022/1/1, 52, 10, 27, 4, 
2022/1/2, 32, 12, 28, 7, 
2021/7/1, 60, 20, 33, 7, 
2021/7/2, 59, 13, 21, 4, 
2021/7/3, 40, 7, 24, 3, 
2021/7/4, 15, 8, 17, 5, 
2021/7/5, 16, 10, 23, 3, 
2021/7/6, 17, 10, 23, 3, 
2021/7/7, 23, 10, 21, 5, 
2021/7/8, 29, 10, 23, 5, 
2021/7/9, 32, 9, 18, 3, 
2021/7/10, 23, 10, 19, 3, 
2021/7/11, 28, 10, 20, 4, 
2021/7/12, 24, 17, 32, 3, 
2021/7/13, 48, 14, 32, 2, 
2021/7/14, 43, 12, 28, 3, 
2021/7/15, 37, 12, 27, 1, 
2021/7/16, 34, 16, 25, 1, 
2021/7/17, 48, 9, 31, 2, 
2021/7/18, 23, 15, 33, 3, 
2021/7/19, 39, 20, 35, 4, 
2021/7/20, 47, 24, 42, 6, 
2021/7/21, 55, 21, 36, 4, 
2021/7/22, 53, 19, 39, 3, 
2021/7/23, 51, 14, 37, 2, 
2021/7/24, 34, 8, 30, 2, 
2021/7/25, 22, 20, 35, 5, 
2021/7/26, 57, 15, 21, 5, 
2021/7/27, 44, 12, 23, 3, 
2021/7/28, 27, 13, 22, 3, 
2021/7/29, 30, 12, 23, 4, 
2021/7/30, 25, 11, 25, 2, 
2021/7/31, 28, 7, 26, 3, 
2021/8/1, 19, 10, 23, 4, 
2021/8/2, 31, 10, 27, 5, 
2021/8/3, 30, 11, 28, 4, 
2021/8/4, 35, 10, 27, 4, 
2021/8/5, 27, 7, 20, 2, 
2021/8/6, 14, 6, 22, 3, 
2021/8/7, 16, 10, 24, 2, 
2021/8/8, 26, 7, 18, 3, 
2021/8/9, 17, 9, 20, 4, 
2021/8/10, 21, 12, 28, 4, 
2021/8/11, 30, 11, 27, 4, 
2021/8/12, 28, 13, 34, 4, 1
2021/8/13, 31, 14, 36, 4, 
2021/8/14, 35, 14, 31, 4, 
2021/8/15, 36, 14, 31, 2, 
2021/8/16, 41, 15, 27, 6, 
2021/8/17, 37, 13, 20, 5, 
2021/8/18, 36, 7, 26, 4, 
2021/8/19, 14, 10, 22, 6, 
2021/8/20, 22, 10, 22, 5, 
2021/8/21, 27, 8, 25, 2, 
2021/8/22, 28, 12, 31, 3, 
2021/8/23, 35, 14, 36, 3, 
2021/8/24, 36, 16, 40, 4, 
2021/8/25, 41, 10, 30, 4, 
2021/8/26, 27, 11, 27, 3, 
2021/8/27, 31, 11, 26, 3, 
2021/8/28, 30, 10, 32, 1, 
2021/8/29, 27, 11, 28, 2, 
2021/8/30, 32, 14, 35, 2, 
2021/8/31, 40, 16, 30, 3, 
2021/9/1, 47, 21, 39, 3, 
2021/9/2, 57, 26, 41, 6, 
2021/9/3, 69, 26, 28, 5, 
2021/9/4, 69, 18, 34, 5, 
2021/9/5, 54, 19, 41, 8, 
2021/9/6, 52, 21, 45, 8, 
2021/9/7, 51, 23, 42, 7, 
2021/9/8, 55, 17, 20, 8, 
2021/9/9, 42, 9, 28, 6, 
2021/9/10, 25, 8, 31, 4, 
2021/9/11, 22, 9, 33, 5, 
2021/9/12, 32, 15, 31, 5, 
2021/9/13, 39, 13, 20, 7, 
2021/9/14, 36, 15, 28, 5, 
2021/9/15, 45, 19, 32, 9, 
2021/9/16, 52, 15, 29, 8, 
2021/9/17, 42, 12, 30, 6, 
2021/9/18, 35, 10, 23, 4, 
2021/9/19, 35, 15, 20, 7, 
2021/9/20, 43, 16, 30, 5, 
2021/9/21, 47, 19, 33, 8, 
2021/9/22, 51, 20, 30, 9, 
2021/9/23, 53, 10, 18, 8, 
2021/9/24, 30, 14, 31, 7, 
2021/9/25, 45, 13, 28, 6, 
2021/9/26, 46, 10, 29, 7, 
2021/9/27, 25, 12, 24, 9, 
2021/9/28, 27, 8, 25, 6, 
2021/9/29, 17, 10, 25, 9, 
2021/9/30, 22, 8, 16, 11, 
2021/4/1, 72, 17, 34, 3, 
2021/4/2, 50, 14, 34, 2, 
2021/4/3, 39, 19, 36, 2, 
2021/4/4, 55, 15, 32, 4, 
2021/4/5, 45, 12, 30, 10, 
2021/4/6, 34, 10, 32, 9, 
2021/4/7, 26, 13, 33, 10, 
2021/4/8, 39, 21, 33, 12, 
2021/4/9, 56, 11, 29, 5, 
2021/4/10, 43, 8, 34, 2, 
2021/4/11, 30, 19, 30, 10, 
2021/4/12, 42, 14, 35, 9, 
2021/4/13, 46, 18, 35, 10, 
2021/4/14, 45, 9, 33, 5, 
2021/4/15, 30, 16, 35, 7, 
2021/4/16, 52, 13, 36, 4, 
2021/4/17, 40, 8, 37, 4, 
2021/4/18, 26, 19, 40, 8, 
2021/4/19, 49, 22, 41, 9, 
2021/4/20, 61, 39, 42, 8, 
2021/4/21, 102, 14, 31, 3, 
2021/4/22, 41, 12, 39, 5, 
2021/4/23, 42, 15, 41, 3, 
2021/4/24, 53, 11, 37, 2, 
2021/4/25, 39, 12, 35, 3, 
2021/4/26, 44, 20, 38, 8, 
2021/4/27, 63, 29, 37, 10, 
2021/4/28, 85, 17, 40, 4, 
2021/4/29, 53, 21, 36, 5, 
2021/4/30, 61, 21, 36, 6, 
2021/5/1, 66, 27, 40, 6, 
2021/5/2, 83, 22, 40, 8, 
2021/5/3, 59, 15, 36, 2, 
2021/5/4, 26, 9, 29, 5, 
2021/5/5, 20, 9, 26, 8, 
2021/5/6, 23, 11, 34, 8, 
2021/5/7, 37, 9, 28, 4, 
2021/5/8, 27, 11, 30, 4, 
2021/5/9, 31, 10, 33, 3, 
2021/5/10, 19, 10, 34, 6, 
2021/5/11, 20, 10, 30, 5, 
2021/5/12, 23, 5, 33, 2, 
2021/5/13, 14, 7, 35, 5, 
2021/5/14, 22, 9, 30, 3, 
2021/5/15, 27, 5, 28, 2, 
2021/5/16, 16, 8, 32, 4, 
2021/5/17, 22, 9, 33, 5, 
2021/5/18, 25, 7, 32, 5, 
2021/5/19, 19, 9, 29, 6, 
2021/5/20, 20, 15, 29, 2, 
2021/5/21, 27, 7, 29, 3, 
2021/5/22, 19, 6, 31, 3, 
2021/5/23, 20, 5, 33, 2, 
2021/5/24, 13, 10, 29, 4, 
2021/5/25, 25, 7, 34, 3, 
2021/5/26, 22, 14, 37, 7, 
2021/5/27, 41, 13, 33, 5, 
2021/5/28, 40, 14, 39, 4, 
2021/5/29, 45, 14, 40, 2, 
2021/5/30, 43, 17, 39, 5, 
2021/5/31, 45, 14, 46, 6, 
2021/6/1, 33, 17, 31, 6, 
2021/6/2, 42, 22, 33, 5, 
2021/6/3, 63, 12, 28, 5, 
2021/6/4, 41, 15, 35, 3, 
2021/6/5, 49, 10, 29, 2, 
2021/6/6, 36, 10, 35, 2, 
2021/6/7, 30, 9, 33, 4, 
2021/6/8, 26, 13, 30, 7, 
2021/6/9, 33, 12, 23, 3, 
2021/6/10, 32, 11, 22, 3, 
2021/6/11, 28, 9, 24, 2, 
2021/6/12, 34, 10, 32, 1, 
2021/6/13, 29, 15, 45, 7, 
2021/6/14, 35, 20, 39, 7, 1
2021/6/15, 55, 23, 35, 7, 
2021/6/16, 54, 16, 29, 4, 
2021/6/17, 42, 12, 24, 4, 
2021/6/18, 30, 11, 21, 3, 
2021/6/19, 37, 8, 22, 2, 
2021/6/20, 23, 11, 23, 3, 
2021/6/21, 34, 10, 22, 3, 
2021/6/22, 35, 15, 26, 3, 
2021/6/23, 40, 13, 41, 3, 
2021/6/24, 41, 13, 18, 7, 
2021/6/25, 42, 7, 22, 2, 
2021/6/26, 17, 10, 22, 2, 
2021/6/27, 32, 11, 19, 4, 
2021/6/28, 27, 13, 26, 6, 
2021/6/29, 37, 10, 23, 3, 
2021/6/30, 32, 22, 31, 8, 
2021/1/4, 72, 28, 6, 8, 
2021/1/5, 87, 24, 6, 10, 
2021/1/6, 77, 24, 11, 14, 
2021/1/7, 74, 21, 4, 20, 
2021/1/8, 65, 32, 11, 11, 
2021/1/9, 96, 37, 1, 19, 1
2021/1/10, 110, 30, 17, 18, 1
2021/1/11, 86, 7, 23, 8, 
2021/1/12, 23, 8, 24, 12, 
2021/1/13, 31, 5, 24, 8, 
2021/1/14, 17, 21, 12, 10, 
2021/1/15, 67, 27, 5, 14, 
2021/1/16, 84, 16, 25, 9, 
2021/1/17, 48, 16, 15, 18, 
2021/1/18, 47, 9, 22, 8, 
2021/1/19, 29, 12, 24, 9, 
2021/1/20, 39, 7, 29, 6, 
2021/1/21, 19, 8, 22, 13, 
2021/1/22, 20, 9, 19, 9, 
2021/1/23, 34, 10, 26, 11, 
2021/1/24, 39, 9, 22, 11, 
2021/1/25, 29, 18, 22, 21, 
2021/1/26, 54, 10, 19, 16, 
2021/1/27, 37, 6, 20, 8, 
2021/1/28, 21, 14, 26, 6, 
2021/1/29, 35, 13, 18, 10, 
2021/1/30, 37, 16, 9, 7, 
2021/1/31, 59, 8, 10, 11, 
2021/2/1, 27, 10, 25, 10, 
2021/2/2, 30, 8, 25, 8, 
2021/2/3, 22, 11, 11, 14, 
2021/2/4, 35, 13, 17, 15, 
2021/2/5, 41, 15, 20, 10, 
2021/2/6, 55, 18, 20, 5, 
2021/2/7, 64, 33, 19, 6, 
2021/2/8, 97, 31, 17, 7, 
2021/2/9, 92, 20, 23, 7, 
2021/2/10, 65, 19, 22, 10, 
2021/2/11, 61, 13, 21, 6, 
2021/2/12, 46, 13, 21, 8, 
2021/2/13, 47, 19, 21, 10, 1
2021/2/14, 61, 15, 16, 13, 
2021/2/15, 50, 9, 20, 13, 
2021/2/16, 30, 12, 24, 11, 
2021/2/17, 32, 16, 21, 13, 
2021/2/18, 31, 13, 18, 15, 
2021/2/19, 38, 27, 26, 5, 
2021/2/20, 49, 15, 23, 8, 
2021/2/21, 40, 32, 19, 16, 
2021/2/22, 61, 20, 24, 7, 
2021/2/23, 42, 25, 23, 11, 
2021/2/24, 49, 27, 26, 12, 
2021/2/25, 57, 18, 29, 9, 
2021/2/26, 49, 17, 28, 10, 
2021/2/27, 55, 25, 23, 6, 
2021/2/28, 78, 23, 24, 10, 
2021/3/1, 66, 40, 16, 16, 
2021/3/2, 96, 43, 19, 17, 
2021/3/3, 94, 22, 27, 10, 
2021/3/4, 66, 15, 28, 5, 
2021/3/5, 46, 19, 26, 7, 
2021/3/6, 61, 33, 26, 11, 
2021/3/7, 95, 25, 27, 10, 
2021/3/8, 75, 29, 25, 13, 1
2021/3/9, 78, 28, 27, 12, 
2021/3/10, 76, 10, 30, 4, 
2021/3/11, 26, 13, 31, 6, 
2021/3/12, 30, 8, 31, 3, 
2021/3/13, 22, 10, 30, 3, 
2021/3/14, 28, 13, 34, 4, 
2021/3/15, 42, 18, 23, 13, 
2021/3/16, 57, 15, 27, 4, 
2021/3/17, 43, 11, 26, 7, 
2021/3/18, 33, 10, 27, 5, 
2021/3/19, 34, 10, 30, 6, 
2021/3/20, 37, 18, 31, 6, 1
2021/3/21, 58, 17, 29, 12, 
2021/3/22, 48, 28, 29, 16, 
2021/3/23, 77, 27, 33, 14, 
2021/3/24, 74, 19, 31, 13, 
2021/3/25, 51, 9, 31, 9, 
2021/3/26, 26, 10, 30, 6, 
2021/3/27, 27, 10, 34, 6, 
2021/3/28, 30, 14, 32, 12, 
2021/3/29, 36, 23, 35, 17, 
2021/3/30, 52, 25, 35, 17, 
2021/3/31, 56, 32, 32, 15, 
2020/10/1, 18, 6, 21, 6, 
2020/10/2, 16, 8, 23, 7, 
2020/10/3, 25, 4, 24, 3, 
2020/10/4, 14, 4, 23, 6, 
2020/10/5, 10, 8, 22, 5, 
2020/10/6, 20, 9, 21, 7, 
2020/10/7, 23, 8, 19, 5, 
2020/10/8, 22, 6, 22, 7, 
2020/10/9, 16, 8, 24, 6, 
2020/10/10, 20, 5, 21, 5, 
2020/10/11, 17, 9, 14, 9, 
2020/10/12, 27, 7, 18, 7, 
2020/10/13, 19, 12, 19, 7, 
2020/10/14, 42, 9, 19, 6, 
2020/10/15, 24, 13, 20, 7, 
2020/10/16, 38, 20, 13, 10, 
2020/10/17, 64, 23, 17, 11, 
2020/10/18, 72, 19, 19, 9, 
2020/10/19, 55, 14, 16, 9, 
2020/10/20, 39, 8, 24, 3, 
2020/10/21, 18, 12, 13, 11, 
2020/10/22, 29, 14, 18, 9, 
2020/10/23, 42, 5, 24, 4, 
2020/10/24, 15, 5, 25, 4, 
2020/10/25, 14, 8, 20, 7, 
2020/10/26, 20, 6, 17, 8, 
2020/10/27, 18, 10, 21, 6, 
2020/10/28, 26, 9, 21, 8, 
2020/10/29, 26, 6, 25, 4, 
2020/10/30, 16, 11, 24, 4, 
2020/10/31, 32, 8, 18, 2, 
2020/11/1, 22, 8, 27, 3, 
2020/11/2, 18, 12, 24, 7, 
2020/11/3, 28, 15, 16, 13, 
2020/11/4, 43, 16, 19, 12, 
2020/11/5, 51, 19, 11, 9, 
2020/11/6, 59, 25, 5, 11, 
2020/11/7, 72, 20, 6, 9, 
2020/11/8, 63, 14, 5, 11, 
2020/11/9, 47, 17, 8, 14, 
2020/11/10, 51, 13, 15, 5, 
2020/11/11, 44, 13, 22, 10, 
2020/11/12, 31, 11, 14, 12, 
2020/11/13, 35, 13, 23, 6, 
2020/11/14, 43, 10, 29, 1, 
2020/11/15, 29, 13, 26, 8, 
2020/11/16, 33, 13, 18, 10, 
2020/11/17, 32, 12, 14, 10, 
2020/11/18, 38, 10, 25, 6, 
2020/11/19, 26, 15, 8, 17, 
2020/11/20, 47, 10, 23, 7, 
2020/11/21, 34, 13, 17, 6, 
2020/11/22, 45, 15, 12, 13, 
2020/11/23, 51, 20, 10, 13, 
2020/11/24, 62, 28, 2, 16, 
2020/11/25, 78, 40, , 18, 
2020/11/26, 108, 38, 5, 13, 
2020/11/27, 108, 29, 7, 12, 
2020/11/28, 86, 25, 9, 11, 
2020/11/29, 79, 28, 7, 13, 
2020/11/30, 83, 13, 20, 8, 
2020/12/1, 41, 16, 19, 12, 
2020/12/2, 45, 10, 17, 13, 
2020/12/3, 32, 7, 24, 7, 
2020/12/4, 16, 16, 18, 6, 
2020/12/5, 55, 19, 15, 6, 
2020/12/6, 58, 25, 6, 12, 
2020/12/7, 78, 25, 6, 13, 
2020/12/8, 75, 17, 5, 17, 
2020/12/9, 55, 17, 10, 9, 
2020/12/10, 55, 8, 12, 13, 
2020/12/11, 28, 14, 15, 11, 
2020/12/12, 43, 8, 16, 7, 
2020/12/13, 28, 7, 16, 10, 
2020/12/14, 23, 12, 14, 14, 
2020/12/15, 33, 11, 17, 8, 
2020/12/16, 35, 10, 12, 13, 
2020/12/17, 29, 12, 13, 10, 
2020/12/18, 38, 10, 20, 6, 
2020/12/19, 34, 12, 20, 7, 
2020/12/20, 35, 6, 18, 9, 
2020/12/21, 19, 4, 20, 9, 
2020/12/22, 13, 6, 26, 7, 
2020/12/23, 15, 9, 24, 4, 
2020/12/24, 29, 12, 25, 6, 
2020/12/25, 35, 13, 22, 12, 
2020/12/26, 43, 3, 29, 5, 
2020/12/27, 12, 12, 18, 10, 
2020/12/28, 40, 10, 19, 15, 
2020/12/29, 37, 12, 15, 15, 
2020/12/30, 43, 12, 15, 10, 
2020/12/31, 42, 43, , 17, 
2021/1/1, 122, 44, , 16, 1
2021/1/2, 124, 29, 7, 9, 
2021/1/3, 93, 22, 7, 8, 
2020/7/1, 11, 7, 22, 3, 
2020/7/2, 17, 9, 23, 3, 
2020/7/3, 23, 5, 18, 2, 
2020/7/4, 15, 4, 25, 1, 
2020/7/5, 12, 13, 24, 1, 
2020/7/6, 31, 11, 30, 5, 
2020/7/7, 26, 9, 19, 3, 
2020/7/8, 22, 7, 17, 2, 
2020/7/9, 15, 5, 28, 2, 
2020/7/10, 13, 6, 29, 3, 
2020/7/11, 14, 6, 32, 1, 
2020/7/12, 14, 8, 40, 4, 
2020/7/13, 20, 6, 26, 2, 
2020/7/14, 17, 9, 24, 3, 
2020/7/15, 25, 10, 18, 5, 
2020/7/16, 28, 14, 29, 5, 
2020/7/17, 33, 11, 24, 1, 
2020/7/18, 27, 12, 28, 3, 
2020/7/19, 34, 9, 30, 2, 
2020/7/20, 21, 10, 35, 3, 
2020/7/21, 19, 9, 31, 3, 
2020/7/22, 15, 16, 40, 6, 
2020/7/23, 26, 9, 29, 3, 
2020/7/24, 22, 6, 16, 3, 
2020/7/25, 15, 6, 20, 1, 
2020/7/26, 17, 8, 25, 4, 
2020/7/27, 15, 9, 23, 2, 
2020/7/28, 22, 10, 32, 4, 
2020/7/29, 23, 14, 40, 5, 
2020/7/30, 22, 20, 43, 8, 
2020/7/31, 36, 7, 23, 1, 
2020/8/1, 20, 5, 24, , 
2020/8/2, 12, 7, 27, 1, 
2020/8/3, 14, 9, 30, 2, 
2020/8/4, 19, 12, 35, 3, 
2020/8/5, 17, 12, 42, 3, 
2020/8/6, 19, 17, 44, 6, 
2020/8/7, 28, 18, 38, 8, 
2020/8/8, 38, 18, 62, 6, 
2020/8/9, 49, 23, 44, 6, 
2020/8/10, 52, 22, 52, 4, 
2020/8/11, 53, 19, 44, 3, 
2020/8/12, 47, 14, 26, 5, 
2020/8/13, 37, 10, 26, 4, 
2020/8/14, 32, 8, 30, 2, 
2020/8/15, 29, 12, 31, 3, 
2020/8/16, 43, 6, 25, 5, 
2020/8/17, 15, 8, 23, 5, 
2020/8/18, 15, 7, 17, 7, 
2020/8/19, 17, 7, 24, 5, 
2020/8/20, 15, 9, 26, 4, 
2020/8/21, 19, 9, 25, 2, 
2020/8/22, 23, 8, 24, 2, 
2020/8/23, 23, 10, 18, 5, 
2020/8/24, 25, , , , 
2020/8/27, 21, 8, 20, 4, 
2020/8/28, 20, 8, 22, 3, 
2020/8/29, 20, 7, 24, 1, 
2020/8/30, 18, 8, 29, 4, 
2020/8/31, 19, 10, 29, 6, 
2020/9/1, 26, 12, 37, 8, 
2020/9/2, 34, 9, 19, 8, 
2020/9/3, 24, 10, 18, 6, 
2020/9/4, 27, 7, 22, 2, 
2020/9/5, 20, 7, 23, 5, 
2020/9/6, 20, 10, 25, 7, 
2020/9/7, 26, 11, 18, 5, 
2020/9/8, 30, 16, 25, 6, 
2020/9/9, 49, 15, 22, 4, 
2020/9/10, 42, 15, 35, 7, 
2020/9/11, 42, 10, 29, 5, 
2020/9/12, 32, 9, 33, 5, 
2020/9/13, 26, 17, 40, 12, 
2020/9/14, 36, 24, 48, 13, 
2020/9/15, 46, 26, 47, 8, 
2020/9/16, 66, 19, 30, 3, 
2020/9/17, 43, 19, 35, 5, 
2020/9/18, 36, 24, 33, 6, 
2020/9/19, 59, 15, 39, 4, 
2020/9/20, 45, 20, 44, 9, 
2020/9/21, 46, 25, 42, 11, 
2020/9/22, 64, 11, 29, 6, 
2020/9/23, 33, 7, 24, 4, 
2020/9/24, 15, 6, 24, 4, 
2020/9/25, 14, 8, 24, 2, 
2020/9/26, 18, 8, 23, 1, 
2020/9/27, 22, 9, 23, 4, 
2020/9/28, 27, 10, 20, 10, 
2020/9/29, 35, 9, 23, 7, 
2020/9/30, 28, 7, 24, 6, 
2020/4/1, 60, 16, 31, 11, 
2020/4/2, 48, 20, 29, 9, 
2020/4/3, 51, 14, 35, 7, 
2020/4/4, 47, 11, 36, 4, 
2020/4/5, 38, 13, 33, 9, 
2020/4/6, 39, 12, 34, 5, 
2020/4/7, 35, 20, 42, 10, 
2020/4/8, 55, 24, 46, 10, 
2020/4/9, 61, 29, 51, 6, 
2020/4/10, 71, 20, 47, 4, 
2020/4/11, 56, 17, 43, 4, 
2020/4/12, 50, 19, 32, 2, 
2020/4/13, 51, 16, 35, 2, 
2020/4/14, 46, 17, 38, 5, 
2020/4/15, 45, 16, 39, 9, 
2020/4/16, 40, 22, 32, 5, 
2020/4/17, 55, 14, 35, 4, 
2020/4/18, 45, 23, 38, 2, 
2020/4/19, 69, 26, 38, 3, 
2020/4/20, 74, 20, 38, 4, 
2020/4/21, 44, 25, 43, 5, 
2020/4/22, 57, 27, 49, 8, 
2020/4/23, 63, 30, 52, 9, 
2020/4/24, 69, 21, 37, 2, 
2020/4/25, 62, 18, 39, 3, 
2020/4/26, 56, 17, 35, 7, 
2020/4/27, 47, 8, 31, 2, 
2020/4/28, 28, 8, 29, 3, 
2020/4/29, 25, 8, 29, 3, 
2020/4/30, 17, 7, 32, 2, 
2020/5/1, 19, 8, 36, 2, 
2020/5/2, 23, 6, 22, 3, 
2020/5/3, 21, 9, 29, 2, 
2020/5/4, 31, 19, 27, 5, 
2020/5/5, 62, 13, 39, 5, 
2020/5/6, 37, 13, 43, 7, 
2020/5/7, 37, 14, 49, 5, 
2020/5/8, 44, 20, 41, 5, 
2020/5/9, 59, 9, 31, 2, 
2020/5/10, 31, 16, 30, 1, 
2020/5/11, 31, 11, 32, 2, 
2020/5/12, 25, 11, 32, 5, 
2020/5/13, 26, 10, 32, 2, 
2020/5/14, 21, 11, 36, 3, 
2020/5/15, 27, 9, 38, 5, 
2020/5/16, 29, 12, 41, 4, 
2020/5/17, 40, 11, 36, 6, 
2020/5/18, 29, 13, 29, 5, 
2020/5/19, 41, 10, 33, 5, 
2020/5/20, 22, 11, 40, 4, 
2020/5/21, 29, 12, 27, 6, 
2020/5/22, 31, 13, 29, 2, 
2020/5/23, 33, 13, 29, 1, 
2020/5/24, 36, 11, 34, 4, 
2020/5/25, 32, 12, 39, 5, 
2020/5/26, 32, 11, 37, 4, 
2020/5/27, 22, 12, 38, 2, 
2020/5/28, 35, 11, 40, 2, 
2020/5/29, 19, 13, 42, 4, 
2020/5/30, 28, 10, 40, 2, 
2020/5/31, 23, 9, 40, 2, 
2020/6/1, 17, 17, 48, 8, 
2020/6/2, 37, 15, 45, 6, 
2020/6/3, 32, 10, 31, 3, 
2020/6/4, 29, 9, 25, 4, 
2020/6/5, 23, 10, 27, 3, 
2020/6/6, 21, 7, 28, 2, 
2020/6/7, 23, 9, 26, 4, 
2020/6/8, 25, 8, 33, 3, 
2020/6/9, 21, 11, 28, 7, 
2020/6/10, 34, 9, 36, 5, 
2020/6/11, 27, 8, 25, 3, 
2020/6/12, 21, 7, 27, 3, 
2020/6/13, 14, 6, 28, 2, 
2020/6/14, 18, 8, 28, 6, 
2020/6/15, 20, 8, 24, 6, 
2020/6/16, 21, 8, 27, 5, 
2020/6/17, 20, 11, 23, 7, 
2020/6/18, 31, 9, 24, 5, 
2020/6/19, 19, 7, 24, 4, 
2020/6/20, 17, 8, 22, 3, 
2020/6/21, 23, 16, 30, 5, 
2020/6/22, 41, 12, 40, 5, 
2020/6/23, 32, 15, 48, 6, 
2020/6/24, 37, 18, 54, 7, 
2020/6/25, 42, 18, 39, 6, 
2020/6/26, 52, 9, 23, 2, 
2020/6/27, 27, 7, 27, 2, 
2020/6/28, 18, 9, 24, 3, 
2020/6/29, 20, 7, 18, 3, 
2020/6/30, 17, 4, 19, 2, 
2020/1/1, 79, 17, 6, 14, 
2020/1/2, 57, 11, 21, 9, 
2020/1/3, 35, 19, 12, 17, 
2020/1/4, 56, 11, 17, 14, 
2020/1/5, 40, 16, 12, 15, 
2020/1/6, 54, 15, 13, 15, 
2020/1/7, 45, 6, 19, 11, 
2020/1/8, 21, 5, 26, 6, 
2020/1/9, 17, 10, 25, 10, 
2020/1/10, 30, 13, 19, 12, 
2020/1/11, 44, 9, 25, 7, 
2020/1/12, 30, 12, 23, 13, 
2020/1/13, 43, 4, 26, 3, 
2020/1/14, 14, 9, 25, 10, 
2020/1/15, 31, 14, 21, 12, 
2020/1/16, 43, 9, 26, 10, 
2020/1/17, 23, 13, 23, 13, 
2020/1/18, 36, 20, 23, 13, 
2020/1/19, 59, 18, 19, 11, 
2020/1/20, 51, 24, 15, 13, 
2020/1/21, 71, 33, 11, 17, 
2020/1/22, 93, 29, 12, 11, 
2020/1/23, 87, 31, 10, 11, 
2020/1/24, 91, 23, 4, 17, 
2020/1/25, 73, 29, 16, 13, 
2020/1/26, 87, 7, 28, 13, 
2020/1/27, 19, 6, 30, 8, 
2020/1/28, 15, 13, 25, 15, 
2020/1/29, 32, 8, 20, 14, 
2020/1/30, 28, 5, 19, 9, 
2020/1/31, 13, 6, 23, 9, 
2020/2/1, 18, 6, 25, 7, 
2020/2/2, 22, 9, 33, 11, 
2020/2/3, 25, 12, 29, 6, 
2020/2/4, 29, 12, 22, 15, 
2020/2/5, 31, 19, 21, 14, 
2020/2/6, 60, 17, 16, 16, 
2020/2/7, 53, 13, 17, 12, 
2020/2/8, 44, 6, 30, 2, 
2020/2/9, 21, 17, 32, 5, 
2020/2/10, 42, 11, 30, 9, 
2020/2/11, 26, 10, 23, 15, 
2020/2/12, 25, 12, 28, 9, 
2020/2/13, 31, 20, 23, 13, 
2020/2/14, 46, 13, 24, 6, 
2020/2/15, 37, 4, 32, 1, 
2020/2/16, 11, 10, 27, 9, 
2020/2/17, 25, 11, 24, 10, 
2020/2/18, 28, 14, 26, 14, 
2020/2/19, 33, 9, 28, 7, 
2020/2/20, 22, 13, 24, 14, 
2020/2/21, 32, 10, 20, 10, 
2020/2/22, 31, 2, 23, 3, 
2020/2/23, 10, 4, 22, 6, 
2020/2/24, 11, 8, 28, 8, 
2020/2/25, 19, 11, 26, 12, 
2020/2/26, 22, 8, 24, 10, 
2020/2/27, 21, 22, 19, 19, 
2020/2/28, 50, 24, 29, 4, 
2020/2/29, 40, 10, 27, 6, 
2020/3/1, 27, 7, 25, 12, 
2020/3/2, 18, 19, 22, 15, 
2020/3/3, 31, 13, 17, 18, 
2020/3/4, 38, 9, 20, 13, 
2020/3/5, 30, 12, 29, 11, 
2020/3/6, 39, 22, 24, 17, 
2020/3/7, 64, , , , 
2020/3/9, 37, 4, 24, 7, 
2020/3/10, 12, 6, 25, 5, 
2020/3/11, 16, 10, 28, 6, 
2020/3/12, 24, 15, 26, 8, 
2020/3/13, 34, 8, 23, 10, 
2020/3/14, 26, 11, 29, 9, 
2020/3/15, 36, 12, 23, 12, 
2020/3/16, 40, 18, 27, 15, 
2020/3/17, 56, 21, 29, 9, 
2020/3/18, 67, 19, 31, 10, 
2020/3/19, 58, 27, 18, 7, 
2020/3/20, 83, 10, 22, 2, 
2020/3/21, 41, 10, 27, 2, 
2020/3/22, 40, 11, 30, 5, 
2020/3/23, 37, 16, 30, 8, 
2020/3/24, 51, 20, 32, 9, 
2020/3/25, 61, 28, 35, 8, 
2020/3/26, 75, 39, 35, 10, 
2020/3/27, 97, 49, 36, 7, 
2020/3/28, 126, 12, 31, 1, 
2020/3/29, 30, , , , 
2019/10/1, 25, , 26, 6, 
2019/10/2, 26, , 16, 13, 
2019/10/3, 47, , 22, 8, 
2019/10/4, 39, , 16, 10, 
2019/10/5, 32, , 26, 4, 
2019/10/6, 35, , 23, 9, 
2019/10/7, 32, , 19, 9, 
2019/10/8, 33, , 23, 7, 
2019/10/9, 29, , 23, 8, 
2019/10/10, 28, , 19, 10, 
2019/10/11, 34, , 21, 9, 
2019/10/12, 36, , 22, 9, 
2019/10/13, 49, , 20, 10, 
2019/10/14, 39, , 24, 8, 
2019/10/15, 28, , 18, 8, 
2019/10/16, 28, , 24, 9, 
2019/10/17, 30, , 27, 6, 
2019/10/18, 25, , 24, 8, 
2019/10/19, 28, , 20, 7, 
2019/10/20, 47, , 25, 10, 
2019/10/21, 27, , 15, 13, 
2019/10/22, 53, , 12, 8, 
2019/10/23, 58, , 17, 11, 
2019/10/24, 52, , 19, 11, 
2019/10/25, 36, , 21, 7, 
2019/10/26, 34, , 24, 6, 
2019/10/27, 33, , 21, 9, 
2019/10/28, 39, , 18, 8, 
2019/10/29, 47, , 14, 7, 
2019/10/30, 58, , 6, 7, 
2019/10/31, 72, , 12, 10, 
2019/11/1, 43, , 25, 4, 
2019/11/2, 21, , 23, 5, 
2019/11/3, 20, , 22, 9, 
2019/11/4, 20, , 21, 13, 
2019/11/5, 28, , 17, 13, 
2019/11/6, 39, , 21, 10, 
2019/11/7, 23, , 16, 12, 
2019/11/8, 35, , 15, 14, 
2019/11/9, 57, , 16, 7, 
2019/11/10, 36, , 22, 8, 
2019/11/11, 35, , 23, 16, 
2019/11/12, 24, , 18, 15, 
2019/11/13, 29, , 26, 12, 
2019/11/14, 23, , 13, 15, 
2019/11/15, 40, , 11, 12, 
2019/11/16, 31, , 13, 13, 
2019/11/17, 50, , 13, 17, 
2019/11/18, 47, , 4, 21, 
2019/11/19, 65, , 9, 18, 
2019/11/20, 54, , 10, 13, 
2019/11/21, 52, , 20, 10, 
2019/11/22, 26, , 16, 10, 
2019/11/23, 28, , 19, 11, 
2019/11/24, 40, , 13, 11, 
2019/11/25, 31, , 18, 11, 
2019/11/26, 27, , 25, 8, 
2019/11/27, 23, , 24, 9, 
2019/11/28, 26, , 20, 13, 
2019/11/29, 36, , 18, 12, 
2019/11/30, 48, , 19, 8, 
2019/12/1, 53, , 21, 21, 
2019/12/2, 56, , 1, 19, 
2019/12/3, 91, , 6, 13, 
2019/12/4, 73, , 2, 18, 
2019/12/5, 90, , 16, 11, 
2019/12/6, 51, , 20, 11, 
2019/12/7, 28, , 28, 4, 
2019/12/8, 23, , 31, 6, 
2019/12/9, 21, , 16, 15, 
2019/12/10, 50, , 22, 15, 
2019/12/11, 40, , 22, 14, 
2019/12/12, 28, , 30, 7, 
2019/12/13, 23, , 33, 9, 
2019/12/14, 29, , 32, 9, 
2019/12/15, 31, , 17, 17, 
2019/12/16, 44, , 12, 16, 
2019/12/17, 41, , 14, 15, 
2019/12/18, 54, , 16, 10, 
2019/12/19, 40, , 26, 8, 
2019/12/20, 19, , 24, 9, 
2019/12/21, 28, , 29, 8, 
2019/12/22, 22, 21, 26, 9, 
2019/12/23, 25, 15, 26, 7, 
2019/12/24, 33, 10, 28, 9, 
2019/12/25, 29, 14, 19, 14, 
2019/12/26, 44, 13, 29, 8, 
2019/12/27, 39, 19, 19, 9, 
2019/12/28, 62, 27, 6, 13, 
2019/12/29, 84, , , , 
2019/7/1, 30, 15, 34, 5, 
2019/7/2, 34, 15, 38, 3, 
2019/7/3, 33, 17, 37, 3, 
2019/7/4, 33, 20, 45, 8, 
2019/7/5, 45, 17, 46, 5, 
2019/7/6, 46, 21, 36, 3, 
2019/7/7, 57, 15, 36, 3, 
2019/7/8, 33, 15, 35, 4, 
2019/7/9, 31, 21, 47, 7, 
2019/7/10, 46, 24, 49, 9, 
2019/7/11, 54, 14, 29, 4, 
2019/7/12, 34, 15, 33, 5, 
2019/7/13, 38, 13, 28, 1, 
2019/7/14, 32, 14, 30, 2, 
2019/7/15, 28, 18, 36, 5, 
2019/7/16, 39, 20, 42, 7, 
2019/7/17, 46, 18, 29, 6, 
2019/7/18, 39, 18, 26, 6, 
2019/7/19, 34, 15, 24, 6, 
2019/7/20, 36, 14, 30, 3, 
2019/7/21, 30, 15, 40, 6, 
2019/7/22, 33, 23, 55, 7, 
2019/7/23, 46, 29, 53, 8, 
2019/7/24, 56, 39, 54, 10, 
2019/7/25, 62, 22, 29, 4, 
2019/7/26, 44, 16, 26, 2, 
2019/7/27, 27, 16, 30, 3, 
2019/7/28, 31, 17, 35, 6, 
2019/7/29, 34, 19, 26, 5, 
2019/7/30, 29, 14, 23, 3, 
2019/7/31, 24, 15, 29, 6, 
2019/8/1, 31, 18, 35, 5, 
2019/8/2, 35, 18, 33, 3, 
2019/8/3, 37, 19, 40, 5, 
2019/8/4, 42, 16, 22, 5, 
2019/8/5, 33, 15, 21, 7, 
2019/8/6, 32, 14, 27, 6, 
2019/8/7, 31, 14, 29, 7, 
2019/8/8, 29, 13, 24, 7, 
2019/8/9, 28, 17, 28, 2, 
2019/8/10, 30, 16, 26, 3, 
2019/8/11, 31, 13, 26, 6, 
2019/8/12, 27, 13, 24, 6, 
2019/8/13, 28, 11, 16, 6, 
2019/8/14, 27, , 23, 3, 
2019/8/16, 21, 10, 18, 5, 
2019/8/17, 28, 10, 29, 4, 
2019/8/18, 25, 24, 27, 6, 
2019/8/19, 32, 29, 32, 7, 
2019/8/20, 40, 19, 37, 7, 
2019/8/21, 35, 15, 39, 8, 
2019/8/22, 38, 9, 41, 7, 
2019/8/23, 38, , 43, 9, 
2019/8/25, 46, 16, 45, 10, 
2019/8/26, 56, 18, 48, 12, 
2019/8/27, 59, 20, 33, 11, 
2019/8/28, 66, 7, 33, 4, 
2019/8/29, 41, 8, 37, 8, 
2019/8/30, 29, 9, 33, 7, 
2019/8/31, 35, 5, 28, 2, 
2019/9/1, 24, 11, 32, 7, 
2019/9/2, 32, 10, 28, 8, 
2019/9/3, 32, 13, 24, 8, 
2019/9/4, 35, 11, 26, 6, 
2019/9/5, 29, 15, 25, 10, 
2019/9/6, 39, 7, 21, 5, 
2019/9/7, 36, 5, 30, 5, 
2019/9/8, 29, 11, 25, 10, 
2019/9/9, 36, 14, 33, 9, 
2019/9/10, 44, 13, 20, 10, 
2019/9/11, 40, 7, 14, 9, 
2019/9/12, 29, 14, 12, 10, 
2019/9/13, 36, 18, 32, 5, 
2019/9/14, 42, 18, 42, 6, 
2019/9/15, 49, 21, 22, 8, 
2019/9/16, 48, 15, 29, 3, 
2019/9/17, 37, 21, 30, 4, 
2019/9/18, 33, 15, 29, 4, 
2019/9/19, 26, 21, 29, 8, 
2019/9/20, 33, 22, 36, 7, 
2019/9/21, 39, 20, 29, 6, 
2019/9/22, 40, 15, 24, 7, 
2019/9/23, 26, 16, 20, 7, 
2019/9/24, 31, 16, 20, 7, 
2019/9/25, 31, 17, 23, 6, 
2019/9/26, 33, 18, 23, 7, 
2019/9/27, 28, 15, 25, 5, 
2019/9/28, 29, 23, 26, 2, 
2019/9/29, 24, 28, 25, 6, 
2019/9/30, 32, , 23, 5, 
2019/4/1, 72, 33, 30, 15, 
2019/4/2, 72, 9, 32, 11, 
2019/4/3, 20, 13, 33, 14, 
2019/4/4, 36, 11, 32, 11, 
2019/4/5, 26, 19, 35, 10, 
2019/4/6, 61, 21, 34, 10, 
2019/4/7, 63, 33, 33, 13, 
2019/4/8, 82, 22, 25, 13, 
2019/4/9, 62, 37, 24, 11, 
2019/4/10, 96, 25, 33, 7, 
2019/4/11, 63, 27, 35, 8, 
2019/4/12, 69, 20, 36, 8, 
2019/4/13, 61, 19, 38, 7, 
2019/4/14, 61, 31, 40, 11, 
2019/4/15, 84, 27, 32, 14, 
2019/4/16, 68, 24, 34, 10, 
2019/4/17, 62, 17, 45, 4, 
2019/4/18, 60, 21, 50, 9, 
2019/4/19, 60, 35, 56, 8, 
2019/4/20, 86, 26, 57, 6, 
2019/4/21, 71, 21, 45, 5, 
2019/4/22, 64, 27, 28, 14, 
2019/4/23, 61, 21, 31, 8, 
2019/4/24, 54, 7, 32, 6, 
2019/4/25, 32, 11, 26, 8, 
2019/4/26, 30, 15, 36, 3, 
2019/4/27, 22, 15, 32, 4, 
2019/4/28, 23, 19, 31, 9, 
2019/4/29, 44, 22, 37, 8, 
2019/4/30, 60, 30, 37, 5, 
2019/5/1, 83, 27, 34, 6, 
2019/5/2, 74, 16, 33, 7, 
2019/5/3, 49, 11, 31, 3, 
2019/5/4, 31, 11, 39, 2, 
2019/5/5, 24, 21, 36, 10, 
2019/5/6, 47, 16, 36, 10, 
2019/5/7, 47, , 34, 3, 
2019/5/8, 38, 15, 35, 5, 
2019/5/9, 39, 16, 28, 12, 
2019/5/10, 54, 15, 36, 3, 
2019/5/11, 53, 12, 38, 4, 
2019/5/12, 40, 15, 39, 4, 
2019/5/13, 39, 19, 40, 4, 
2019/5/14, 48, 21, 34, 8, 
2019/5/15, 50, 22, 40, 7, 
2019/5/16, 49, 32, 33, 9, 
2019/5/17, 66, 39, 22, 8, 
2019/5/18, 90, 47, 27, 5, 
2019/5/19, 115, 26, 39, 6, 
2019/5/20, 64, 28, 36, 9, 
2019/5/21, 69, 21, 39, 11, 
2019/5/22, 46, 20, 37, 11, 
2019/5/23, 45, 23, 38, 8, 
2019/5/24, 58, 26, 31, 6, 
2019/5/25, 61, 18, 24, 5, 
2019/5/26, 41, 15, 26, 4, 
2019/5/27, 30, 16, 26, 4, 
2019/5/28, 27, 18, 25, 9, 
2019/5/29, 37, 12, 20, 4, 
2019/5/30, 27, 13, 23, 7, 
2019/5/31, 33, 14, 28, 6, 
2019/6/1, 34, 14, 35, 6, 
2019/6/2, 37, 18, 31, 4, 
2019/6/3, 32, 18, 17, 8, 
2019/6/4, 40, 13, , 8, 
2019/6/5, 29, 13, 28, 7, 
2019/6/6, 31, 11, 31, 5, 
2019/6/7, 26, 11, 26, 4, 
2019/6/8, 23, 15, 25, 7, 
2019/6/9, 34, 14, 23, 7, 
2019/6/10, 38, 12, 29, 8, 
2019/6/11, 32, 12, 24, 7, 
2019/6/12, 31, 10, 25, 9, 
2019/6/13, 25, 13, 30, 10, 
2019/6/14, 31, 14, 29, 7, 
2019/6/15, 31, 10, 23, 4, 
2019/6/16, 26, 17, 28, 8, 
2019/6/17, 38, 17, 37, 5, 
2019/6/18, 37, 18, 35, 8, 
2019/6/19, 42, 18, 32, 5, 
2019/6/20, 43, 14, 28, 6, 
2019/6/21, 27, 16, 37, 5, 
2019/6/22, 34, 21, 44, 3, 
2019/6/23, 53, 18, 27, 7, 
2019/6/24, 47, 22, 51, 6, 
2019/6/25, 47, 26, 45, 4, 
2019/6/26, 57, 26, 42, 3, 
2019/6/27, 52, 23, 48, 4, 
2019/6/28, 45, 21, 67, 6, 
2019/6/29, 52, 23, 39, 3, 
2019/6/30, 49, 13, 29, 3, 
2019/1/1, 40, 20, 25, 9, 
2019/1/2, 37, 22, 20, 15, 
2019/1/3, 54, 26, 12, 22, 
2019/1/4, 62, 30, 18, 13, 
2019/1/5, 78, 26, 16, 18, 
2019/1/6, 67, 26, 11, 19, 
2019/1/7, 56, 17, 24, 12, 
2019/1/8, 24, 16, 25, 11, 
2019/1/9, 21, 16, 20, 17, 
2019/1/10, 29, 26, 12, 18, 
2019/1/11, 61, 18, 19, 14, 
2019/1/12, 52, 15, 28, 5, 
2019/1/13, 19, 14, 29, 10, 
2019/1/14, 17, 19, 16, 19, 
2019/1/15, 33, 17, 25, 10, 
2019/1/16, 37, 11, 24, 15, 
2019/1/17, 22, 31, 12, 24, 
2019/1/18, 66, 24, 11, 17, 
2019/1/19, 80, 19, 18, 11, 
2019/1/20, 61, 50, 3, 25, 
2019/1/21, 124, 31, 14, 20, 
2019/1/22, 86, 11, 20, 15, 
2019/1/23, 32, 32, 11, 24, 
2019/1/24, 85, 29, 6, 21, 
2019/1/25, 73, 10, 28, 10, 
2019/1/26, 20, 8, 31, 4, 
2019/1/27, 9, 14, 29, 11, 
2019/1/28, 16, 22, 16, 20, 
2019/1/29, 48, 9, 26, 13, 
2019/1/30, 19, 11, 19, 14, 
2019/1/31, 39, 15, 19, 18, 
2019/2/1, 38, 15, 24, 8, 
2019/2/2, 47, 13, 25, 11, 
2019/2/3, 30, 16, 15, 20, 
2019/2/4, 45, 10, 20, 14, 
2019/2/5, 34, 11, 14, 17, 
2019/2/6, 34, 13, 28, 14, 
2019/2/7, 16, 10, 28, 10, 
2019/2/8, 17, 14, 31, 7, 
2019/2/9, 16, 5, 32, 5, 
2019/2/10, 9, 15, 24, 16, 
2019/2/11, 20, 26, 17, 21, 
2019/2/12, 58, 28, 15, 20, 
2019/2/13, 68, 43, 8, 22, 
2019/2/14, 98, 42, 8, 23, 
2019/2/15, 101, 38, 13, 21, 
2019/2/16, 98, 29, 26, 17, 
2019/2/17, 80, 30, 24, 18, 
2019/2/18, 74, 23, 25, 17, 
2019/2/19, 50, 28, 14, 18, 
2019/2/20, 73, 44, 8, 22, 
2019/2/21, 100, 47, 14, 20, 
2019/2/22, 114, 32, 22, 14, 
2019/2/23, 84, 22, 24, 16, 
2019/2/24, 64, 29, 21, 17, 
2019/2/25, 67, 35, 19, 21, 
2019/2/26, 69, 45, 14, 24, 
2019/2/27, 92, 32, 29, 17, 
2019/2/28, 63, 18, 33, 11, 
2019/3/1, 37, 18, 29, 11, 
2019/3/2, 34, 12, 31, 3, 
2019/3/3, 24, 9, 37, 7, 
2019/3/4, 13, 10, 29, 13, 
2019/3/5, 19, 12, 26, 13, 
2019/3/6, 25, 10, 29, 10, 
2019/3/7, 16, 17, 30, 11, 
2019/3/8, 23, 16, 30, 8, 
2019/3/9, 29, 19, 37, 5, 
2019/3/10, 27, 15, 35, 9, 
2019/3/11, 17, 18, 31, 11, 
2019/3/12, 31, 19, 32, 9, 
2019/3/13, 25, 12, 30, 8, 
2019/3/14, 14, 11, 27, 6, 
2019/3/15, 14, 9, 37, 5, 
2019/3/16, 14, 8, 37, 7, 
2019/3/17, 14, 15, 30, 13, 
2019/3/18, 22, 21, 26, 17, 
2019/3/19, 49, 22, 29, 19, 
2019/3/20, 51, 18, 25, 16, 
2019/3/21, 46, 29, 20, 16, 
2019/3/22, 72, 29, 24, 9, 
2019/3/23, 78, 22, 34, 6, 
2019/3/24, 48, 18, 35, 10, 
2019/3/25, 31, 23, 37, 15, 
2019/3/26, 44, 36, 33, 17, 
2019/3/27, 67, 21, 27, 11, 
2019/3/28, 46, 29, 28, 15, 
2019/3/29, 70, 26, 38, 16, 
2019/3/30, 63, 34, 40, 14, 
2019/3/31, 82, 30, 31, 9, 
2018/10/1, 19, 12, 13, 16, 
2018/10/2, 32, 7, 19, 7, 
2018/10/3, 24, 14, 22, 12, 
2018/10/4, 46, 19, 19, 17, 
2018/10/5, 48, 15, 24, 12, 
2018/10/6, 53, 9, 25, 3, 
2018/10/7, 36, 14, 23, 13, 
2018/10/8, 44, 20, 16, 17, 
2018/10/9, 61, 20, 25, 12, 
2018/10/10, 63, 8, 26, 9, 
2018/10/11, 22, 8, 19, 11, 
2018/10/12, 32, 11, 23, 9, 
2018/10/13, 32, 12, 23, 10, 
2018/10/14, 38, 11, 23, 13, 
2018/10/15, 33, 17, 26, 14, 
2018/10/16, 44, 16, 19, 12, 
2018/10/17, 52, 11, 23, 7, 
2018/10/18, 46, 24, 17, 8, 
2018/10/19, 65, 15, 27, 10, 
2018/10/20, 49, 20, 25, 10, 
2018/10/21, 63, 19, 23, 8, 
2018/10/22, 51, 18, 21, 13, 
2018/10/23, 46, 14, 14, 12, 
2018/10/24, 39, 22, 17, 13, 
2018/10/25, 61, 13, 21, 11, 
2018/10/26, 37, 9, 21, 11, 
2018/10/27, 35, 8, 21, 4, 
2018/10/28, 28, 12, 16, 7, 
2018/10/29, 49, 11, 15, 13, 
2018/10/30, 34, 18, 8, 15, 
2018/10/31, 55, 9, 17, 11, 
2018/11/1, 30, 13, 18, 16, 
2018/11/2, 41, 21, 8, 16, 
2018/11/3, 67, 26, 7, 17, 
2018/11/4, 79, 26, 7, 16, 
2018/11/5, 68, 14, 18, 13, 
2018/11/6, 40, 5, 21, 9, 
2018/11/7, 11, 12, 18, 13, 
2018/11/8, 27, 12, 19, 12, 
2018/11/9, 33, 6, 23, 8, 
2018/11/10, 13, 5, 21, 9, 
2018/11/11, 11, 6, 17, 15, 
2018/11/12, 17, 16, 18, 17, 
2018/11/13, 34, 17, 4, 17, 
2018/11/14, 52, 16, 1, 15, 
2018/11/15, 56, 11, 4, 12, 
2018/11/16, 43, 22, 12, 8, 
2018/11/17, 72, 14, 17, 8, 
2018/11/18, 60, 17, 12, 12, 
2018/11/19, 61, 16, 12, 9, 
2018/11/20, 62, 28, 7, 13, 
2018/11/21, 84, 34, 1, 14, 
2018/11/22, 95, 20, 2, 15, 
2018/11/23, 69, 19, 12, 15, 
2018/11/24, 59, 13, 15, 8, 
2018/11/25, 48, 26, 6, 13, 
2018/11/26, 75, 21, 8, 16, 
2018/11/27, 62, 10, 14, 15, 
2018/11/28, 24, 13, 22, 10, 
2018/11/29, 29, 19, 26, 17, 
2018/11/30, 33, 16, 15, 15, 
2018/12/1, 45, 9, 20, 8, 
2018/12/2, 16, 19, 23, 9, 
2018/12/3, 17, 21, 21, 14, 
2018/12/4, 33, 23, 11, 16, 
2018/12/5, 43, 11, 16, 16, 
2018/12/6, 26, 11, 26, 9, 
2018/12/7, 16, 13, 28, 6, 
2018/12/8, 21, 14, 33, 4, 
2018/12/9, 23, 8, 22, 16, 
2018/12/10, 24, 32, 3, 21, 
2018/12/11, 85, 26, 13, 15, 
2018/12/12, 80, 18, 10, 12, 
2018/12/13, 74, 14, 8, 18, 
2018/12/14, 79, 11, 12, 14, 
2018/12/15, 85, 2, 14, 14, 
2018/12/16, 47, , 16, 20, 
2018/12/17, 34, , 18, 11, 
2018/12/18, 40, 16, 18, 17, 
2018/12/19, 30, 13, 21, 15, 
2018/12/20, 22, 11, 25, 10, 
2018/12/21, 19, 20, 28, 10, 
2018/12/22, 30, 13, 21, 8, 
2018/12/23, 22, 12, 23, 10, 
2018/12/24, 37, 20, 5, 16, 
2018/12/25, 62, 36, 4, 17, 
2018/12/26, 94, 35, 1, 16, 
2018/12/27, 96, 47, 1, 16, 
2018/12/28, 115, 43, 5, 14, 
2018/12/29, 101, 13, 12, 14, 
2018/12/30, 43, , , , 
2018/7/1, 54, 18, 50, 6, 
2018/7/2, 40, 16, 42, 8, 
2018/7/3, 36, 24, 35, 8, 
2018/7/4, 53, 15, 52, 4, 
2018/7/5, 29, 22, 56, 9, 
2018/7/6, 46, 25, 71, 7, 
2018/7/7, 59, 24, 60, 4, 
2018/7/8, 56, 14, 32, 5, 
2018/7/9, 18, 13, 27, 4, 
2018/7/10, 12, 16, 32, 4, 
2018/7/11, 22, 22, 33, 5, 
2018/7/12, 37, 20, 36, 5, 
2018/7/13, 38, 18, 45, 4, 
2018/7/14, 33, 19, 52, 5, 
2018/7/15, 46, 13, 37, 6, 
2018/7/16, 22, 13, 31, 5, 
2018/7/17, 19, 17, 32, 5, 
2018/7/18, 13, 22, 41, 9, 
2018/7/19, 33, 21, 31, 8, 
2018/7/20, 49, 21, 31, 6, 
2018/7/21, 39, 28, 50, 4, 
2018/7/22, 68, 21, 42, 11, 
2018/7/23, 38, 21, 39, 9, 
2018/7/24, 26, 22, 49, 6, 
2018/7/25, 29, 27, 70, 11, 
2018/7/26, 46, 30, 61, 9, 
2018/7/27, 50, 14, 28, 4, 
2018/7/28, 18, 12, 23, 4, 
2018/7/29, 12, 8, 20, 5, 
2018/7/30, 10, 9, 27, 6, 
2018/7/31, 14, 11, 31, 4, 
2018/8/1, 15, 14, 40, 5, 
2018/8/2, 22, 20, 55, 9, 
2018/8/3, 39, 17, 44, 5, 
2018/8/4, 38, 10, 36, 2, 
2018/8/5, 23, 16, 48, 8, 
2018/8/6, 37, 25, 48, 11, 
2018/8/7, 49, 13, 28, 5, 
2018/8/8, 25, 9, 24, 4, 
2018/8/9, 16, 10, 24, 7, 
2018/8/10, 19, 9, 22, 5, 
2018/8/11, 19, 9, 31, 6, 
2018/8/12, 17, 8, 20, 5, 
2018/8/13, 17, 11, 23, 6, 
2018/8/14, 21, 10, 24, 4, 
2018/8/15, 25, 9, 24, 5, 
2018/8/16, 24, 10, 24, 3, 
2018/8/17, 16, 12, 22, 6, 
2018/8/18, 26, 13, 23, 5, 
2018/8/19, 39, 6, 20, 4, 
2018/8/20, 17, 9, 17, 5, 
2018/8/21, 25, 11, 25, 6, 
2018/8/22, 27, 10, 20, 4, 
2018/8/23, 23, 13, 23, 5, 
2018/8/24, 21, 6, 23, 4, 
2018/8/25, 12, 8, 17, 7, 
2018/8/26, 20, 10, 23, 6, 
2018/8/27, 22, 14, 32, 6, 
2018/8/28, 25, 10, 26, 7, 
2018/8/29, 27, 14, 22, 9, 
2018/8/30, 33, 13, 30, 7, 
2018/8/31, 35, 10, 32, 6, 
2018/9/1, 23, 13, 40, 6, 
2018/9/2, 33, 20, 43, 9, 
2018/9/3, 52, 17, 33, 6, 
2018/9/4, 33, , 26, 5, 
2018/9/5, 31, , 33, 5, 
2018/9/6, 34, , 27, 7, 
2018/9/7, 22, , 25, 10, 
2018/9/8, 27, , 33, 6, 
2018/9/9, 28, 10, 26, 7, 
2018/9/10, 27, 10, 25, 9, 
2018/9/12, 20, 10, 27, 5, 
2018/9/13, 32, 13, 23, 9, 
2018/9/14, 29, 12, 24, 10, 
2018/9/15, 31, 8, 25, 9, 
2018/9/16, 23, 14, 29, 15, 
2018/9/17, 31, 15, 24, 12, 
2018/9/18, 32, 17, 25, 11, 
2018/9/19, 31, 15, 24, 8, 
2018/9/20, 23, 10, 26, 6, 
2018/9/21, 16, 9, 22, 6, 
2018/9/22, 19, 3, 21, 5, 
2018/9/23, 16, 7, 24, 9, 
2018/9/24, 18, 8, 27, 5, 
2018/9/25, 18, 10, 27, 12, 
2018/9/26, 32, 19, 26, 17, 
2018/9/27, 57, 15, 23, 10, 
2018/9/28, 46, 9, 26, 6, 
2018/9/29, 28, 11, 32, 9, 
2018/9/30, 38, 9, 25, 7, 
2018/4/1, 41, 7, 28, 9, 
2018/4/2, 24, 10, 23, 14, 
2018/4/3, 23, 8, 31, 11, 
2018/4/4, 16, 10, 31, 8, 
2018/4/5, 17, 13, 27, 12, 
2018/4/6, 34, 13, 24, 13, 
2018/4/7, 35, 19, 29, 7, 
2018/4/8, 56, 39, 20, 15, 
2018/4/9, 100, 11, 35, 8, 
2018/4/10, 33, 11, 33, 11, 
2018/4/11, 21, 37, 19, 12, 
2018/4/12, 93, 45, 26, 13, 
2018/4/13, 109, 35, 18, 12, 
2018/4/14, 89, 10, 29, 8, 
2018/4/15, 35, 13, 33, 10, 
2018/4/16, 18, 17, 34, 15, 
2018/4/17, 30, 19, 42, 13, 
2018/4/18, 37, 21, 41, 15, 
2018/4/19, 43, 27, 46, 15, 
2018/4/20, 50, 20, 42, 9, 
2018/4/21, 46, 25, 39, 5, 
2018/4/22, 51, 11, 32, 5, 
2018/4/23, 19, 12, 31, 10, 
2018/4/24, 22, 11, 33, 6, 
2018/4/25, 18, 13, 34, 7, 
2018/4/26, 14, 13, 34, 8, 
2018/4/27, 19, 6, 32, 4, 
2018/4/28, 13, 17, 25, 3, 
2018/4/29, 56, 4, 32, 6, 
2018/4/30, 14, 9, 35, 7, 
2018/5/1, 27, 8, 30, 12, 
2018/5/2, 21, 11, 36, 11, 
2018/5/3, 27, 13, 34, 11, 
2018/5/4, 25, , , , 
2018/5/6, 41, 24, 46, 10, 
2018/5/7, 54, 25, 44, 6, 
2018/5/8, 54, 17, 34, 5, 
2018/5/9, 34, 12, 34, 2, 
2018/5/10, 18, 12, 34, 8, 
2018/5/11, 20, 13, 29, 7, 
2018/5/12, 32, 8, 34, 4, 
2018/5/13, 24, 16, 36, 6, 
2018/5/14, 27, 22, 41, 6, 
2018/5/15, 49, 30, 38, 5, 
2018/5/16, 62, 27, 32, 4, 
2018/5/17, 33, 19, 32, 5, 
2018/5/18, 27, 17, 32, 4, 
2018/5/19, 35, , , , 
2018/5/21, 40, 33, 43, 9, 
2018/5/22, 72, 29, 36, 4, 
2018/5/23, 64, 29, 30, 8, 
2018/5/24, 74, 34, 31, 11, 
2018/5/25, 84, 18, 40, 5, 
2018/5/26, 46, 10, 39, 6, 
2018/5/27, 28, 15, 35, 8, 
2018/5/28, 32, 10, 32, 5, 
2018/5/29, 23, 15, 29, 8, 
2018/5/30, 26, 11, 28, 9, 
2018/5/31, 26, 12, 28, 9, 
2018/6/1, 32, 13, 40, 4, 
2018/6/2, 43, 9, 36, 3, 
2018/6/3, 16, 26, 36, 5, 
2018/6/4, 63, 24, 34, 6, 
2018/6/5, 63, 36, 25, 6, 
2018/6/6, 74, 25, 30, 6, 
2018/6/7, 44, 18, 30, 5, 
2018/6/8, 49, 31, 42, 3, 
2018/6/9, 72, 34, 40, 3, 
2018/6/10, 81, 31, 29, 5, 
2018/6/11, 70, 22, 33, 5, 
2018/6/12, 58, 9, 30, 4, 
2018/6/13, 12, 12, 22, 9, 
2018/6/14, 23, 22, 36, 8, 
2018/6/15, 40, 14, 30, 5, 
2018/6/16, 22, 11, 26, 3, 
2018/6/17, 17, 8, 28, 4, 
2018/6/18, 10, 10, 19, 6, 
2018/6/19, 23, 12, 26, 4, 
2018/6/20, 27, 11, 31, 3, 
2018/6/21, 15, 18, 34, 6, 
2018/6/22, 22, 13, 38, 4, 
2018/6/23, 19, 16, 41, 5, 
2018/6/24, 33, 10, 30, 4, 
2018/6/25, 13, 15, 41, 6, 
2018/6/26, 25, 25, 41, 5, 
2018/6/27, 40, 25, 52, 5, 
2018/6/28, 39, 23, 50, 6, 
2018/6/29, 41, 22, 59, 3, 
2018/6/30, 44, 23, 50, 5, 
2018/1/1, 5, 18, 27, 14, 
2018/1/2, 19, 26, 30, 6, 
2018/1/3, 18, 18, 28, 9, 
2018/1/4, 13, 21, 29, 16, 
2018/1/5, 10, 25, 16, 13, 
2018/1/6, 40, 27, 15, 7, 
2018/1/7, 61, 24, 8, 9, 
2018/1/8, 56, 26, 3, 13, 
2018/1/9, 58, 23, 14, 19, 
2018/1/10, 29, 21, 11, 14, 
2018/1/11, 38, 23, 18, 12, 
2018/1/12, 49, 33, 9, 15, 
2018/1/13, 76, 31, 11, 12, 
2018/1/14, 73, 18, 23, 10, 
2018/1/15, 29, 17, 26, 11, 
2018/1/16, 6, 19, 30, 13, 
2018/1/17, 9, 21, 28, 8, 
2018/1/18, 10, 15, 25, 17, 
2018/1/19, 9, 14, 24, 11, 
2018/1/20, 11, 14, 26, 9, 
2018/1/21, 14, 18, 25, 12, 
2018/1/22, 9, 20, 22, 15, 
2018/1/23, 10, 21, 24, 6, 
2018/1/24, 9, 21, 27, 16, 
2018/1/25, 24, 25, 17, 17, 
2018/1/26, 39, 24, 14, 13, 
2018/1/27, 52, 15, 21, 8, 
2018/1/28, 17, 18, 22, 12, 
2018/1/29, 12, 22, 14, 17, 
2018/1/30, 29, 15, 23, 10, 
2018/1/31, 11, 6, 24, 13, 
2018/2/1, 15, 9, 17, 14, 
2018/2/2, 17, 10, 12, 17, 
2018/2/3, 41, 6, 21, 5, 
2018/2/4, 30, 13, 13, 11, 
2018/2/5, 57, 20, 16, 13, 
2018/2/6, 73, 11, 22, 10, 
2018/2/7, 44, 29, 8, 24, 
2018/2/8, 89, 15, 23, 15, 
2018/2/9, 49, 13, 23, 14, 
2018/2/10, 24, 7, 27, 8, 
2018/2/11, 13, 15, 20, 22, 
2018/2/12, 30, 13, 20, 13, 
2018/2/13, 29, 12, 18, 16, 
2018/2/14, 38, 12, 22, 18, 
2018/2/15, 28, 24, 14, 25, 
2018/2/16, 64, 17, 22, 16, 
2018/2/17, 42, 22, 21, 15, 
2018/2/18, 64, 20, 19, 15, 
2018/2/19, 62, 12, 17, 13, 
2018/2/20, 21, 40, 21, 14, 
2018/2/21, 113, 44, 21, 12, 
2018/2/22, 122, 24, 21, 11, 
2018/2/23, 70, 31, 23, 9, 
2018/2/24, 67, , 26, 6, 
2018/2/25, 43, 17, 24, 8, 
2018/2/26, 47, 16, 26, 10, 
2018/2/27, 50, 22, 26, 11, 
2018/2/28, 62, 35, 22, 8, 
2018/3/1, 84, 28, 19, 14, 
2018/3/2, 78, 17, 19, 18, 
2018/3/3, 48, 9, 17, 16, 
2018/3/4, 32, 12, 19, 16, 
2018/3/5, 28, 12, 25, 14, 
2018/3/6, 26, 9, 25, 16, 
2018/3/7, 26, 9, 22, 14, 
2018/3/8, 21, 15, 11, 19, 
2018/3/9, 49, 10, 18, 15, 
2018/3/10, 31, 8, 29, 8, 
2018/3/11, 25, 5, 28, 8, 
2018/3/12, 9, 12, 27, 11, 
2018/3/13, 19, 15, 29, 16, 
2018/3/14, 39, 8, 28, 12, 
2018/3/15, 18, 15, 28, 14, 
2018/3/16, 22, 19, 13, 12, 
2018/3/17, 63, 24, 21, 6, 
2018/3/18, 76, 30, 21, 10, 
2018/3/19, 79, 19, 33, 10, 
2018/3/20, 40, 15, 31, 12, 
2018/3/21, 21, 22, 28, 19, 
2018/3/22, 42, 13, 29, 14, 
2018/3/23, 34, 17, 28, 8, 
2018/3/24, 47, 32, 24, 10, 
2018/3/25, 87, 27, 29, 11, 
2018/3/26, 65, 15, 22, 18, 
2018/3/27, 42, 8, 30, 13, 
2018/3/28, 13, 12, 28, 16, 
2018/3/29, 19, 5, 26, 13, 
2018/3/30, 15, 6, 29, 11, 
2018/3/31, 18, 13, 27, 9, 
2017/12/26, 28, 8, 24, 8, 
2017/12/27, 9, 14, 14, 20, 
2017/12/28, 22, 17, 26, 15, 
2017/12/29, 33, 16, 25, 9, 
2017/12/30, 13, , , , 
2017/1/2, 49, 37, 1, 21, 1
2017/1/3, 95, 14, 16, 19, 
2017/1/4, 35, 23, 9, 25, 
2017/1/5, 55, 30, 4, 22, 1
2017/1/6, 77, 26, 4, 19, 1
2017/1/7, 73, 42, 1, 19, 
2017/1/8, 110, 16, 12, 17, 
2017/1/9, 47, 13, 20, 20, 
2017/1/10, 18, 16, 26, 14, 
2017/1/11, 23, 14, 23, 14, 
2017/1/12, 13, 5, 28, 12, 
2017/1/13, 12, 7, 23, 17, 
2017/1/14, 23, 26, 5, 23, 
2017/1/15, 79, 13, 16, 16, 
2017/1/16, 41, 25, 11, 16, 1
2017/1/17, 74, 27, 11, 19, 1
2017/1/18, 73, 29, 9, 24, 1
2017/1/19, 78, 27, 12, 23, 1
2017/1/20, 76, 45, 4, 20, 
2017/1/21, 120, 69, 3, 27, 1
2017/1/22, 165, 60, 2, 30, 1
2017/1/23, 149, 70, 1, 28, 3
2017/1/24, 163, 28, 12, 13, 
2017/1/25, 80, 44, 7, 19, 2
2017/1/26, 116, 35, 7, 22, 1
2017/1/27, 97, 13, 24, 15, 1
2017/1/28, 32, 10, 21, 12, 
2017/1/29, 25, 14, 15, 23, 
2017/1/30, 41, 19, 2, 19, 
2017/1/31, 55, 16, 9, 15, 
2017/2/1, 48, 13, 15, 13, 
2017/2/2, 38, 12, 24, 13, 
2017/2/3, 17, 9, 24, 14, 
2017/2/4, 18, 10, 23, 10, 
2017/2/5, 24, 13, 24, 15, 
2017/2/6, 34, 16, 28, 16, 
2017/2/7, 23, 17, 14, 18, 
2017/2/8, 37, , , , 
2016/10/1, 10, 5, 25, 3, 
2016/10/2, 8, 15, 22, 11, 1
2016/10/3, 35, 14, 24, 8, 
2016/10/4, 28, 7, 22, 4, 
2016/10/5, 12, , 18, 7, 
2016/10/7, 48, 21, 16, 9, 
2016/10/8, 53, 20, 21, 8, 
2016/10/9, 53, 24, 16, 14, 1
2016/10/10, 55, 22, 14, 12, 
2016/10/11, 54, 32, 11, 11, 
2016/10/12, 79, 17, 7, 9, 
2016/10/13, 50, 19, 6, 9, 
2016/10/14, 52, 21, 21, 11, 
2016/10/15, 50, 13, 12, 12, 
2016/10/16, 34, 11, 19, 15, 
2016/10/17, 23, 16, 18, 15, 
2016/10/18, 29, 15, 16, 17, 
2016/10/19, 25, 12, 16, 15, 
2016/10/20, 25, 11, 16, 13, 
2016/10/21, 18, 14, 15, 11, 1
2016/10/22, 34, 12, 16, 6, 
2016/10/23, 34, 17, 8, 12, 
2016/10/24, 44, 22, 10, 9, 
2016/10/25, 54, 23, 8, 12, 
2016/10/26, 52, 24, 14, 14, 
2016/10/27, 58, 25, 14, 16, 
2016/10/28, 52, 17, 19, 11, 
2016/10/29, 32, 24, 17, 8, 
2016/10/30, 55, 19, 14, 12, 
2016/10/31, 39, 25, 6, 12, 
2016/11/1, 60, 15, 23, 11, 
2016/11/2, 31, 28, 7, 19, 
2016/11/3, 60, 22, 6, 17, 
2016/11/4, 55, 14, 18, 14, 
2016/11/5, 36, 11, 20, 10, 
2016/11/6, 25, 8, 16, 10, 
2016/11/7, 22, 9, 15, 16, 
2016/11/8, 20, 9, 22, 11, 
2016/11/9, 16, 9, 11, 20, 
2016/11/10, 9, 12, 21, 10, 
2016/11/11, 25, 19, 9, 13, 
2016/11/12, 51, 10, 20, 8, 
2016/11/13, 19, 19, 13, 19, 
2016/11/14, 38, 17, 11, 18, 
2016/11/15, 43, 5, 15, 13, 
2016/11/16, 10, 7, 24, 9, 
2016/11/17, 11, 6, 28, 10, 
2016/11/18, 7, 8, 24, 11, 
2016/11/19, 13, 7, 28, 7, 
2016/11/20, 16, 7, 24, 9, 
2016/11/21, 14, 14, 25, 14, 
2016/11/22, 16, 18, 7, 14, 1
2016/11/23, 45, 26, 6, 17, 
2016/11/24, 61, 29, 5, 13, 
2016/11/25, 71, 29, 3, 15, 
2016/11/26, 70, 29, 16, 13, 
2016/11/27, 73, 23, 19, 10, 
2016/11/28, 50, 17, 13, 14, 1
2016/11/29, 42, 37, 2, 26, 1
2016/11/30, 84, 65, 1, 33, 1
2016/12/1, 149, 77, 1, 42, 1
2016/12/2, 161, 28, 17, 11, 
2016/12/3, 67, 22, 12, 11, 
2016/12/4, 51, 40, 2, 18, 1
2016/12/5, 98, 52, 1, 23, 1
2016/12/6, 119, 43, 2, 24, 
2016/12/7, 100, 35, 2, 24, 
2016/12/8, 85, 36, 1, 19, 
2016/12/9, 90, 34, 1, 17, 
2016/12/10, 89, 19, 14, 18, 1
2016/12/11, 48, 12, 9, 14, 
2016/12/12, 36, 25, 3, 15, 
2016/12/13, 64, 33, 1, 20, 
2016/12/14, 83, 41, 1, 22, 
2016/12/15, 97, 41, 1, 20, 
2016/12/16, 101, 46, 1, 18, 
2016/12/17, 117, 30, 12, 9, 
2016/12/18, 81, 23, 10, 12, 
2016/12/19, 68, 22, 9, 13, 
2016/12/20, 65, 25, 5, 15, 
2016/12/21, 70, 15, 4, 19, 
2016/12/22, 44, 17, 8, 19, 
2016/12/23, 56, 15, 17, 16, 
2016/12/24, 22, 11, 23, 8, 
2016/12/25, 14, 10, 24, 12, 
2016/12/26, 30, 31, 1, 23, 1
2016/12/27, 77, 25, 10, 19, 
2016/12/28, 60, 27, 6, 16, 
2016/12/29, 76, 21, 4, 18, 
2016/12/30, 71, 21, 4, 16, 
2016/12/31, 67, 19, 5, 10, 
2017/1/1, 65, 14, 16, 15, 
2016/7/1, 12, 9, 22, 4, 1
2016/7/2, 10, 6, 19, 3, 1
2016/7/3, 7, 8, 27, 7, 2
2016/7/4, 24, 9, 20, 6, 1
2016/7/5, 15, 16, 34, 8, 1
2016/7/6, 28, 16, 36, 9, 1
2016/7/7, 27, 19, 32, 8, 2
2016/7/8, 29, 8, 24, 3, 1
2016/7/9, 16, 13, 22, 6, 1
2016/7/10, 20, 13, 22, 5, 1
2016/7/11, 15, 13, 26, 7, 2
2016/7/12, 16, 8, 25, 5, 1
2016/7/13, 13, 7, 26, 4, 1
2016/7/14, 14, 10, 31, 6, 2
2016/7/15, 26, 7, 22, 4, 2
2016/7/16, 14, 5, 19, 4, 1
2016/7/17, 11, 7, 20, 5, 1
2016/7/18, 13, 13, 44, 8, 1
2016/7/19, 22, 22, 43, 9, 1
2016/7/20, 46, 12, 31, 4, 2
2016/7/21, 19, 13, 33, 4, 1
2016/7/22, 19, 11, 30, 4, 1
2016/7/23, 26, 9, 28, 3, 2
2016/7/24, 12, 10, 26, 3, 2
2016/7/25, 19, 12, 22, 5, 2
2016/7/26, 19, 9, 18, 7, 1
2016/7/27, 13, 10, 22, 5, 1
2016/7/28, 11, 8, 20, 6, 1
2016/7/29, 12, 5, 19, 5, 1
2016/7/30, 7, 7, 29, 2, 1
2016/7/31, 14, 9, 27, 6, 2
2016/8/1, 15, 6, 17, 6, 2
2016/8/2, 9, 11, 9, 8, 1
2016/8/3, 6, 13, 14, 6, 1
2016/8/4, 8, 18, 25, 6, 2
2016/8/5, 5, , 26, 5, 2
2016/8/7, 11, 12, 28, 4, 2
2016/8/8, 15, 14, 28, 3, 1
2016/8/9, 13, 16, 26, 4, 2
2016/8/10, 18, 16, 27, 7, 2
2016/8/11, 18, 21, 28, 5, 2
2016/8/12, 29, 22, 32, 3, 2
2016/8/13, 31, 10, 28, 3, 1
2016/8/14, 19, 28, 38, 2, 1
2016/8/15, 19, 31, 45, 5, 1
2016/8/16, 36, 21, 49, 9, 1
2016/8/17, 43, 19, 43, 6, 1
2016/8/18, 47, 17, 26, 9, 
2016/8/19, 42, 9, 25, 4, 
2016/8/20, 10, 11, 26, 3, 1
2016/8/21, 10, 12, 27, 7, 
2016/8/22, 12, 18, 37, 10, 
2016/8/23, 17, 20, 47, 11, 
2016/8/24, 27, 26, 58, 10, 
2016/8/25, 47, 25, 43, 7, 
2016/8/26, 51, 24, 45, 8, 
2016/8/27, 49, 14, 28, 6, 2
2016/8/28, 24, 10, 27, 5, 1
2016/8/29, 15, 10, 33, 6, 
2016/8/30, 14, 17, 36, 9, 2
2016/8/31, 32, 15, 29, 7, 1
2016/9/1, 18, 20, 26, 10, 1
2016/9/2, 23, 14, 23, 9, 1
2016/9/3, 21, 11, 22, 4, 1
2016/9/4, 14, 9, 16, 9, 1
2016/9/5, 16, 9, 7, 8, 1
2016/9/6, 14, 13, 37, 9, 
2016/9/7, 24, 17, 26, 9, 1
2016/9/8, 24, 17, 32, 11, 1
2016/9/9, 16, 15, 22, 11, 
2016/9/10, 19, 10, 21, 4, 
2016/9/11, 12, 16, 23, 13, 
2016/9/12, 20, 26, 36, 15, 
2016/9/13, 44, 19, 34, 10, 
2016/9/14, 31, 10, 24, 9, 
2016/9/15, 17, 5, 15, 9, 
2016/9/16, 9, 8, 13, 6, 
2016/9/17, 11, 8, 31, 4, 
2016/9/18, 19, 17, 30, 8, 
2016/9/19, 43, 24, 24, 9, 
2016/9/20, 58, 16, 25, 11, 
2016/9/21, 35, 22, 26, 13, 
2016/9/22, 47, 13, 23, 12, 
2016/9/23, 22, 13, 33, 10, 
2016/9/24, 26, 16, 24, 9, 1
2016/9/25, 22, 18, 17, 13, 
2016/9/26, 22, 14, 19, 12, 1
2016/9/27, 20, 10, 21, 9, 
2016/9/28, 12, 7, 17, 9, 
2016/9/29, 12, 13, 21, 10, 
2016/9/30, 14, 7, 24, 8, 
2016/4/1, 56, 23, 19, 13, 
2016/4/2, 67, 15, 34, 7, 1
2016/4/3, 49, 6, 32, 10, 1
2016/4/4, 22, 23, 29, 18, 2
2016/4/5, 54, 13, 31, 13, 1
2016/4/6, 29, 11, 31, 9, 1
2016/4/7, 17, 12, 28, 12, 1
2016/4/8, 23, 10, 25, 14, 1
2016/4/9, 35, 16, 33, 10, 1
2016/4/10, 35, 10, 29, 14, 1
2016/4/11, 33, 20, 21, 18, 1
2016/4/12, 39, 24, 33, 11, 1
2016/4/13, 26, 13, 29, 13, 1
2016/4/14, 26, 6, 35, 8, 
2016/4/15, 15, 9, 33, 5, 1
2016/4/16, 23, 8, 33, 7, 
2016/4/17, 20, 16, 34, 14, 2
2016/4/18, 36, 29, 34, 13, 1
2016/4/19, 57, 44, 34, 7, 1
2016/4/20, 51, 20, 26, 9, 1
2016/4/21, 44, 33, 14, 15, 1
2016/4/22, 75, 21, 31, 6, 
2016/4/23, 48, 10, 35, 8, 
2016/4/24, 41, 10, 27, 12, 1
2016/4/25, 41, 8, 33, 8, 
2016/4/26, 30, 6, 35, 9, 
2016/4/27, 33, 10, 32, 12, 1
2016/4/28, 45, 8, 25, 11, 1
2016/4/29, 36, 8, 35, 9, 
2016/4/30, 42, 9, 35, 9, 
2016/5/1, 32, 9, 24, 13, 1
2016/5/2, 32, 11, 32, 6, 
2016/5/3, 22, 15, 36, 13, 1
2016/5/4, 31, 12, 45, 9, 1
2016/5/5, 42, 11, 44, 10, 1
2016/5/6, 33, 13, 42, 9, 1
2016/5/7, 38, 13, 49, 5, 1
2016/5/8, 38, 9, 41, 7, 
2016/5/9, 26, 7, 22, 9, 
2016/5/10, 29, 10, 18, 9, 
2016/5/11, 39, 13, 24, 9, 
2016/5/12, 48, 43, 34, 7, 
2016/5/13, 100, 17, 36, 3, 
2016/5/14, 30, 12, 43, 5, 2
2016/5/15, 38, 18, 39, 7, 1
2016/5/16, 51, 19, 36, 9, 1
2016/5/17, 52, 11, 33, 10, 1
2016/5/18, 33, 7, 29, 6, 1
2016/5/19, 16, 6, 28, 8, 1
2016/5/20, 12, 7, 24, 6, 1
2016/5/21, 15, 5, 27, 4, 1
2016/5/22, 16, 7, 31, 5, 
2016/5/23, 13, 9, 28, 6, 
2016/5/24, 17, 12, 32, 4, 
2016/5/25, 20, 12, 33, 6, 
2016/5/26, 24, 30, 38, 9, 1
2016/5/31, 27, 11, 23, 5, 
2016/6/1, 44, 11, 30, 3, 
2016/6/2, 37, 9, 30, 5, 
2016/6/3, 25, 10, 26, 4, 
2016/6/4, 43, 29, 30, 5, 
2016/6/5, 79, 30, 37, 8, 1
2016/6/6, 82, 32, 42, 8, 1
2016/6/7, 84, 24, 38, 5, 1
2016/6/8, 77, 19, 34, 4, 1
2016/6/9, 65, 20, 40, 7, 1
2016/6/10, 61, 20, 38, 6, 1
2016/6/11, 66, 20, 30, 6, 1
2016/6/12, 74, 11, 25, 7, 1
2016/6/13, 48, 11, 18, 10, 1
2016/6/14, 44, 8, 18, 7, 1
2016/6/15, 36, 10, 25, 9, 2
2016/6/16, 47, 11, 33, 8, 1
2016/6/17, 53, 14, 29, 5, 1
2016/6/18, 57, 16, 32, 3, 1
2016/6/19, 56, 6, 20, 6, 1
2016/6/20, 43, 8, 13, 8, 1
2016/6/21, 43, 13, 14, 7, 1
2016/6/22, 53, 10, 27, 10, 1
2016/6/23, 55, 11, 28, 5, 1
2016/6/27, 57, 10, 25, 6, 1
2016/6/28, 19, 11, 23, 6, 1
2016/6/29, 19, 6, 16, 7, 1
2016/6/30, 13, 5, 20, 6, 
2016/1/4, 28, 7, 17, 13, 
2016/1/5, 14, 9, 12, 17, 
2016/1/6, 25, 7, 23, 13, 
2016/1/7, 16, 14, 11, 22, 1
2016/1/8, 37, 8, 27, 10, 
2016/1/9, 29, 6, 29, 8, 1
2016/1/10, 20, 4, 20, 15, 
2016/1/11, 13, 6, 21, 13, 
2016/1/12, 14, 13, 28, 16, 
2016/1/13, 19, 7, 22, 15, 
2016/1/14, 17, 7, 21, 16, 
2016/1/15, 13, 19, 16, 25, 1
2016/1/16, 46, 22, 16, 19, 
2016/1/17, 65, 16, 10, 18, 1
2016/1/18, 48, 23, 9, 16, 
2016/1/19, 75, 47, 2, 23, 
2016/1/20, 129, 42, 4, 23, 1
2016/1/21, 115, 26, 3, 23, 1
2016/1/22, 77, 20, 17, 17, 
2016/1/23, 36, 13, 13, 11, 1
2016/1/24, 40, 18, 5, 17, 1
2016/1/25, 66, 15, 24, 14, 1
2016/1/26, 36, 7, 27, 7, 
2016/1/27, 20, 17, 23, 22, 1
2016/1/28, 33, 14, 25, 17, 1
2016/1/29, 33, 5, 29, 9, 
2016/1/30, 16, 4, 26, 8, 
2016/1/31, 16, 12, 29, 8, 
2016/2/1, 25, 6, 27, 10, 1
2016/2/2, 13, 11, 25, 15, 
2016/2/3, 22, 11, 16, 17, 
2016/2/4, 26, 6, 19, 15, 
2016/2/5, 22, 9, 28, 7, 1
2016/2/6, 26, 7, 30, 4, 
2016/2/7, 15, 9, 31, 6, 
2016/2/8, 20, 7, 29, 12, 
2016/2/9, 19, 7, 25, 12, 
2016/2/10, 15, 9, 17, 17, 
2016/2/11, 28, 12, 14, 15, 
2016/2/12, 43, 10, 18, 13, 
2016/2/13, 41, 8, 27, 9, 
2016/2/14, 33, 7, 28, 8, 
2016/2/15, 16, 13, 19, 18, 1
2016/2/16, 31, 24, 16, 18, 1
2016/2/17, 68, 15, 13, 17, 1
2016/2/18, 53, 17, 24, 20, 1
2016/2/19, 49, 3, 26, 7, 
2016/2/20, 15, 2, 27, 4, 
2016/2/21, 11, 6, 26, 9, 
2016/2/22, 17, 7, 27, 12, 1
2016/2/23, 19, 21, 11, 20, 
2016/2/24, 60, 25, 20, 19, 1
2016/2/25, 67, 29, 22, 19, 1
2016/2/26, 76, 24, 22, 9, 1
2016/2/27, 71, 22, 29, 7, 1
2016/2/28, 68, 11, 30, 10, 1
2016/2/29, 35, 18, 23, 18, 
2016/3/1, 50, 13, 29, 9, 
2016/3/2, 17, 9, 28, 8, 
2016/3/3, 14, 9, 23, 14, 
2016/3/4, 23, 11, 25, 12, 
2016/3/5, 30, 9, 28, 11, 
2016/3/6, 22, 9, 24, 13, 
2016/3/7, 22, 18, 22, 19, 1
2016/3/8, 52, 6, 23, 9, 1
2016/3/9, 19, 11, 20, 9, 
2016/3/10, 45, 45, 25, 15, 2
2016/3/11, 119, 52, 31, 15, 1
2016/3/12, 138, 38, 28, 9, 1
2016/3/13, 109, 25, 25, 7, 1
2016/3/14, 76, 33, 25, 14, 1
2016/3/15, 87, 28, 23, 8, 
2016/3/16, 81, 30, 26, 10, 1
2016/3/17, 82, 46, 21, 14, 1
2016/3/18, 122, 11, 27, 5, 
2016/3/19, 33, 18, 28, 5, 
2016/3/20, 49, 14, 27, 11, 
2016/3/21, 41, 24, 31, 13, 1
2016/3/22, 60, 26, 26, 16, 1
2016/3/23, 68, 34, 24, 18, 1
2016/3/24, 87, 13, 22, 15, 
2016/3/25, 45, 11, 28, 11, 1
2016/3/26, 36, 3, 33, 4, 
2016/3/27, 8, 4, 32, 2, 
2016/3/28, 8, 7, 31, 7, 
2016/3/29, 12, 8, 25, 11, 
2016/3/30, 15, 7, 25, 11, 
2016/3/31, 27, 25, 29, 17, 1
2015/10/1, 48, 18, 27, 13, 
2015/10/2, 46, 26, 14, 18, 2
2015/10/3, 70, 34, 22, 13, 1
2015/10/4, 92, 14, 20, 11, 
2015/10/5, 46, 10, 22, 12, 
2015/10/6, 33, 12, 24, 9, 1
2015/10/7, 18, 12, 24, 15, 1
2015/10/8, 26, 15, 21, 16, 
2015/10/9, 39, 24, 15, 11, 
2015/10/10, 67, 28, 22, 6, 
2015/10/11, 82, 40, 15, 12, 1
2015/10/12, 102, 23, 28, 10, 
2015/10/13, 59, 17, 24, 12, 
2015/10/14, 46, 16, 16, 10, 
2015/10/15, 50, 18, 16, 15, 
2015/10/16, 60, 19, 23, 14, 
2015/10/17, 51, 13, 19, 8, 
2015/10/18, 47, 29, 10, 14, 
2015/10/19, 70, 11, 21, 11, 
2015/10/20, 33, 20, 10, 18, 
2015/10/21, 54, 8, 17, 16, 
2015/10/22, 18, 16, 21, 17, 
2015/10/23, 37, 15, 10, 15, 1
2015/10/24, 44, 9, 24, 10, 
2015/10/25, 23, 19, 7, 14, 
2015/10/26, 62, 22, 9, 17, 
2015/10/27, 62, 15, 18, 16, 
2015/10/28, 43, 14, 15, 13, 
2015/10/29, 35, 12, 16, 14, 
2015/10/30, 32, 25, 7, 12, 1
2015/10/31, 73, 25, 3, 14, 1
2015/11/1, 74, 22, 3, 14, 
2015/11/2, 71, 18, 15, 17, 1
2015/11/3, 56, , 10, 20, 
2015/11/6, 12, 7, 16, 9, 
2015/11/7, 22, 10, 15, 11, 
2015/11/8, 40, 11, 26, 13, 
2015/11/9, 33, 10, 23, 15, 
2015/11/10, 33, , 21, 14, 
2015/11/11, 47, 10, 14, 16, 1
2015/11/12, 48, 11, 23, 13, 
2015/11/13, 36, 11, 22, 11, 
2015/11/14, 29, 12, 25, 8, 
2015/11/15, 27, 8, 28, 10, 
2015/11/16, 25, 4, 23, 8, 
2015/11/17, 16, 17, 27, 9, 
2015/11/18, 37, 8, 25, 9, 
2015/11/19, 21, 5, 24, 14, 
2015/11/20, 19, 7, 26, 8, 
2015/11/21, 14, 7, 24, 14, 1
2015/11/22, 22, 16, 12, 24, 2
2015/11/23, 52, 13, 10, 20, 1
2015/11/24, 47, 7, 17, 20, 
2015/11/25, 19, 19, 11, 25, 1
2015/11/26, 47, 18, 10, 18, 2
2015/11/27, 63, 8, 26, 10, 
2015/11/28, 16, 11, 30, 4, 
2015/11/29, 25, 8, 29, 8, 
2015/11/30, 16, 11, 30, 13, 
2015/12/1, 22, 11, 23, 18, 
2015/12/2, 35, 16, 14, 20, 1
2015/12/3, 52, 14, 21, 16, 1
2015/12/4, 32, 14, 16, 15, 1
2015/12/5, 42, 12, 21, 8, 
2015/12/6, 46, 17, 13, 16, 1
2015/12/7, 59, 12, 9, 20, 
2015/12/8, 50, 19, 11, 25, 1
2015/12/9, 46, 12, 10, 14, 1
2015/12/10, 42, 10, 13, 18, 1
2015/12/11, 39, 7, 19, 16, 
2015/12/12, 27, 12, 15, 10, 
2015/12/13, 54, 14, 13, 13, 
2015/12/14, 59, 17, 4, 17, 
2015/12/15, 65, 17, 13, 18, 
2015/12/16, 45, 23, 9, 18, 1
2015/12/17, 61, 19, 9, 19, 1
2015/12/18, 57, 19, 11, 13, 1
2015/12/19, 58, 18, 15, 10, 1
2015/12/20, 53, 8, 27, 8, 
2015/12/21, 16, 5, 26, 6, 
2015/12/22, 18, 11, 25, 15, 1
2015/12/23, 30, 11, 21, 11, 1
2015/12/24, 42, 10, 20, 10, 
2015/12/25, 32, 12, 15, 11, 1
2015/12/26, 51, 19, 13, 11, 1
2015/12/27, 63, 15, 9, 18, 1
2015/12/28, 60, 10, 22, 15, 2
2015/12/29, 34, 10, 19, 9, 1
2015/12/30, 27, , , , 
2016/1/3, 11, 13, 22, 11, 1
2015/7/1, 5, 17, 46, 7, 1
2015/7/5, 21, 14, 41, 10, 1
2015/7/6, 26, 13, 24, 9, 1
2015/7/7, 21, 10, 24, 7, 1
2015/7/8, 13, 13, 31, 5, 
2015/7/9, 25, 13, 47, 9, 
2015/7/10, 25, 17, 35, 9, 1
2015/7/11, 34, 12, 23, 5, 1
2015/7/12, 18, 9, 19, 7, 1
2015/7/13, 16, 6, 19, 5, 1
2015/7/14, 13, 9, 19, 8, 2
2015/7/15, 18, 10, 44, 6, 1
2015/7/16, 21, 16, 32, 7, 1
2015/7/17, 27, 16, 31, 6, 1
2015/7/18, 28, 14, 27, 4, 1
2015/7/19, 23, , 18, 7, 1
2015/7/20, 16, 10, 16, 7, 1
2015/7/21, 20, 12, 27, 6, 2
2015/7/22, 21, 10, 35, 6, 1
2015/7/23, 21, 12, 30, 6, 1
2015/7/24, 12, 9, 30, 4, 1
2015/7/25, 15, 9, 25, 7, 1
2015/7/26, 23, 7, 24, 6, 
2015/7/27, 13, 13, 27, 7, 
2015/7/28, 14, 10, 27, 7, 1
2015/7/29, 10, 10, 28, 9, 1
2015/7/30, 14, 11, 36, 7, 
2015/7/31, 17, 16, 41, 7, 1
2015/8/1, 36, 13, 57, 7, 1
2015/8/2, 28, 17, 36, 7, 2
2015/8/3, 26, 14, 30, 4, 1
2015/8/4, 21, 17, 36, 9, 1
2015/8/5, 31, 15, 31, 8, 1
2015/8/6, 29, 13, 30, 7, 1
2015/8/7, 22, 10, 35, 7, 
2015/8/8, 19, 16, 40, 6, 1
2015/8/9, 39, 15, 27, 9, 5
2015/8/10, 31, 8, 18, 4, 1
2015/8/11, 9, 20, 48, 6, 1
2015/8/12, 47, 27, 45, 8, 1
2015/8/13, 65, 10, 27, 8, 1
2015/8/14, 26, 9, 27, 3, 
2015/8/15, 17, 11, 30, 5, 
2015/8/16, 23, 12, 34, 4, 
2015/8/17, 21, 18, 33, 11, 1
2015/8/18, 44, 18, 33, 13, 1
2015/8/19, 44, 11, 23, 9, 
2015/8/20, 33, 9, 28, 7, 
2015/8/21, 22, 12, 43, 9, 
2015/8/22, 32, 9, 36, 6, 
2015/8/23, 26, 5, 24, 6, 
2015/8/24, 12, 8, 21, 7, 
2015/8/25, 14, 7, 24, 8, 
2015/8/26, 14, 6, 20, 10, 
2015/8/27, 11, 10, 25, 10, 
2015/8/28, 29, 9, 28, 7, 
2015/8/29, 19, 14, 32, 7, 
2015/8/30, 44, 21, 25, 10, 
2015/8/31, 63, 6, 30, 5, 
2015/9/1, 14, 9, 28, 10, 
2015/9/2, 19, 9, 25, 11, 
2015/9/3, 20, 9, 23, 10, 
2015/9/4, 18, 11, 22, 9, 1
2015/9/5, 28, 8, 27, 5, 
2015/9/6, 17, 15, 25, 12, 1
2015/9/7, 31, 9, 23, 7, 
2015/9/8, 23, 14, 30, 8, 
2015/9/9, 39, 13, 33, 10, 
2015/9/10, 35, 14, 32, 14, 
2015/9/11, 34, 13, 21, 13, 
2015/9/12, 36, 8, 22, 8, 
2015/9/13, 20, 5, 24, 8, 
2015/9/14, 13, 6, 25, 8, 
2015/9/15, 12, 6, 21, 9, 
2015/9/16, 18, 11, 26, 10, 1
2015/9/17, 24, 10, 22, 13, 
2015/9/18, 28, 8, 28, 9, 
2015/9/19, 28, 12, 25, 11, 
2015/9/20, 40, 14, 23, 13, 1
2015/9/21, 44, 7, 23, 9, 
2015/9/22, 14, 11, 24, 11, 
2015/9/23, 23, 12, 17, 15, 1
2015/9/24, 26, 16, 19, 13, 
2015/9/25, 37, 13, 29, 11, 
2015/9/26, 32, 15, 32, 6, 
2015/9/27, 44, 13, 26, 8, 
2015/9/28, 32, 15, 27, 9, 
2015/9/29, 40, 14, 27, 7, 
2015/9/30, 33, 19, 27, 9, 
2015/4/1, 34, 10, 30, 8, 1
2015/4/2, 27, 14, 16, 15, 1
2015/4/3, 44, 14, 20, 9, 1
2015/4/4, 51, 11, 32, 4, 1
2015/4/5, 40, 21, 33, 10, 1
2015/4/6, 66, 30, 37, 9, 2
2015/4/7, 83, 32, 37, 12, 1
2015/4/8, 86, 43, 38, 14, 2
2015/4/9, 112, 32, 37, 20, 2
2015/4/10, 78, 16, 32, 5, 1
2015/4/11, 44, 13, 29, 10, 1
2015/4/12, 44, 16, 26, 15, 1
2015/4/13, 49, 20, 32, 15, 1
2015/4/14, 55, 21, 33, 16, 2
2015/4/15, 56, 23, 28, 15, 2
2015/4/16, 63, 32, 19, 10, 2
2015/4/17, 77, 20, 30, 5, 2
2015/4/18, 59, 22, 30, 5, 2
2015/4/19, 64, 24, 34, 9, 2
2015/4/20, 68, 34, 29, 10, 2
2015/4/21, 81, 26, 27, 7, 2
2015/4/22, 67, 31, 32, 8, 2
2015/4/23, 83, 33, 23, 14, 2
2015/4/24, 86, 18, 28, 8, 1
2015/4/25, 58, 9, 26, 6, 1
2015/4/26, 44, 15, 28, 4, 1
2015/4/27, 49, 13, 23, 8, 2
2015/4/28, 40, 13, 26, 11, 2
2015/4/29, 40, 6, 21, 10, 1
2015/4/30, 32, 11, 32, 5, 1
2015/5/1, 42, 13, 23, 7, 1
2015/5/2, 53, 5, 24, 4, 1
2015/5/3, 30, 11, 27, 9, 1
2015/5/4, 37, 10, 35, 7, 1
2015/5/5, 42, 11, 31, 6, 1
2015/5/6, 32, 12, 27, 9, 1
2015/5/7, 37, 11, 26, 6, 1
2015/5/8, 43, 10, 30, 4, 1
2015/5/9, 39, 13, 28, 6, 1
2015/5/10, 51, 14, 31, 11, 2
2015/5/11, 54, 12, 31, 4, 1
2015/5/12, 49, 11, 37, 10, 1
2015/5/13, 39, 14, 36, 5, 
2015/5/14, 50, 16, 33, 9, 
2015/5/15, 54, 14, 33, 10, 
2015/5/16, 55, 16, 41, 7, 1
2015/5/17, 54, 14, 30, 10, 
2015/5/18, 44, 10, 29, 9, 
2015/5/19, 31, 8, 32, 9, 
2015/5/20, 30, 16, 34, 9, 1
2015/5/21, 46, 22, 34, 12, 1
2015/5/22, 63, 13, 24, 5, 
2015/5/23, 55, 17, 34, 5, 2
2015/5/24, 59, 9, 36, 4, 
2015/5/25, 46, 14, 32, 6, 
2015/5/26, 49, 20, 41, 11, 2
2015/5/27, 63, 15, 33, 9, 1
2015/5/28, 55, 15, 31, 10, 
2015/5/29, 43, 10, 33, 6, 1
2015/5/30, 38, 8, 25, 6, 
2015/5/31, 44, 14, 29, 9, 
2015/6/1, 43, 12, 29, 8, 
2015/6/2, 44, 15, 33, 7, 1
2015/6/3, 49, 12, 40, 8, 
2015/6/4, 47, 20, 32, 13, 1
2015/6/5, 66, 11, 33, 3, 
2015/6/6, 45, 12, 36, 5, 
2015/6/7, 43, 13, 34, 4, 
2015/6/8, 46, 14, 35, 5, 
2015/6/9, 46, 20, 44, 5, 1
2015/6/10, 58, 19, 46, 5, 1
2015/6/11, 63, 16, 39, 7, 
2015/6/12, 65, 12, 37, 5, 1
2015/6/13, 53, 10, 40, 4, 
2015/6/14, 30, 17, 36, 5, 
2015/6/15, 32, 13, 38, 5, 1
2015/6/17, 52, 13, 23, 7, 1
2015/6/18, 56, 16, 33, 8, 1
2015/6/19, 56, 14, 28, 6, 1
2015/6/20, 55, 12, 28, 4, 1
2015/6/21, 55, 17, 22, 7, 
2015/6/22, 54, 10, 30, 7, 
2015/6/23, 45, 13, 34, 9, 1
2015/6/24, 55, 15, 43, 13, 1
2015/6/25, 60, 19, 45, 15, 1
2015/6/26, 65, 9, 26, 3, 
2015/6/29, 36, 14, 59, 8, 
2015/6/30, 18, 20, 72, 12, 1
2015/1/1, 110, 22, 21, 17, 1
2015/1/2, 66, 19, 18, 15, 1
2015/1/3, 63, 11, 22, 12, 1
2015/1/4, 48, 11, 21, 12, 1
2015/1/5, 53, 22, 7, 19, 2
2015/1/6, 70, 35, 2, 24, 2
2015/1/7, 98, 16, 20, 17, 1
2015/1/8, 49, 10, 22, 11, 1
2015/1/9, 32, 6, 24, 7, 1
2015/1/10, 23, 14, 26, 9, 1
2015/1/11, 32, 11, 27, 8, 1
2015/1/12, 32, 10, 25, 10, 1
2015/1/13, 31, 8, 26, 12, 1
2015/1/14, 29, 7, 27, 8, 1
2015/1/15, 26, 19, 16, 19, 1
2015/1/16, 50, 19, 16, 20, 1
2015/1/17, 66, 14, 17, 11, 2
2015/1/18, 58, 9, 22, 14, 1
2015/1/19, 44, 29, 4, 22, 1
2015/1/20, 93, 25, 11, 17, 1
2015/1/21, 86, 31, 10, 19, 1
2015/1/22, 100, 41, 11, 17, 1
2015/1/23, 126, 29, 22, 17, 1
2015/1/24, 85, 36, 13, 22, 1
2015/1/25, 98, 15, 19, 17, 1
2015/1/26, 52, 25, 19, 23, 1
2015/1/27, 51, 12, 24, 13, 1
2015/1/28, 42, 8, 26, 14, 1
2015/1/29, 35, 10, 25, 18, 1
2015/1/30, 41, 8, 18, 16, 
2015/1/31, 47, 8, 25, 6, 
2015/2/1, 28, 15, 23, 18, 1
2015/2/2, 47, 26, 19, 24, 1
2015/2/3, 77, 20, 21, 17, 1
2015/2/4, 65, 14, 22, 12, 1
2015/2/5, 54, 26, 13, 11, 1
2015/2/6, 80, 25, 24, 12, 2
2015/2/7, 80, 21, 27, 7, 1
2015/2/8, 48, 38, 14, 19, 1
2015/2/9, 90, 19, 21, 13, 1
2015/2/10, 71, 20, 18, 11, 1
2015/2/11, 73, 45, 9, 18, 2
2015/2/12, 126, 33, 23, 17, 1
2015/2/13, 101, 9, 23, 14, 1
2015/2/14, 36, 14, 23, 11, 1
2015/2/15, 56, 29, 12, 18, 2
2015/2/16, 89, 18, 22, 14, 1
2015/2/17, 49, 33, 10, 25, 3
2015/2/18, 86, 38, 16, 19, 2
2015/2/19, 107, 11, 25, 21, 1
2015/2/20, 44, 11, 21, 29, 1
2015/2/21, 43, 14, 29, 28, 1
2015/2/22, 53, 13, 28, 23, 1
2015/2/23, 31, 16, 28, 22, 1
2015/2/24, 39, 23, 18, 20, 1
2015/2/25, 44, 14, 17, 16, 1
2015/2/26, 44, 15, 29, 14, 1
2015/2/27, 33, 18, 27, 16, 1
2015/2/28, 57, 15, 32, 5, 1
2015/3/1, 37, 14, 31, 10, 1
2015/3/2, 32, 14, 25, 15, 1
2015/3/3, 41, 18, 28, 15, 1
2015/3/4, 44, 30, 25, 21, 1
2015/3/5, 69, 34, 24, 22, 2
2015/3/6, 80, 33, 22, 20, 2
2015/3/7, 89, 30, 31, 14, 2
2015/3/8, 86, 19, 26, 13, 1
2015/3/9, 57, 29, 22, 13, 1
2015/3/10, 70, 41, 18, 15, 2
2015/3/11, 90, 33, 18, 19, 1
2015/3/12, 82, 27, 17, 16, 2
2015/3/13, 72, 36, 24, 10, 1
2015/3/14, 95, 40, 17, 7, 1
2015/3/15, 113, 32, 19, 11, 1
2015/3/16, 91, 43, 28, 17, 1
2015/3/17, 110, 54, 26, 16, 1
2015/3/18, 139, 38, 29, 8, 1
2015/3/19, 97, 62, 23, 11, 1
2015/3/20, 150, 37, 28, 6, 1
2015/3/21, 89, 12, 24, 4, 1
2015/3/22, 44, 26, 25, 13, 1
2015/3/23, 80, 29, 22, 16, 1
2015/3/24, 79, 20, 28, 11, 1
2015/3/25, 61, 22, 21, 19, 1
2015/3/26, 68, 23, 26, 17, 1
2015/3/27, 50, 11, 21, 11, 1
2015/3/28, 42, 10, 30, 3, 1
2015/3/29, 28, 11, 33, 6, 1
2015/3/30, 24, 17, 33, 5, 1
2015/3/31, 31, 18, 32, 5, 1
2014/10/1, 56, 9, 18, 8, 
2014/10/2, 32, 21, 22, 13, 1
2014/10/3, 60, 18, 31, 11, 
2014/10/4, 56, 7, 28, 6, 
2014/10/5, 25, 12, 11, 13, 
2014/10/6, 41, 10, 20, 12, 1
2014/10/8, 36, 17, 24, 10, 1
2014/10/9, 41, 17, 22, 12, 1
2014/10/10, 46, 16, 21, 12, 1
2014/10/11, 52, 14, 17, 8, 
2014/10/12, 55, 9, 22, 7, 1
2014/10/13, 31, 12, 24, 13, 1
2014/10/14, 35, 21, 4, 17, 2
2014/10/15, 62, 16, 19, 14, 1
2014/10/16, 48, 12, 19, 16, 1
2014/10/17, 39, 12, 19, 9, 
2014/10/18, 40, 16, 20, 11, 1
2014/10/19, 54, 17, 15, 17, 
2014/10/20, 45, 15, 24, 9, 1
2014/10/21, 42, 20, 26, 11, 1
2014/10/22, 42, 25, 16, 17, 1
2014/10/23, 54, 22, 10, 16, 1
2014/10/24, 58, 18, 17, 14, 1
2014/10/25, 55, 17, 18, 12, 1
2014/10/26, 57, 28, 8, 14, 1
2014/10/27, 68, 21, 5, 15, 1
2014/10/28, 63, 30, 9, 15, 2
2014/10/29, 79, 28, 10, 17, 1
2014/10/30, 76, 28, 8, 17, 1
2014/10/31, 75, 24, 9, 15, 1
2014/11/1, 67, 13, 25, 8, 1
2014/11/2, 40, 9, 24, 14, 1
2014/11/3, 30, 15, 19, 19, 2
2014/11/4, 42, 19, 14, 19, 1
2014/11/5, 51, 21, 16, 17, 1
2014/11/6, 59, 11, 24, 9, 1
2014/11/7, 33, 13, 20, 8, 1
2014/11/8, 34, 12, 22, 9, 1
2014/11/9, 40, 18, 17, 12, 1
2014/11/10, 57, 10, 20, 6, 1
2014/11/11, 36, 13, 24, 13, 1
2014/11/12, 31, 18, 17, 14, 1
2014/11/13, 43, 14, 19, 16, 1
2014/11/14, 43, 15, 20, 12, 1
2014/11/15, 45, 10, 20, 8, 
2014/11/16, 36, 23, 4, 21, 1
2014/11/17, 66, 22, 16, 16, 1
2014/11/18, 57, 32, 5, 15, 1
2014/11/19, 70, , 7, 12, 1
2014/11/20, 67, 38, 4, 12, 1
2014/11/21, 80, 30, 6, 15, 1
2014/11/22, 79, 25, 10, 10, 1
2014/11/23, 70, 17, 17, 10, 1
2014/11/24, 35, 23, 12, 11, 1
2014/11/25, 64, , 1, 14, 1
2014/11/26, 71, 22, 3, 16, 1
2014/11/27, 65, 18, 8, 15, 1
2014/11/28, 57, 31, 6, 14, 2
2014/11/29, 87, 30, 4, 12, 1
2014/11/30, 90, 22, 6, 14, 1
2014/12/1, 65, 23, 2, 14, 1
2014/12/2, 69, 25, 11, 12, 1
2014/12/3, 76, 34, 3, 13, 1
2014/12/4, 96, 38, 1, 13, 1
2014/12/5, 96, 25, 10, 22, 1
2014/12/6, 73, 25, 9, 20, 1
2014/12/7, 78, 20, 11, 25, 1
2014/12/8, 64, 28, 3, 29, 2
2014/12/9, 74, 13, 19, 19, 1
2014/12/10, 39, 13, 22, 15, 1
2014/12/11, 34, 8, 26, 13, 1
2014/12/12, 24, 9, 23, 15, 
2014/12/13, 34, 30, 4, 20, 2
2014/12/14, 92, 16, 11, 22, 2
2014/12/15, 55, 22, 9, 26, 1
2014/12/16, 60, 10, 17, 18, 1
2014/12/17, 33, 5, 24, 10, 
2014/12/18, 16, 6, 23, 11, 
2014/12/19, 20, 14, 21, 17, 1
2014/12/20, 36, 12, 26, 14, 
2014/12/21, 36, 6, 29, 9, 
2014/12/22, 18, 6, 21, 11, 
2014/12/23, 20, 10, 22, 11, 
2014/12/24, 34, 14, 21, 17, 1
2014/12/25, 37, 26, 7, 20, 1
2014/12/26, 78, 10, 24, 6, 1
2014/12/27, 27, 10, 22, 8, 1
2014/12/28, 37, , , , 
2014/7/1, 29, 14, 37, 5, 
2014/7/2, 26, 17, 40, 9, 
2014/7/3, 43, 16, 37, 14, 1
2014/7/4, 44, 7, 17, 5, 
2014/7/5, 18, 6, 25, 3, 1
2014/7/6, 12, 12, 24, 8, 1
2014/7/7, 27, 10, 23, 7, 
2014/7/8, 27, 15, 29, 7, 
2014/7/9, 38, 11, 29, 6, 
2014/7/10, 27, 11, 32, 6, 
2014/7/11, 34, 24, 32, 7, 1
2014/7/12, 60, 8, 27, 4, 1
2014/7/13, 24, 10, 30, 5, 1
2014/7/14, 20, 12, 20, 10, 1
2014/7/15, 33, 13, 29, 9, 1
2014/7/16, 36, 14, 44, 7, 
2014/7/17, 32, 22, 56, 9, 
2014/7/18, 55, 26, 42, 8, 
2014/7/19, 50, 19, 27, 4, 
2014/7/20, 43, 15, 40, 5, 1
2014/7/21, 37, 15, 33, 7, 
2014/7/22, 43, 23, 44, 5, 
2014/7/23, 63, 25, 59, 10, 1
2014/7/24, 58, 19, 47, 7, 1
2014/7/25, 52, , 41, 5, 
2014/7/26, 57, 22, 54, 6, 3
2014/7/27, 68, 13, 38, 5, 1
2014/7/28, 39, 16, 30, 5, 
2014/7/29, 35, 12, 33, 8, 
2014/7/30, 44, 16, 39, 7, 1
2014/7/31, 47, 20, 40, 7, 
2014/8/1, 54, 17, 31, 5, 
2014/8/2, 52, 11, 30, 2, 1
2014/8/3, 28, 10, 32, 7, 1
2014/8/4, 29, 12, 31, 8, 
2014/8/5, 36, 11, 25, 10, 
2014/8/6, 37, 11, 29, 8, 
2014/8/7, 41, 10, 21, 8, 1
2014/8/8, 36, 9, 27, 4, 
2014/8/9, 31, 8, 26, 4, 
2014/8/10, 25, 12, 24, 6, 
2014/8/11, 26, 10, 24, 8, 
2014/8/12, 28, 11, 26, 7, 1
2014/8/13, 30, 11, 24, 7, 
2014/8/14, 30, 8, 29, 4, 
2014/8/15, 26, 14, 32, 7, 2
2014/8/16, 46, 8, 28, 5, 
2014/8/17, 29, 11, 26, 7, 1
2014/8/18, 28, 10, 28, 8, 
2014/8/19, 30, 10, 27, 8, 1
2014/8/20, 30, 10, 29, 10, 1
2014/8/21, 30, 10, 21, 12, 
2014/8/22, 35, 9, 31, 8, 
2014/8/23, 28, 7, 33, 7, 1
2014/8/24, 29, 10, 13, 12, 
2014/8/25, 37, 6, 23, 10, 1
2014/8/26, 25, 13, 17, 10, 
2014/8/27, 44, 9, 20, 8, 1
2014/8/28, 30, 12, 24, 9, 
2014/8/29, 37, 13, 18, 8, 
2014/8/30, 34, 13, 29, 6, 
2014/8/31, 36, 21, 29, 11, 1
2014/9/1, 50, 9, 21, 9, 
2014/9/2, 38, 20, 34, 8, 
2014/9/3, 60, 23, 23, 10, 
2014/9/4, 68, 36, 23, 11, 
2014/9/5, 91, 43, 35, 7, 1
2014/9/6, 112, 34, 38, 6, 
2014/9/7, 95, 41, 38, 8, 
2014/9/8, 111, 34, 35, 7, 1
2014/9/9, 90, 21, 28, 7, 1
2014/9/10, 57, 26, 28, 10, 1
2014/9/11, 72, 23, 32, 9, 1
2014/9/12, 65, 26, 33, 7, 
2014/9/13, 77, 31, 33, 4, 
2014/9/14, 89, 25, 31, 10, 
2014/9/15, 73, 21, 38, 13, 1
2014/9/16, 61, 21, 32, 12, 
2014/9/17, 58, 22, 28, 13, 
2014/9/18, 56, 16, 26, 13, 
2014/9/19, 44, 17, 24, 12, 1
2014/9/20, 54, 21, 32, 4, 9
2014/9/21, 62, 24, 28, 8, 5
2014/9/22, 65, 50, 29, 12, 13
2014/9/23, 136, 45, 23, 13, 4
2014/9/24, 120, 19, 25, 11, 2
2014/9/25, 51, 19, 25, 14, 1
2014/9/26, 52, 13, 26, 10, 
2014/9/27, 49, 14, 26, 9, 
2014/9/28, 51, 20, 14, 17, 1
2014/9/29, 65, 22, 19, 13, 
2014/9/30, 66, 19, 18, 12, 1
2014/4/1, 60, 34, 17, 19, 1
2014/4/2, 59, 28, 24, 14, 1
2014/4/3, 47, 22, 27, 10, 2
2014/4/4, 41, 18, 30, 12, 1
2014/4/5, 43, 7, 18, 5, 1
2014/4/6, 18, 11, 18, 9, 1
2014/4/7, 21, 13, 33, 8, 1
2014/4/8, 14, 24, 32, 13, 1
2014/4/9, 42, 25, 33, 14, 2
2014/4/10, 45, 22, 35, 11, 1
2014/4/11, 54, 26, 42, 11, 2
2014/4/12, 63, 13, 36, 5, 1
2014/4/13, 25, 17, 35, 8, 1
2014/4/14, 33, 17, 32, 7, 1
2014/4/15, 26, 22, 35, 8, 1
2014/4/16, 45, 25, 40, 16, 2
2014/4/17, 51, 22, 38, 5, 1
2014/4/18, 39, 13, 34, 4, 1
2014/4/19, 25, 21, 35, 5, 1
2014/4/20, 57, 14, 33, 10, 2
2014/4/21, 43, 21, 30, 12, 2
2014/4/22, 54, 16, 33, 11, 1
2014/4/23, 46, 17, 34, 10, 1
2014/4/24, 45, 30, 24, 11, 1
2014/4/25, 83, 11, 28, 9, 1
2014/4/26, 26, 7, 30, 5, 1
2014/4/27, 12, 7, 30, 6, 1
2014/4/28, 13, 15, 28, 11, 1
2014/4/29, 42, 30, 32, 7, 1
2014/4/30, 81, 12, 27, 6, 1
2014/5/1, 38, 18, 36, 6, 1
2014/5/2, 34, 15, 37, 4, 1
2014/5/3, 25, 16, 42, 6, 1
2014/5/4, 40, 19, 40, 12, 1
2014/5/5, 50, 15, 24, 16, 1
2014/5/6, 32, 10, 30, 8, 1
2014/5/7, 15, 7, 30, 5, 1
2014/5/8, 11, 9, 28, 7, 1
2014/5/9, 17, 14, 28, 7, 1
2014/5/10, 23, 10, 34, 2, 1
2014/5/11, 12, 8, 29, 6, 1
2014/5/12, 10, 10, 28, 10, 1
2014/5/13, 16, 12, 35, 10, 1
2014/5/14, 27, 11, 38, 8, 1
2014/5/15, 31, 18, 36, 8, 1
2014/5/16, 45, 23, 44, 7, 1
2014/5/17, 66, 19, 48, 6, 1
2014/5/18, 56, 15, 45, 9, 1
2014/5/19, 45, 10, 37, 10, 1
2014/5/20, 21, 10, 24, 11, 1
2014/5/21, 21, 9, 31, 10, 1
2014/5/22, 17, 9, 31, 8, 1
2014/5/23, 18, 6, 32, 5, 1
2014/5/24, 11, 8, 30, 6, 1
2014/5/25, 22, 19, 23, 9, 1
2014/5/26, 47, 18, 29, 10, 1
2014/5/27, 52, 13, 27, 12, 1
2014/5/28, 37, 13, 29, 10, 1
2014/5/29, 36, 17, 29, 10, 1
2014/5/30, 53, 21, 38, 7, 1
2014/5/31, 61, 22, 31, 9, 2
2014/6/1, 66, 22, 39, 9, 2
2014/6/2, 63, 14, 28, 10, 2
2014/6/3, 41, 7, 27, 8, 1
2014/6/4, 18, 10, 29, 6, 
2014/6/5, 15, 14, 41, 8, 
2014/6/6, 29, 18, 35, 8, 
2014/6/7, 48, 8, 35, 3, 
2014/6/8, 20, 13, 27, 6, 
2014/6/9, 34, 16, 26, 8, 
2014/6/10, 39, 13, 31, 7, 
2014/6/11, 28, 13, 39, 7, 
2014/6/12, 26, 22, 45, 9, 1
2014/6/13, 51, 17, 36, 6, 1
2014/6/14, 46, 13, 36, 2, 
2014/6/15, 26, 11, 31, 4, 
2014/6/16, 24, 16, 31, 4, 
2014/6/17, 28, 17, 29, 4, 
2014/6/18, 32, 10, 29, 5, 
2014/6/19, 29, 14, 28, 3, 
2014/6/20, 34, 12, 34, 5, 
2014/6/21, 26, 19, 44, 5, 
2014/6/22, 50, 13, 37, 5, 
2014/6/23, 36, 17, 44, 8, 
2014/6/24, 47, 17, 36, 6, 
2014/6/25, 45, 15, 36, 8, 
2014/6/26, 35, 18, 22, 12, 
2014/6/27, 48, 13, 19, 9, 
2014/6/28, 38, 11, 27, 4, 
2014/6/29, 29, 15, 30, 9, 1
2014/6/30, 35, 13, 31, 6, 
2014/1/30, 63, 15, 13, 16, 1
2014/1/31, 51, 7, 28, 9, 1
2014/2/1, 16, 14, 24, 12, 1
2014/2/2, 29, 17, 17, 17, 1
2014/2/3, 45, 9, 25, 12, 1
2014/2/4, 20, 9, 28, 9, 1
2014/2/5, 18, 14, 26, 14, 1
2014/2/6, 26, 9, 25, 12, 1
2014/2/7, 22, 7, 30, 6, 1
2014/2/8, 14, 12, 31, 5, 1
2014/2/9, 16, 13, 19, 17, 2
2014/2/10, 27, 13, 20, 17, 1
2014/2/11, 9, 15, 25, 14, 1
2014/2/12, 14, 12, 26, 16, 1
2014/2/13, 13, 10, 21, 14, 1
2014/2/14, 13, 16, 32, 5, 1
2014/2/15, 15, 12, 27, 8, 1
2014/2/16, 9, 15, 20, 16, 1
2014/2/17, 16, 20, 8, 22, 2
2014/2/18, 42, 17, 15, 23, 2
2014/2/19, 30, 11, 18, 18, 1
2014/2/20, 21, 8, 25, 14, 1
2014/2/21, 10, 10, 27, 15, 1
2014/2/22, 15, 16, 28, 11, 1
2014/2/23, 29, 16, 23, 15, 1
2014/2/24, 29, 11, 30, 14, 1
2014/2/25, 23, 17, 22, 20, 1
2014/2/26, 29, 17, 25, 17, 1
2014/2/27, 26, 12, 21, 16, 1
2014/2/28, 15, 16, 28, 14, 1
2014/3/1, 29, 20, 29, 13, 2
2014/3/2, 49, 9, 29, 15, 1
2014/3/3, 13, 22, 24, 21, 2
2014/3/4, 50, 25, 27, 20, 1
2014/3/5, 51, 34, 22, 22, 1
2014/3/6, 69, 34, 25, 20, 2
2014/3/7, 79, 31, 28, 12, 1
2014/3/8, 74, 34, 36, 16, 1
2014/3/9, 83, 37, 33, 22, 1
2014/3/10, 80, 45, 29, 9, 
2014/3/11, 115, 64, 26, 21, 2
2014/3/12, 149, 65, 32, 24, 2
2014/3/13, 150, 74, 12, 25, 2
2014/3/14, 165, 44, 33, 8, 1
2014/3/15, 94, 25, 26, 11, 3
2014/3/16, 50, 24, 22, 13, 1
2014/3/17, 55, 19, 25, 13, 1
2014/3/18, 41, 32, 24, 16, 2
2014/3/19, 47, 28, 32, 15, 1
2014/3/20, 56, 15, 32, 9, 1
2014/3/21, 33, 9, 31, 7, 1
2014/3/22, 18, 8, 30, 7, 1
2014/3/23, 15, 20, 27, 17, 2
2014/3/24, 47, 17, 24, 14, 1
2014/3/25, 35, 24, 30, 10, 1
2014/3/26, 59, 29, 27, 16, 1
2014/3/27, 65, 38, 28, 19, 1
2014/3/28, 89, 31, 35, 13, 1
2014/3/29, 79, 24, 26, 16, 1
2014/3/30, 62, 32, 27, 18, 1
2014/3/31, 61, 37, 26, 16, 1
2023/12/18, , 11, , , 
2022/11/7, , 10, 21, 7, 
2022/11/8, , 13, 21, 12, 
2022/11/9, , 16, 15, 12, 
2022/11/10, , 12, 17, 6, 
2022/11/11, , 18, 2, 9, 
2022/11/12, , 15, 3, 6, 
2022/11/30, , 30, 9, 10, 
2022/7/28, , 21, 51, 7, 
2022/8/16, , 13, 30, 6, 
2022/9/25, , 11, 20, 6, 
2020/8/26, , 9, 17, 6, 
2020/3/31, , 20, 34, 7, 
2019/12/31, , 25, 3, 12, 
2020/3/8, , 14, 25, 7, 
2019/8/15, , 12, 23, 6, 
2019/8/24, , 8, 49, 6, 
2018/12/31, , 15, 22, 11, 
2018/9/11, , 14, 18, 8, 
2018/5/5, , 17, 45, 3, 
2018/5/20, , 15, 40, 3, 
2017/12/31, , 12, 32, 5, 
2017/12/25, , 12, 25, 9, 
2016/10/6, , 16, 11, 9, 
2016/8/6, , 7, 19, 4, 2
2016/5/27, , 25, 36, 9, 
2016/5/28, , 25, 35, 2, 
2016/5/29, , 19, 35, 4, 
2016/5/30, , 6, 27, 3, 
2016/6/24, , 11, 24, 3, 1
2016/6/25, , 10, 28, 4, 1
2016/6/26, , 6, 22, 5, 1
2015/11/5, , 6, 12, 13, 
2016/1/2, , 4, 24, 8, 
2015/7/2, , 15, 57, 5, 
2015/7/4, , 9, 26, 4, 1
2015/6/16, , 15, 34, 9, 1
2015/6/27, , 10, 35, 5, 1
2015/6/28, , 14, 37, 5, 1
2014/12/31, , 35, 17, 17, 2
2014/10/7, , 12, 19, 14, 
2014/1/29, , 23, 6, 20, 1
2022/11/27, , , 15, , 
2022/11/28, , , 19, 11, 
2022/11/29, , , 16, 6, 
2022/8/14, , , 39, 4, 
2022/8/15, , , 36, 5, 
2015/11/4, , , 9, 17, 1
2015/7/3, , , 48, 9, 1
2022/11/4, , , , 10, 
2022/11/5, , , , 5, 
2022/11/6, , , , 8, 