date, pm25, pm10, o3, no2, co
2024/1/1, 19, 4, 28, 2, 
2024/1/2, 12, 10, 31, 4, 
2024/1/3, 29, 12, 28, 1, 
2024/1/4, 32, 9, 24, 4, 
2024/1/5, 27, 6, 21, 3, 
2024/1/6, 24, 9, 22, 2, 
2024/1/7, 33, 11, 24, 2, 
2024/1/8, 46, 18, 13, 3, 
2024/1/9, 64, 27, 14, 4, 
2024/1/10, 84, 31, 12, 11, 
2024/1/11, 92, 20, 24, 6, 
2024/1/12, 66, 15, 19, 2, 
2024/1/13, 58, 35, 11, 4, 
2024/1/14, 106, 24, 17, 9, 
2024/1/15, 73, 37, 22, 6, 
2024/1/16, 106, 11, 25, 4, 
2024/1/17, 36, 10, 24, 6, 
2024/1/18, 36, 16, 24, 7, 
2024/1/19, 56, 18, 23, 3, 
2024/1/20, 63, 10, 26, 1, 
2024/1/21, 37, 7, 27, 3, 
2024/1/22, 22, 14, 24, 3, 
2024/1/23, 39, 2, 22, 2, 
2024/1/24, 5, 6, 20, 2, 
2024/1/25, 16, 10, 25, 7, 
2024/1/26, 30, 23, 24, 4, 
2024/1/27, 71, 24, 14, 2, 
2024/1/28, 76, 11, 9, 2, 
2024/1/29, 41, , , , 
2023/10/1, 40, 16, 34, 1, 
2023/10/2, 49, 9, 29, 2, 
2023/10/3, 23, 9, 29, 4, 
2023/10/4, 18, 10, 30, 2, 
2023/10/5, 23, 10, 32, 5, 
2023/10/6, 25, 11, 35, 3, 
2023/10/7, 25, 30, 28, 2, 
2023/10/8, 46, 36, 28, 6, 
2023/10/9, 53, 32, 31, 6, 
2023/10/10, 52, 24, 33, 3, 
2023/10/11, 46, 26, 29, 2, 
2023/10/12, 50, 25, 32, 2, 
2023/10/13, 48, 8, 29, 1, 
2023/10/14, 17, 5, 26, 1, 
2023/10/15, 11, 8, 25, 1, 
2023/10/16, 16, 15, 25, 2, 
2023/10/17, 28, 7, 24, 1, 
2023/10/18, 17, 6, 27, , 
2023/10/19, 13, 4, 27, 1, 
2023/10/20, 8, 7, 30, 2, 
2023/10/21, 16, 9, 26, 1, 
2023/10/22, 23, 7, 15, 2, 
2023/10/23, 21, 6, 26, 1, 
2023/10/24, 13, 4, 24, 1, 
2023/10/25, 9, 10, 29, 1, 
2023/10/26, 23, 8, 27, 3, 
2023/10/27, 16, 6, 27, , 
2023/10/28, 13, 6, 28, , 
2023/10/29, 13, 5, 25, , 
2023/10/30, 8, 9, 21, 1, 
2023/10/31, 20, 8, 25, , 
2023/11/1, 17, 10, 29, 3, 
2023/11/2, 24, 5, 25, 2, 
2023/11/3, 12, 7, 31, 1, 
2023/11/4, 18, 6, 29, 3, 
2023/11/5, 16, 5, 27, 2, 
2023/11/6, 13, 6, 23, 4, 
2023/11/7, 15, 5, 28, , 
2023/11/8, 14, 6, 25, 3, 
2023/11/9, 15, 7, 24, 5, 
2023/11/10, 17, 10, 21, 1, 
2023/11/11, 26, 12, 28, 1, 
2023/11/12, 33, 7, 31, 3, 
2023/11/13, 18, 8, 27, 2, 
2023/11/14, 16, 12, 22, 2, 
2023/11/15, 31, 7, 24, 1, 
2023/11/16, 17, 8, 21, 3, 
2023/11/17, 20, 8, 21, 2, 
2023/11/18, 18, 10, 27, 2, 
2023/11/19, 25, 11, 28, 3, 
2023/11/20, 29, 5, 20, 3, 
2023/11/21, 14, 12, 16, 6, 
2023/11/22, 40, 13, 19, 5, 
2023/11/23, 42, 9, 28, 2, 
2023/11/24, 22, 12, 24, 6, 
2023/11/25, 33, 12, 23, 3, 
2023/11/26, 42, 6, 24, 3, 
2023/11/27, 19, 7, 21, 5, 
2023/11/28, 22, 15, 13, 3, 
2023/11/29, 47, 19, 10, 4, 
2023/11/30, 64, 18, 14, 4, 
2023/12/1, 62, 19, 14, 6, 
2023/12/2, 66, 12, 20, 1, 
2023/12/3, 44, 3, 24, 1, 
2023/12/4, 12, 6, 23, 2, 
2023/12/5, 17, 17, 14, 5, 
2023/12/6, 53, 9, 20, 1, 
2023/12/7, 32, 13, 22, 3, 
2023/12/8, 35, 9, 30, 1, 
2023/12/9, 22, 11, 27, 2, 
2023/12/10, 30, 6, 26, 2, 
2023/12/11, 16, 7, 25, 4, 
2023/12/12, 17, 6, 26, 4, 
2023/12/13, 17, 6, 17, 3, 
2023/12/14, 16, 13, 11, 6, 
2023/12/15, 45, 19, 14, 5, 
2023/12/16, 64, 11, 10, 1, 
2023/12/17, 45, 8, 14, 2, 
2023/12/18, 36, 8, 18, 2, 
2023/12/19, 29, 8, 22, 2, 
2023/12/20, 21, 5, 28, 2, 
2023/12/21, 14, 7, 29, 2, 
2023/12/22, 20, 3, 27, 1, 
2023/12/23, 10, 5, 29, 4, 
2023/12/24, 13, 7, 23, 5, 
2023/12/25, 21, 9, 24, 3, 
2023/12/26, 26, 6, 26, , 
2023/12/27, 19, 6, 21, 3, 
2023/12/28, 21, 8, 25, 3, 
2023/12/29, 21, 5, 27, , 
2023/12/30, 14, 7, 27, 4, 
2023/12/31, 19, 7, 27, 3, 
2023/7/1, 32, 21, 35, , 
2023/7/2, 59, 10, 34, 1, 
2023/7/3, 28, 6, 25, 1, 
2023/7/4, 15, 9, 30, 1, 
2023/7/5, 19, 10, 37, 2, 
2023/7/6, 24, 17, 39, 1, 
2023/7/7, 31, 10, 43, 1, 
2023/7/8, 22, 15, 38, 2, 
2023/7/9, 36, 8, 33, 1, 
2023/7/10, 19, 11, 36, 2, 
2023/7/11, 22, 7, 33, , 
2023/7/12, 13, 9, 33, 2, 
2023/7/13, 15, 7, 37, 2, 
2023/7/14, 14, 5, 27, 1, 
2023/7/15, 12, 8, 30, 1, 
2023/7/16, 21, , 33, 1, 
2023/7/19, 16, 13, 37, 1, 
2023/7/20, 18, 7, 34, 1, 
2023/7/21, 15, 9, 36, 2, 
2023/7/22, 21, 6, 24, 1, 
2023/7/23, 16, 5, 27, 1, 
2023/7/24, 12, 4, 29, 1, 
2023/7/25, 10, 6, 28, , 
2023/7/26, 15, 4, 25, 1, 
2023/7/27, 9, 4, 14, 1, 
2023/7/28, 9, 4, 24, , 
2023/7/29, 9, 6, 32, , 
2023/7/30, 16, 8, 29, 2, 
2023/7/31, 24, 6, 28, 1, 
2023/8/1, 18, 7, 29, 1, 
2023/8/2, 16, 7, 24, 1, 
2023/8/3, 18, 9, 28, 1, 
2023/8/4, 21, 7, 31, 1, 
2023/8/5, 17, 5, 31, , 
2023/8/6, 12, 5, 29, , 
2023/8/7, 11, 6, 32, 2, 
2023/8/8, 12, 6, 25, 1, 
2023/8/9, 11, 6, 29, 1, 
2023/8/10, 14, 9, 20, 1, 
2023/8/11, 24, 6, 29, 1, 
2023/8/12, 14, 9, 33, 1, 
2023/8/13, 24, 10, 27, 1, 
2023/8/14, 25, 7, 23, , 
2023/8/15, 19, 8, 27, 1, 
2023/8/16, 21, 10, 39, , 
2023/8/17, 31, 15, 33, 1, 
2023/8/18, 42, 11, 23, 1, 
2023/8/19, 25, 6, 34, 1, 
2023/8/20, 15, 7, 38, 1, 
2023/8/21, 17, 11, 39, 1, 
2023/8/22, 23, 13, 39, 1, 
2023/8/23, 26, 13, 28, 2, 
2023/8/24, 29, 12, 24, 2, 
2023/8/25, 30, 4, 27, 1, 
2023/8/26, 9, 4, 28, 1, 
2023/8/27, 9, 4, 30, 1, 
2023/8/28, 9, 5, 33, 3, 
2023/8/29, 13, 6, 26, 1, 
2023/8/30, 15, 6, 21, 1, 
2023/8/31, 16, 4, 20, 1, 
2023/9/1, 9, 6, 31, 1, 
2023/9/2, 15, 7, 39, , 
2023/9/3, 18, 8, 38, , 
2023/9/4, 16, 14, 39, 3, 
2023/9/5, 27, 23, 49, 5, 
2023/9/6, 40, 22, 49, 3, 
2023/9/7, 36, 22, 51, 4, 
2023/9/8, 45, 19, 53, 1, 
2023/9/9, 43, 17, 46, 1, 
2023/9/10, 41, 17, 45, 4, 
2023/9/11, 41, 13, 20, 4, 
2023/9/12, 35, 9, 27, 3, 
2023/9/13, 25, 8, 35, 3, 
2023/9/14, 19, 8, 38, 2, 
2023/9/15, 20, 7, 36, 1, 
2023/9/16, 20, 10, 31, 1, 
2023/9/17, 25, 8, 28, 1, 
2023/9/18, 17, 7, 28, 1, 
2023/9/19, 15, 6, 33, , 
2023/9/20, 13, 5, 26, , 
2023/9/21, 12, 5, 29, 1, 
2023/9/22, 9, 6, 30, 1, 
2023/9/23, 14, 6, 32, 1, 
2023/9/24, 16, 6, 33, 2, 
2023/9/25, 14, 7, 32, 3, 
2023/9/26, 18, 9, 33, 3, 
2023/9/27, 22, 8, 28, 1, 
2023/9/28, 22, 8, 29, 2, 
2023/9/29, 22, 10, 30, 1, 
2023/9/30, 32, 11, 33, 1, 
2023/4/1, 15, 8, 29, 1, 
2023/4/2, 29, 11, 34, , 
2023/4/3, 40, 9, 37, 2, 
2023/4/4, 31, 17, 37, 6, 
2023/4/5, 53, 10, 30, 2, 
2023/4/6, 34, 10, 36, 2, 
2023/4/7, 34, 11, 38, 1, 
2023/4/8, 41, 12, 37, 1, 
2023/4/9, 42, 6, 31, 2, 
2023/4/10, 22, 7, 33, 1, 
2023/4/11, 18, 5, 38, 1, 
2023/4/12, 10, 7, 34, 1, 
2023/4/13, 18, 4, 32, , 
2023/4/14, 13, 5, 28, 1, 
2023/4/15, 18, 10, 41, 2, 
2023/4/16, 37, 17, 29, 3, 
2023/4/17, 57, 21, 38, 1, 
2023/4/18, 65, 11, 35, , 
2023/4/19, 38, 13, 41, 2, 
2023/4/20, 36, 15, 41, 3, 
2023/4/21, 50, 8, 36, 2, 
2023/4/22, 27, 5, 34, , 
2023/4/23, 13, 7, 37, 1, 
2023/4/24, 20, 7, 34, 1, 
2023/4/25, 25, 9, 33, , 
2023/4/26, 30, 7, 30, 1, 
2023/4/27, 25, 5, 21, 1, 
2023/4/28, 13, 10, 28, 1, 
2023/4/29, 37, 9, 34, 1, 
2023/4/30, 34, 7, 30, 1, 
2023/5/1, 25, 8, 37, 2, 
2023/5/2, 24, 9, 40, , 
2023/5/3, 30, 8, 38, 1, 
2023/5/4, 19, 5, 33, 1, 
2023/5/5, 10, 5, 34, , 
2023/5/6, 11, 6, 24, 1, 
2023/5/7, 16, 8, 27, 1, 
2023/5/8, 23, 4, 30, 1, 
2023/5/9, 9, 6, 28, , 
2023/5/10, 14, 6, 32, 1, 
2023/5/11, 13, 6, 31, 2, 
2023/5/12, 16, 11, 41, 2, 
2023/5/13, 32, 22, 34, 2, 
2023/5/14, 66, 17, 32, 2, 
2023/5/15, 52, 9, 33, 1, 
2023/5/16, 20, 8, 36, 1, 
2023/5/17, 22, 11, 39, 1, 
2023/5/18, 30, 15, 44, 2, 
2023/5/19, 41, 15, 40, 2, 
2023/5/20, 41, 14, 43, 1, 
2023/5/21, 41, 17, 40, 1, 
2023/5/22, 50, 15, 34, 1, 
2023/5/23, 48, 13, 37, 1, 
2023/5/24, 31, 15, 39, , 
2023/5/25, 36, 15, 44, 1, 
2023/5/26, 44, 16, 45, 1, 
2023/5/27, 48, 13, 51, , 
2023/5/28, 38, 14, 42, , 
2023/5/29, 36, 14, 43, , 
2023/5/30, 31, 15, 48, , 
2023/5/31, 30, 14, 56, 1, 
2023/6/1, 28, 17, 42, 1, 
2023/6/2, 46, 16, 45, 1, 
2023/6/3, 42, 13, 48, , 
2023/6/4, 31, 12, 52, 1, 
2023/6/5, 24, 15, 57, 1, 
2023/6/6, 36, 18, 60, 1, 
2023/6/7, 43, 17, 63, 1, 
2023/6/8, 48, 14, 45, 1, 
2023/6/9, 36, 7, 34, , 
2023/6/10, 19, 15, 39, 1, 
2023/6/11, 41, 11, 57, 1, 
2023/6/12, 34, 18, 59, 2, 
2023/6/13, 47, 17, 70, 2, 
2023/6/14, 45, 20, 76, 3, 
2023/6/15, 53, 21, 65, 3, 
2023/6/16, 55, 19, 52, 2, 
2023/6/17, 51, 10, 37, 1, 
2023/6/18, 27, 11, 27, 1, 
2023/6/19, 24, , , , 
2023/6/21, 22, 10, 37, 2, 
2023/6/22, 26, 8, 43, 1, 
2023/6/23, 18, 10, 55, 1, 
2023/6/24, 25, 12, 58, 1, 
2023/6/25, 34, 9, 37, , 
2023/6/26, 19, 12, 39, 1, 
2023/6/27, 23, 12, 43, 1, 
2023/6/28, 32, 20, 37, 2, 
2023/6/29, 47, 10, 34, 1, 
2023/6/30, 22, 12, 35, , 
2023/1/2, 14, 6, 25, 1, 
2023/1/3, 17, 4, 25, 3, 
2023/1/4, 12, 4, 25, 1, 
2023/1/5, 8, 6, 22, 1, 
2023/1/6, 13, 6, 24, , 
2023/1/7, 19, 3, 31, , 
2023/1/8, 9, 7, 29, 3, 
2023/1/9, 17, 6, 22, 1, 
2023/1/10, 18, 8, 28, 3, 
2023/1/11, 20, 8, 23, 7, 
2023/1/12, 21, 8, 30, 2, 
2023/1/13, 22, 5, 34, 1, 
2023/1/14, 14, 5, 31, , 
2023/1/15, 13, 5, 29, , 
2023/1/16, 14, 11, 16, 15, 
2023/1/17, 40, 10, 24, 5, 
2023/1/18, 38, 9, 20, 3, 
2023/1/19, 32, 9, 23, 3, 
2023/1/20, 34, 13, 20, 4, 
2023/1/21, 48, 20, 17, 5, 
2023/1/22, 68, 15, 15, 3, 
2023/1/23, 57, 15, 15, 4, 
2023/1/24, 56, 17, 15, 5, 
2023/1/25, 61, 19, 24, 8, 
2023/1/26, 65, 9, 26, 3, 
2023/1/27, 34, 13, 21, 3, 
2023/1/28, 51, 21, 23, 5, 
2023/1/29, 71, 15, 19, 4, 
2023/1/30, 56, 14, 24, 3, 
2023/1/31, 47, 14, 29, 3, 
2023/2/1, 41, 13, 25, 3, 
2023/2/2, 37, 7, 28, 3, 
2023/2/3, 21, 9, 25, 3, 
2023/2/4, 35, 9, 27, 2, 
2023/2/5, 28, 14, 25, 2, 
2023/2/6, 46, 15, 20, 3, 
2023/2/7, 53, 28, 19, 6, 
2023/2/8, 84, 44, 18, 11, 
2023/2/9, 119, 46, 17, 11, 
2023/2/10, 124, 37, 29, 5, 
2023/2/11, 106, 20, 26, 2, 
2023/2/12, 68, 28, 22, 7, 
2023/2/13, 85, 54, 26, 9, 
2023/2/14, 142, 30, 32, 7, 
2023/2/15, 87, 15, 28, 4, 
2023/2/16, 49, 7, 20, 3, 
2023/2/17, 25, 4, 28, 1, 
2023/2/18, 15, 8, 30, 2, 
2023/2/19, 26, 18, 23, 6, 
2023/2/20, 58, 25, 22, 8, 
2023/2/21, 70, 20, 18, 4, 
2023/2/22, 60, 12, 20, 2, 
2023/2/23, 41, 23, 23, 2, 
2023/2/24, 72, 10, 32, 2, 
2023/2/25, 33, 8, 30, 1, 
2023/2/26, 25, 7, 30, 1, 
2023/2/27, 21, 12, 30, 2, 
2023/2/28, 45, 23, 27, 4, 
2023/3/1, 70, 39, 23, 12, 
2023/3/2, 101, 44, 17, 10, 
2023/3/3, 112, 28, 30, 4, 
2023/3/4, 82, 21, 30, 4, 
2023/3/5, 69, 21, 28, 5, 
2023/3/6, 66, 13, 32, 4, 
2023/3/7, 47, 5, 36, 3, 
2023/3/8, 18, 10, 31, 4, 
2023/3/9, 28, 7, 32, 1, 
2023/3/10, 20, 5, 26, , 
2023/3/11, 22, 12, 29, 1, 
2023/3/12, 37, 6, 30, 2, 
2023/3/13, 16, 6, 33, 3, 
2023/3/14, 18, 10, 33, 3, 
2023/3/15, 29, 5, 35, , 
2023/3/16, 13, 8, 30, 2, 
2023/3/17, 22, 4, 32, , 
2023/3/18, 12, 7, 31, 1, 
2023/3/19, 22, 10, 33, 2, 
2023/3/20, 31, 6, 31, 1, 
2023/3/21, 19, 5, 30, 2, 
2023/3/22, 17, 4, 32, 1, 
2023/3/23, 11, 5, 32, 3, 
2023/3/24, 14, 9, 34, 2, 
2023/3/25, 24, 5, 36, 1, 
2023/3/26, 15, 8, 34, 3, 
2023/3/27, 22, 13, 35, 3, 
2023/3/28, 25, 10, 33, 1, 
2023/3/29, 21, 10, 33, 3, 
2023/3/30, 27, 10, 33, 1, 
2023/3/31, 30, 5, 32, , 
2022/10/1, 7, 5, 26, 1, 
2022/10/2, 11, 6, 26, , 
2022/10/3, 16, 7, 24, 4, 
2022/10/4, 21, 10, 32, 1, 
2022/10/5, 24, 12, 29, 2, 
2022/10/6, 25, 10, 24, 4, 
2022/10/7, 26, 11, 26, 2, 
2022/10/8, 31, 15, 28, 2, 
2022/10/9, 40, 26, 25, 4, 
2022/10/10, 50, 18, 20, 2, 
2022/10/11, 48, 18, 25, 4, 
2022/10/12, 46, 12, 21, 1, 
2022/10/13, 32, 6, 22, 1, 
2022/10/14, 10, 6, 22, 1, 
2022/10/15, 9, 13, 20, , 
2022/10/16, 21, 13, 23, 1, 
2022/10/17, 27, 10, 18, 1, 
2022/10/18, 21, 18, 21, 1, 
2022/10/19, 34, 14, 23, 1, 
2022/10/20, 25, 14, 22, 1, 
2022/10/21, 24, 10, 23, , 
2022/10/22, 19, 14, 30, , 
2022/10/23, 27, 9, 28, 2, 
2022/10/24, 20, 10, 21, 1, 
2022/10/25, 22, 10, 25, 1, 
2022/10/26, 20, 18, 20, 1, 
2022/10/27, 32, 23, 21, 2, 
2022/10/28, 44, 26, 20, 2, 
2022/10/29, 48, 19, 22, 2, 
2022/10/30, 42, 19, 26, 1, 
2022/10/31, 45, 11, 27, 1, 
2022/11/1, 24, 11, 23, 1, 
2022/11/2, 28, 7, 22, 2, 
2022/11/3, 19, 6, 23, 2, 
2022/11/4, 15, 10, 17, 1, 
2022/11/5, 28, 7, 22, , 
2022/11/6, 21, 8, 24, 1, 
2022/11/7, 21, 6, 23, 1, 
2022/11/8, 16, 8, 23, 2, 
2022/11/9, 21, 7, 19, 1, 
2022/11/10, 22, 12, 16, 1, 
2022/11/11, 37, 16, 12, 2, 
2022/11/12, 54, 16, 9, 3, 
2022/11/13, 56, 9, 21, 3, 
2022/11/14, 31, 8, 22, 1, 
2022/11/15, 18, 8, 25, , 
2022/11/16, 18, 10, 26, 4, 
2022/11/17, 27, 9, 23, 3, 
2022/11/18, 23, 9, 21, 3, 
2022/11/19, 29, 9, 20, 1, 
2022/11/20, 29, 10, 22, 2, 
2022/11/21, 27, 8, 26, 3, 
2022/11/22, 21, 9, 25, 2, 
2022/11/23, 23, 12, 22, 1, 
2022/11/24, 34, 13, 20, 5, 
2022/11/25, 35, 9, 17, 1, 
2022/11/26, 32, 7, 16, , 
2022/11/27, 25, 8, 22, 3, 
2022/11/28, 21, 13, 15, 6, 
2022/11/29, 43, 13, 19, 2, 
2022/11/30, 48, 22, 6, 8, 
2022/12/1, 71, 20, 10, 5, 
2022/12/2, 67, 11, 9, 5, 
2022/12/3, 45, 22, 8, 3, 
2022/12/4, 73, 26, 3, 6, 
2022/12/5, 82, 17, 3, 7, 
2022/12/6, 61, 15, 15, 6, 
2022/12/7, 55, 13, 22, 4, 
2022/12/8, 46, 19, 18, 8, 
2022/12/9, 65, 18, 18, 7, 
2022/12/10, 63, 25, 16, 3, 
2022/12/11, 81, 26, 15, 2, 
2022/12/12, 81, 29, 15, 5, 
2022/12/13, 81, 23, 9, 6, 
2022/12/14, 76, 26, 13, 8, 
2022/12/15, 82, 22, 23, 11, 
2022/12/16, 72, 21, 22, 3, 
2022/12/17, 72, 19, 20, 3, 
2022/12/18, 65, 6, 21, 2, 
2022/12/19, 19, 5, 22, 2, 
2022/12/20, 17, 4, 24, 2, 
2022/12/21, 13, 14, 26, 3, 
2022/12/22, 38, 6, 25, 3, 
2022/12/23, 16, 7, 27, 1, 
2022/12/24, 20, 10, 21, 1, 
2022/12/25, 25, 7, 25, 3, 
2022/12/26, 20, 6, 21, 2, 
2022/12/27, 22, 5, 25, , 
2022/12/28, 16, 8, 25, 3, 
2022/12/29, 21, 4, 24, 1, 
2022/12/30, 12, 8, 24, , 
2022/12/31, 19, 13, 26, , 
2023/1/1, 31, 6, 28, 2, 
2022/7/1, 9, 5, 30, 1, 
2022/7/2, 10, 7, 33, , 
2022/7/3, 12, 8, 36, , 
2022/7/4, 12, 10, 38, , 
2022/7/5, 17, 10, 40, , 
2022/7/6, 16, 9, 27, 1, 
2022/7/7, 14, 12, 42, , 
2022/7/8, 25, 12, 57, 1, 
2022/7/9, 23, 9, 31, , 
2022/7/10, 16, 11, 28, , 
2022/7/11, 15, 13, 40, 1, 
2022/7/12, 17, 15, 60, 2, 
2022/7/13, 22, 16, 50, 1, 
2022/7/14, 29, 12, 43, , 
2022/7/15, 23, 11, 47, , 
2022/7/16, 18, 12, 49, , 
2022/7/17, 21, 21, 52, 1, 
2022/7/18, 36, 27, 52, 1, 
2022/7/19, 56, 13, 25, 1, 
2022/7/20, 36, 15, 43, 1, 
2022/7/21, 46, 20, 37, 1, 
2022/7/22, 57, 14, 41, 1, 
2022/7/23, 45, 11, 40, 3, 
2022/7/24, 36, 9, 28, 1, 
2022/7/25, 21, 7, 30, 1, 
2022/7/26, 12, 9, 40, 1, 
2022/7/27, 15, 10, 48, 1, 
2022/7/28, 16, 13, 52, 2, 
2022/7/29, 22, 13, 48, 2, 
2022/7/30, 24, 8, 34, , 
2022/7/31, 14, 6, 27, 1, 
2022/8/1, 11, 10, 35, 1, 
2022/8/2, 16, 12, 37, 4, 
2022/8/3, 16, 17, 36, 1, 
2022/8/4, 28, 9, 45, , 
2022/8/5, 18, 7, 40, , 
2022/8/6, 13, 6, 42, , 
2022/8/7, 12, 8, 51, , 
2022/8/8, 17, 12, 56, , 
2022/8/9, 23, 17, 54, , 
2022/8/10, 31, 18, 54, , 
2022/8/11, 31, 19, 62, 1, 
2022/8/12, 35, 15, 56, 1, 
2022/8/13, 23, 16, 45, 1, 
2022/8/14, 41, 14, 51, 1, 
2022/8/15, 45, 15, 43, 2, 
2022/8/16, 48, 10, 34, 2, 
2022/8/17, 30, 8, 42, 2, 
2022/8/18, 16, 7, 27, 1, 
2022/8/19, 20, 7, 34, 1, 
2022/8/20, 17, 7, 31, 1, 
2022/8/21, 15, 4, 24, , 
2022/8/22, 8, 6, 23, 1, 
2022/8/23, 9, 9, 45, 3, 
2022/8/24, 17, 16, 51, 2, 
2022/8/25, 29, 8, 37, , 
2022/8/26, 18, 9, 44, , 
2022/8/27, 18, 9, 42, , 
2022/8/28, 26, 12, 49, , 
2022/8/29, 29, 11, 38, 3, 
2022/8/30, 26, 17, 57, 3, 
2022/8/31, 35, 18, 59, 3, 
2022/9/1, 40, 12, 31, 2, 
2022/9/2, 32, 9, 35, 1, 
2022/9/3, 19, 9, 39, 1, 
2022/9/4, 21, 11, 36, 1, 
2022/9/5, 25, 12, 35, 1, 
2022/9/6, 25, 9, 31, , 
2022/9/7, 16, 8, 26, 1, 
2022/9/8, 15, 7, 31, , 
2022/9/9, 15, 6, 29, , 
2022/9/10, 14, 5, 35, 1, 
2022/9/11, 14, 8, 39, 1, 
2022/9/12, 13, 14, 29, 2, 
2022/9/13, 29, 15, 25, 1, 
2022/9/14, 36, 10, 34, 2, 
2022/9/15, 27, 9, 31, 3, 
2022/9/16, 22, 5, 31, 2, 
2022/9/17, 9, 5, 33, 2, 
2022/9/18, 10, 5, 29, 2, 
2022/9/19, 11, 8, 31, 3, 
2022/9/20, 17, 8, 34, 2, 
2022/9/21, 20, 9, 39, 3, 
2022/9/22, 19, 12, 36, 5, 
2022/9/23, 27, 7, 31, 2, 
2022/9/24, 19, 7, 29, 2, 
2022/9/25, 21, 6, 25, 2, 
2022/9/26, 13, 9, 26, 1, 
2022/9/27, 22, 5, 23, 3, 
2022/9/28, 11, 8, 20, 3, 
2022/9/29, 20, 8, 28, 4, 
2022/9/30, 26, 3, 27, , 
2022/4/1, 25, 10, 35, 2, 
2022/4/2, 32, 12, 37, 2, 
2022/4/3, 44, 14, 39, 4, 
2022/4/4, 44, 8, 30, 3, 
2022/4/5, 29, 8, 29, 3, 
2022/4/6, 27, 5, 27, 3, 
2022/4/7, 12, 4, 29, 2, 
2022/4/8, 11, 5, 34, 2, 
2022/4/9, 19, 11, 38, 2, 
2022/4/10, 37, 6, 37, , 
2022/4/11, 16, 8, 36, 1, 
2022/4/12, 17, 8, 32, 1, 
2022/4/13, 24, 9, 38, 2, 
2022/4/14, 31, 8, 40, 4, 
2022/4/15, 24, 10, 42, 1, 
2022/4/16, 34, 6, 37, 1, 
2022/4/17, 15, 7, 39, 1, 
2022/4/18, 18, 11, 35, 2, 
2022/4/19, 34, 17, 41, 2, 
2022/4/20, 43, 14, 43, 2, 
2022/4/21, 32, 13, 42, 2, 
2022/4/22, 36, 11, 35, , 
2022/4/23, 34, 12, 36, 1, 
2022/4/24, 41, 19, 36, 3, 
2022/4/25, 54, 17, 37, 2, 
2022/4/26, 56, 15, 41, 1, 
2022/4/27, 47, 12, 42, 2, 
2022/4/28, 36, 19, 46, 3, 
2022/4/29, 53, 19, 41, 1, 
2022/4/30, 54, 14, 40, 1, 
2022/5/1, 45, 18, 40, 2, 
2022/5/2, 54, 27, 43, 3, 
2022/5/3, 66, 19, 25, 3, 
2022/5/4, 56, 10, 30, 3, 
2022/5/5, 34, 8, 39, 2, 
2022/5/6, 21, 11, 36, 2, 
2022/5/7, 32, 18, 43, 2, 
2022/5/8, 54, 15, 45, 1, 
2022/5/9, 46, 15, 44, 2, 
2022/5/10, 40, 12, 40, 2, 
2022/5/11, 26, 8, 33, 1, 
2022/5/12, 17, 9, 36, 1, 
2022/5/13, 17, 10, 42, 1, 
2022/5/14, 20, 11, 39, , 
2022/5/15, 26, 11, 34, 1, 
2022/5/16, 25, 12, 39, 1, 
2022/5/17, 25, 11, 38, 1, 
2022/5/18, 25, 12, 39, 1, 
2022/5/19, 27, 14, 31, 1, 
2022/5/20, 32, 7, 41, , 
2022/5/21, 16, 7, 35, , 
2022/5/22, 15, 9, 27, , 
2022/5/23, 21, 5, 32, , 
2022/5/24, 9, 5, 33, 1, 
2022/5/25, 9, 4, 31, , 
2022/5/26, 10, 4, 24, , 
2022/5/27, 12, 9, 45, , 
2022/5/28, 23, 5, 36, , 
2022/5/29, 13, 5, 40, , 
2022/5/30, 12, 8, 43, 3, 
2022/5/31, 15, 8, 46, 2, 
2022/6/1, 15, 10, 42, , 
2022/6/2, 18, 13, 38, 1, 
2022/6/3, 29, 8, 39, , 
2022/6/4, 18, 11, 32, , 
2022/6/5, 28, 5, 32, , 
2022/6/6, 10, 7, 29, , 
2022/6/7, 16, 6, 29, , 
2022/6/8, 13, 9, 29, , 
2022/6/9, 23, 8, 29, , 
2022/6/10, 20, 7, 37, 1, 
2022/6/11, 17, 8, 35, , 
2022/6/12, 20, 8, 44, , 
2022/6/13, 22, 10, 46, , 
2022/6/14, 24, 13, 66, 1, 
2022/6/15, 29, 15, 71, 1, 
2022/6/16, 35, 18, 60, 2, 
2022/6/17, 38, 33, 43, 2, 
2022/6/18, 50, 30, 46, , 
2022/6/19, 57, 12, 26, , 
2022/6/20, 30, , , , 
2022/6/22, 19, 11, 35, , 
2022/6/23, 29, 8, 31, 1, 
2022/6/24, 15, 5, 25, , 
2022/6/25, 10, 9, 26, , 
2022/6/26, 18, 8, 32, , 
2022/6/27, 14, 7, 35, 1, 
2022/6/28, 13, 8, 30, 1, 
2022/6/29, 14, 4, 21, , 
2022/6/30, 11, 5, 28, , 
2022/1/3, 31, 4, 28, 3, 
2022/1/4, 10, 10, 20, 4, 
2022/1/5, 27, 13, 16, 5, 
2022/1/6, 45, 8, 29, 3, 
2022/1/7, 25, 8, 35, 2, 
2022/1/8, 23, 10, 30, 1, 
2022/1/9, 28, 15, 19, 3, 
2022/1/10, 52, 13, 19, 2, 
2022/1/11, 52, 18, 18, 6, 
2022/1/12, 62, 16, 16, 5, 
2022/1/13, 61, 29, 12, 6, 
2022/1/14, 90, 34, 14, 6, 
2022/1/15, 102, 14, 15, 2, 
2022/1/16, 55, 19, 11, 6, 
2022/1/17, 66, 18, 20, 5, 
2022/1/18, 64, 22, 13, 5, 
2022/1/19, 70, 14, 23, 7, 
2022/1/20, 46, 14, 22, 7, 
2022/1/21, 45, 19, 24, 7, 
2022/1/22, 62, 18, 23, 2, 
2022/1/23, 61, 20, 13, 4, 
2022/1/24, 70, 11, 11, 4, 
2022/1/25, 43, 15, 13, 5, 
2022/1/26, 57, 17, 10, 6, 
2022/1/27, 62, 19, 17, 3, 
2022/1/28, 65, 9, 21, 3, 
2022/1/29, 36, 9, 25, 3, 
2022/1/30, 32, 10, 31, 2, 
2022/1/31, 28, 8, 27, 3, 
2022/2/1, 26, 3, 28, 2, 
2022/2/2, 10, 9, 23, 3, 
2022/2/3, 34, 5, 25, 3, 
2022/2/4, 20, 10, 28, 3, 
2022/2/5, 33, 5, 31, 4, 
2022/2/6, 17, 11, 27, 5, 
2022/2/7, 29, 15, 27, 3, 
2022/2/8, 45, 20, 25, 6, 
2022/2/9, 60, 12, 28, 3, 
2022/2/10, 45, 15, 28, 5, 
2022/2/11, 47, 17, 27, 3, 
2022/2/12, 54, 13, 31, 1, 
2022/2/13, 40, 5, 29, 3, 
2022/2/14, 14, 7, 25, 4, 
2022/2/15, 19, 2, 27, 2, 
2022/2/16, 5, 11, 32, 1, 
2022/2/17, 31, 5, 30, 2, 
2022/2/18, 14, 9, 29, 2, 
2022/2/19, 23, 8, 31, 5, 
2022/2/20, 26, 17, 33, , 
2022/2/21, 46, 18, 27, 3, 
2022/2/22, 45, 9, 33, 3, 
2022/2/23, 25, 7, 29, 3, 
2022/2/24, 21, 13, 29, 5, 
2022/2/25, 34, 17, 33, 4, 
2022/2/26, 56, 16, 31, 2, 
2022/2/27, 54, 26, 33, 6, 
2022/2/28, 76, 32, 35, 5, 
2022/3/1, 90, 26, 30, 4, 
2022/3/2, 76, 16, 28, 3, 
2022/3/3, 50, 14, 25, 7, 
2022/3/4, 49, 23, 30, 4, 
2022/3/5, 74, 36, 32, 6, 
2022/3/6, 105, 31, 31, 4, 
2022/3/7, 91, 24, 35, 4, 
2022/3/8, 72, 10, 36, 2, 
2022/3/9, 36, 12, 35, 3, 
2022/3/10, 39, 5, 31, 1, 
2022/3/11, 18, 3, 32, , 
2022/3/12, 8, 3, 31, 1, 
2022/3/13, 8, 9, 34, 1, 
2022/3/14, 27, 20, 20, 3, 
2022/3/15, 46, 32, 32, 4, 
2022/3/16, 61, 13, 26, 4, 
2022/3/17, 39, 20, 33, 3, 
2022/3/18, 53, 32, 35, 3, 
2022/3/19, 86, 22, 29, 3, 
2022/3/20, 63, 17, 35, 2, 
2022/3/21, 51, 21, 45, 3, 
2022/3/22, 61, 23, 49, 4, 
2022/3/23, 62, 28, 46, 4, 
2022/3/24, 71, 45, 54, 5, 
2022/3/25, 105, 44, 55, 4, 
2022/3/26, 103, 36, 52, 3, 
2022/3/27, 84, 35, 44, 3, 
2022/3/28, 78, 43, 27, 5, 
2022/3/29, 76, 33, 26, 3, 
2022/3/30, 71, 23, 31, 3, 
2022/3/31, 61, 8, 29, 3, 
2021/10/1, 16, 6, 24, , 
2021/10/2, 14, 5, 30, , 
2021/10/3, 10, 7, 26, , 
2021/10/4, 13, 5, 29, 1, 
2021/10/5, 12, 8, 27, 1, 
2021/10/6, 17, 10, 29, 3, 
2021/10/7, 25, 8, 30, 2, 
2021/10/8, 24, 16, 28, 2, 
2021/10/9, 52, 20, 31, 4, 
2021/10/10, 63, 21, 25, 6, 
2021/10/11, 61, 11, 24, 5, 
2021/10/12, 30, 9, 31, 3, 
2021/10/13, 27, 18, 29, 4, 
2021/10/14, 55, 17, 28, 4, 
2021/10/15, 51, 19, 26, 4, 
2021/10/16, 62, 13, 28, 1, 
2021/10/17, 42, 13, 24, 2, 
2021/10/18, 42, 9, 30, 1, 
2021/10/19, 25, 9, 31, 1, 
2021/10/20, 28, 9, 30, 3, 
2021/10/21, 19, 8, 25, 6, 
2021/10/22, 23, 13, 32, 2, 
2021/10/23, 41, 11, 23, 2, 
2021/10/24, 38, 9, 15, 2, 
2021/10/25, 31, 6, 25, 2, 
2021/10/26, 20, 12, 24, 2, 
2021/10/27, 38, 12, 29, 2, 
2021/10/28, 36, 9, 26, 1, 
2021/10/29, 27, 7, 22, 1, 
2021/10/30, 18, 8, 22, 1, 
2021/10/31, 15, 8, 26, 2, 
2021/11/1, 17, 6, 23, 2, 
2021/11/2, 16, 7, 25, 4, 
2021/11/3, 21, 8, 18, 5, 
2021/11/4, 27, 10, 19, 7, 
2021/11/5, 29, 11, 25, 5, 
2021/11/6, 40, 13, 19, 4, 
2021/11/7, 44, 17, 20, 7, 
2021/11/8, 50, 26, 24, 6, 
2021/11/9, 74, 22, 9, 6, 
2021/11/10, 73, 17, 14, 4, 
2021/11/11, 60, 15, 16, 4, 
2021/11/12, 53, 9, 21, 3, 
2021/11/13, 28, 8, 16, 2, 
2021/11/14, 30, 17, 9, 7, 
2021/11/15, 60, 12, 9, 7, 
2021/11/16, 45, 22, 13, 5, 
2021/11/17, 68, 19, 15, 7, 
2021/11/18, 63, 21, 22, 4, 
2021/11/19, 70, 13, 21, 1, 
2021/11/20, 48, 15, 16, 2, 
2021/11/21, 53, 10, 20, 2, 
2021/11/22, 34, 9, 20, 3, 
2021/11/23, 33, 16, 14, 5, 
2021/11/24, 57, 25, 13, 9, 
2021/11/25, 77, 8, 27, 5, 
2021/11/26, 27, 4, 24, 2, 
2021/11/27, 13, 6, 25, 2, 
2021/11/28, 18, 9, 19, 8, 
2021/11/29, 29, 11, 18, 7, 
2021/11/30, 42, 5, 25, 3, 
2021/12/1, 15, 8, 21, 6, 
2021/12/2, 23, 6, 20, 3, 
2021/12/3, 22, 3, 29, 2, 
2021/12/4, 8, 5, 25, 1, 
2021/12/5, 15, 6, 21, 3, 
2021/12/6, 17, 9, 29, 2, 
2021/12/7, 26, 8, 25, 4, 
2021/12/8, 21, 8, 25, 3, 
2021/12/9, 25, 5, 30, 2, 
2021/12/10, 14, 11, 20, 2, 
2021/12/11, 31, 7, 16, 1, 
2021/12/12, 21, 6, 21, , 
2021/12/13, 20, 7, 16, 2, 
2021/12/14, 28, 9, 21, 1, 
2021/12/15, 36, 12, 22, 3, 
2021/12/16, 45, 14, 20, 3, 
2021/12/17, 53, 16, 16, 4, 
2021/12/18, 58, 10, 16, 2, 
2021/12/19, 40, 15, 17, 3, 
2021/12/20, 55, 27, 15, 6, 
2021/12/21, 83, 27, 15, 3, 
2021/12/22, 85, 24, 21, 5, 
2021/12/23, 72, 7, 17, 2, 
2021/12/24, 25, 13, 11, 1, 
2021/12/25, 42, 9, 24, 2, 
2021/12/26, 24, 11, 31, 1, 
2021/12/27, 28, 9, 30, 1, 
2021/12/28, 26, 2, 24, 1, 
2021/12/29, 5, 8, 20, 1, 
2021/12/30, 20, 7, 15, 2, 
2021/12/31, 24, 10, 15, 1, 
2022/1/1, 39, 10, 23, 3, 
2022/1/2, 28, 10, 24, 3, 
2021/7/1, 43, 11, 35, 1, 
2021/7/2, 32, 8, 22, 1, 
2021/7/3, 23, 5, 17, 1, 
2021/7/4, 11, 5, 20, , 
2021/7/5, 10, 9, 24, 2, 
2021/7/6, 19, 8, 21, 1, 
2021/7/7, 20, 6, 25, 1, 
2021/7/8, 15, 7, 27, 2, 
2021/7/9, 17, 6, 22, 2, 
2021/7/10, 12, 6, 24, , 
2021/7/11, 17, 7, 20, 1, 
2021/7/12, 17, 8, 23, 2, 
2021/7/13, 23, 13, 33, 1, 
2021/7/14, 30, 9, 36, 1, 
2021/7/15, 23, 9, 22, 1, 
2021/7/16, 26, 18, 29, 2, 
2021/7/17, 54, 13, 29, , 
2021/7/18, 28, 16, 35, , 
2021/7/19, 35, 24, 40, 1, 
2021/7/20, 55, 25, 44, 1, 
2021/7/21, 59, 21, 46, 1, 
2021/7/22, 48, 25, 50, 1, 
2021/7/23, 52, 7, 29, , 
2021/7/24, 19, 6, 32, , 
2021/7/25, 17, 12, 39, 1, 
2021/7/26, 37, 11, 27, 1, 
2021/7/27, 37, 7, 28, 1, 
2021/7/28, 19, 6, 28, 1, 
2021/7/29, 17, 9, 27, 2, 
2021/7/30, 20, 8, 28, 1, 
2021/7/31, 20, 8, 26, 1, 
2021/8/1, 14, 5, 27, 1, 
2021/8/2, 10, 5, 29, 1, 
2021/8/3, 15, 7, 21, 1, 
2021/8/4, 19, 7, 26, 1, 
2021/8/5, 16, 5, 21, 2, 
2021/8/6, 12, 5, 25, 1, 
2021/8/7, 12, 6, 25, 1, 
2021/8/8, 17, 6, 22, 1, 
2021/8/9, 16, 7, 28, 1, 
2021/8/10, 17, 7, 29, 1, 
2021/8/11, 20, 17, 37, 2, 
2021/8/12, 41, 19, 42, 2, 
2021/8/13, 44, 15, 42, 1, 
2021/8/14, 34, 14, 41, 1, 
2021/8/15, 33, 8, 30, , 
2021/8/16, 21, 13, 32, 1, 
2021/8/17, 39, 5, 26, , 
2021/8/18, 11, 6, 23, 1, 
2021/8/19, 16, 6, 29, 1, 
2021/8/20, 16, 9, 28, 1, 
2021/8/21, 23, 6, 26, 1, 
2021/8/22, 17, 9, 32, 2, 
2021/8/23, 24, 12, 36, , 
2021/8/24, 32, 10, 39, 1, 
2021/8/25, 28, 10, 27, 1, 
2021/8/26, 26, 9, 32, 1, 
2021/8/27, 23, 8, 33, 1, 
2021/8/28, 20, 8, 33, , 
2021/8/29, 26, 11, 34, 1, 
2021/8/30, 34, 16, 37, 1, 
2021/8/31, 49, 15, 40, 1, 
2021/9/1, 43, 13, 42, 1, 
2021/9/2, 38, 12, 40, 1, 
2021/9/3, 30, 10, 40, 1, 
2021/9/4, 27, 9, 39, 2, 
2021/9/5, 27, 13, 52, 1, 
2021/9/6, 34, 14, 52, 1, 
2021/9/7, 33, 17, 32, 1, 
2021/9/8, 42, 10, 28, 1, 
2021/9/9, 29, 6, 27, 2, 
2021/9/10, 15, 8, 30, 2, 
2021/9/11, 20, 8, 36, 1, 
2021/9/12, 23, 7, 34, 1, 
2021/9/13, 21, 12, 24, 1, 
2021/9/14, 28, 15, 28, 1, 
2021/9/15, 37, 11, 31, 2, 
2021/9/16, 32, 7, 35, 1, 
2021/9/17, 18, 8, 29, 1, 
2021/9/18, 22, 5, 30, , 
2021/9/19, 13, 8, 23, 3, 
2021/9/20, 23, 22, 31, 2, 
2021/9/21, 64, 13, 37, 2, 
2021/9/22, 40, 14, 41, 5, 
2021/9/23, 37, 13, 39, 4, 
2021/9/24, 42, 12, 28, 1, 
2021/9/25, 40, 10, 29, 1, 
2021/9/26, 30, 7, 28, 1, 
2021/9/27, 15, 8, 28, 2, 
2021/9/28, 15, 5, 30, 2, 
2021/9/29, 11, 7, 29, 3, 
2021/9/30, 13, 7, 26, 2, 
2021/4/1, 49, 27, 33, 4, 
2021/4/2, 69, 14, 37, 1, 
2021/4/3, 42, 21, 38, 2, 
2021/4/4, 61, 16, 30, 2, 
2021/4/5, 50, 15, 32, 4, 
2021/4/6, 36, 10, 35, 4, 
2021/4/7, 30, 12, 39, 2, 
2021/4/8, 33, 19, 35, 4, 
2021/4/9, 49, 8, 33, 1, 
2021/4/10, 24, 7, 30, 1, 
2021/4/11, 28, 9, 36, 4, 
2021/4/12, 28, 12, 38, 2, 
2021/4/13, 45, 13, 37, 3, 
2021/4/14, 46, 21, 38, 3, 
2021/4/15, 67, 15, 36, 3, 
2021/4/16, 51, 21, 36, 4, 
2021/4/17, 64, 19, 38, 3, 
2021/4/18, 59, 22, 43, 4, 
2021/4/19, 64, 19, 42, 5, 
2021/4/20, 57, 18, 47, 4, 
2021/4/21, 52, 29, 45, 2, 
2021/4/22, 78, 13, 42, 2, 
2021/4/23, 29, 12, 47, 2, 
2021/4/24, 30, 14, 42, 2, 
2021/4/25, 36, 14, 42, 2, 
2021/4/26, 35, 16, 46, 3, 
2021/4/27, 37, 16, 35, 4, 
2021/4/28, 42, 14, 43, 3, 
2021/4/29, 44, 13, 39, 3, 
2021/4/30, 47, 13, 37, 2, 
2021/5/1, 49, 14, 44, 3, 
2021/5/2, 54, 11, 41, 4, 
2021/5/3, 32, 4, 30, 5, 
2021/5/4, 11, 7, 35, 2, 
2021/5/5, 18, 6, 30, 2, 
2021/5/6, 16, 7, 41, 3, 
2021/5/7, 23, 5, 29, 1, 
2021/5/8, 15, 9, 36, 2, 
2021/5/9, 20, 5, 33, 2, 
2021/5/10, 13, 6, 30, 3, 
2021/5/11, 12, 7, 34, 1, 
2021/5/12, 16, 4, 28, 1, 
2021/5/13, 9, 5, 30, 2, 
2021/5/14, 11, 8, 29, 1, 
2021/5/15, 20, 6, 30, 2, 
2021/5/16, 15, 6, 32, 2, 
2021/5/17, 14, 7, 33, 1, 
2021/5/18, 17, 4, 28, 2, 
2021/5/19, 10, 5, 30, 1, 
2021/5/20, 10, 9, 34, 3, 
2021/5/21, 22, 7, 31, 3, 
2021/5/22, 16, 4, 31, 1, 
2021/5/23, 10, 3, 33, 1, 
2021/5/24, 8, 7, 33, 2, 
2021/5/25, 17, 5, 28, 2, 
2021/5/26, 14, 4, 35, , 
2021/5/27, 12, 6, 42, 1, 
2021/5/28, 17, 6, 39, , 
2021/5/29, 18, 6, 44, 1, 
2021/5/30, 17, 9, 44, 1, 
2021/5/31, 22, 11, 42, 1, 
2021/6/1, 24, 10, 28, 1, 
2021/6/2, 33, 11, 37, 1, 
2021/6/3, 34, 8, 31, 2, 
2021/6/4, 24, 7, 35, 1, 
2021/6/5, 20, 6, 41, 1, 
2021/6/6, 20, 9, 42, 2, 
2021/6/7, 27, 9, 43, 3, 
2021/6/8, 24, 9, 45, 2, 
2021/6/9, 26, 13, 50, 2, 
2021/6/10, 34, 9, 38, 1, 
2021/6/11, 22, 8, 31, 1, 
2021/6/12, 23, 9, 38, , 
2021/6/13, 26, 9, 49, 1, 
2021/6/14, 19, 13, 49, 2, 
2021/6/15, 29, 12, 44, 2, 
2021/6/16, 29, 12, 37, 2, 
2021/6/17, 26, 12, 32, 1, 
2021/6/18, 24, 11, 32, 1, 
2021/6/19, 28, 8, 31, , 
2021/6/20, 17, 11, 25, 1, 
2021/6/21, 21, , , , 
2021/6/23, 47, 13, 36, 3, 
2021/6/24, 36, 11, 35, 3, 
2021/6/25, 36, 9, 37, 1, 
2021/6/26, 24, 8, 27, 1, 
2021/6/27, 23, 7, 27, , 
2021/6/28, 12, 4, 27, 1, 
2021/6/29, 8, 10, 18, 2, 
2021/6/30, 22, 14, 37, 2, 
2021/1/4, 70, 18, 5, 7, 
2021/1/5, 63, 25, 3, 10, 
2021/1/6, 80, 20, 11, 8, 
2021/1/7, 67, 18, 10, 7, 
2021/1/8, 64, 17, 17, 6, 
2021/1/9, 60, 13, 22, 4, 
2021/1/10, 50, 23, 18, 10, 
2021/1/11, 74, 6, 24, 4, 
2021/1/12, 23, 3, 26, 2, 
2021/1/13, 9, 3, 25, 1, 
2021/1/14, 10, 11, 18, 5, 
2021/1/15, 43, 13, 16, 4, 
2021/1/16, 51, 10, 25, 3, 
2021/1/17, 35, 12, 22, 4, 
2021/1/18, 42, 8, 23, 3, 
2021/1/19, 27, 5, 30, , 
2021/1/20, 16, 5, 29, 2, 
2021/1/21, 13, 5, 28, 3, 
2021/1/22, 16, 4, 27, 1, 
2021/1/23, 15, 7, 30, 1, 
2021/1/24, 26, 7, 26, 4, 
2021/1/25, 22, 12, 21, 4, 
2021/1/26, 44, 6, 20, 3, 
2021/1/27, 26, 3, 20, 2, 
2021/1/28, 8, 10, 29, 1, 
2021/1/29, 27, 9, 26, 1, 
2021/1/30, 28, 4, 23, 1, 
2021/1/31, 11, 5, 25, 3, 
2021/2/1, 15, 4, 23, 4, 
2021/2/2, 11, 4, 28, 2, 
2021/2/3, 12, 7, 22, 2, 
2021/2/4, 21, 8, 24, 2, 
2021/2/5, 30, 5, 23, 2, 
2021/2/6, 19, 4, 25, 1, 
2021/2/7, 17, 9, 22, 4, 
2021/2/8, 37, 25, 15, 6, 
2021/2/9, 80, 27, 21, 6, 
2021/2/10, 85, 19, 30, 4, 
2021/2/11, 67, 13, 27, 3, 
2021/2/12, 51, 17, 30, 3, 
2021/2/13, 61, 26, 25, 3, 
2021/2/14, 81, 10, 24, 3, 
2021/2/15, 33, 7, 24, 4, 
2021/2/16, 25, 10, 28, 3, 
2021/2/17, 26, 6, 25, 2, 
2021/2/18, 17, 22, 26, 1, 
2021/2/19, 32, 19, 31, , 
2021/2/20, 35, 11, 33, , 
2021/2/21, 27, 37, 25, 4, 
2021/2/22, 64, 21, 26, 2, 
2021/2/23, 42, 50, 28, 1, 
2021/2/24, 71, 54, 23, 5, 
2021/2/25, 77, 13, 27, 3, 
2021/2/26, 45, 12, 31, 2, 
2021/2/27, 44, 18, 25, 2, 
2021/2/28, 63, 27, 26, 4, 
2021/3/1, 75, 35, 33, 5, 
2021/3/2, 85, 34, 31, 6, 
2021/3/3, 64, 25, 26, 3, 
2021/3/4, 63, 14, 29, 2, 
2021/3/5, 50, 16, 26, 3, 
2021/3/6, 58, 21, 29, 5, 
2021/3/7, 68, 37, 27, 7, 
2021/3/8, 102, 37, 29, 9, 
2021/3/9, 96, 30, 31, 7, 
2021/3/10, 86, 7, 29, 2, 
2021/3/11, 21, 9, 29, 6, 
2021/3/12, 24, 6, 32, 3, 
2021/3/13, 17, 8, 31, 1, 
2021/3/14, 21, 10, 34, 3, 
2021/3/15, 34, 14, 22, 4, 
2021/3/16, 51, 11, 29, 2, 
2021/3/17, 34, 8, 26, 3, 
2021/3/18, 29, 10, 28, 2, 
2021/3/19, 40, 20, 29, 5, 
2021/3/20, 67, 21, 27, 5, 
2021/3/21, 69, 15, 31, 4, 
2021/3/22, 48, 20, 34, 4, 
2021/3/23, 65, 24, 35, 4, 
2021/3/24, 71, 13, 31, 5, 
2021/3/25, 40, 8, 31, 4, 
2021/3/26, 20, 8, 32, 2, 
2021/3/27, 21, 8, 34, 2, 
2021/3/28, 23, 10, 40, 3, 
2021/3/29, 30, 18, 42, 4, 
2021/3/30, 46, 20, 41, 3, 
2021/3/31, 41, 24, 44, 4, 
2020/10/1, 22, 5, 21, 1, 
2020/10/2, 14, 6, 20, , 
2020/10/3, 14, 5, 24, , 
2020/10/4, 14, 7, 21, 1, 
2020/10/5, 16, 8, 25, 1, 
2020/10/6, 20, 10, 22, 1, 
2020/10/7, 24, 12, 23, 1, 
2020/10/8, 21, 7, 18, 2, 
2020/10/9, 24, 7, 27, 2, 
2020/10/10, 24, 5, 24, 1, 
2020/10/11, 22, 7, 20, 4, 
2020/10/12, 30, 6, 17, 2, 
2020/10/13, 28, 9, 21, 2, 
2020/10/14, 34, 15, 14, 6, 
2020/10/15, 51, 14, 14, 6, 
2020/10/16, 47, 19, 11, 4, 
2020/10/17, 59, 16, 24, 2, 
2020/10/18, 66, 17, 26, 2, 
2020/10/19, 45, 14, 21, 1, 
2020/10/20, 33, 12, 29, 1, 
2020/10/21, 26, 19, 23, 1, 
2020/10/22, 27, 12, 22, 1, 
2020/10/23, 26, 6, 22, , 
2020/10/24, 14, 5, 24, , 
2020/10/25, 17, 9, 25, 1, 
2020/10/26, 18, 6, 21, , 
2020/10/27, 15, 11, 25, 1, 
2020/10/28, 20, 10, 23, 2, 
2020/10/29, 25, 8, 25, 1, 
2020/10/30, 23, 9, 24, , 
2020/10/31, 36, 5, 19, , 
2020/11/1, 17, 7, 21, 1, 
2020/11/2, 16, 13, 24, 2, 
2020/11/3, 31, 11, 24, 3, 
2020/11/4, 53, 12, 19, 2, 
2020/11/5, 39, 20, 12, 3, 
2020/11/6, 49, 24, 22, 3, 
2020/11/7, 57, 12, 20, , 
2020/11/8, 36, 13, 22, 2, 
2020/11/9, 45, 10, 20, 2, 
2020/11/10, 47, 7, 18, , 
2020/11/11, 40, 9, 26, 2, 
2020/11/12, 34, 9, 19, 1, 
2020/11/13, 41, 10, 24, , 
2020/11/14, 37, 10, 23, 2, 
2020/11/15, 29, 13, 24, 3, 
2020/11/16, 32, 12, 20, 2, 
2020/11/17, 41, 13, 19, 3, 
2020/11/18, 40, 11, 23, 2, 
2020/11/19, 28, 13, 15, 7, 
2020/11/20, 59, 16, 20, 4, 
2020/11/21, 95, 28, 21, 3, 
2020/11/22, 107, 32, 17, 9, 
2020/11/23, 111, 25, 14, 4, 
2020/11/24, 73, 22, 24, 3, 
2020/11/25, 64, 43, 12, 6, 
2020/11/26, 76, 33, 15, 5, 
2020/11/27, 73, 22, 16, 3, 
2020/11/28, 64, 19, 13, 4, 
2020/11/29, 66, 30, 10, 5, 
2020/11/30, 86, 14, 20, 6, 
2020/12/1, 39, 13, 18, 5, 
2020/12/2, 40, 6, 28, 1, 
2020/12/3, 29, 3, 24, 3, 
2020/12/4, 19, 3, 24, , 
2020/12/5, 12, 8, 18, 1, 
2020/12/6, 36, 13, 16, 4, 
2020/12/7, 50, 16, 9, 6, 
2020/12/8, 66, 18, 10, 4, 
2020/12/9, 81, 6, 19, 1, 
2020/12/10, 29, 7, 23, 3, 
2020/12/11, 19, 6, 21, 1, 
2020/12/12, 25, 7, 22, , 
2020/12/13, 21, 5, 19, 1, 
2020/12/14, 13, 7, 20, 2, 
2020/12/15, 18, 7, 21, 2, 
2020/12/16, 23, 9, 20, 3, 
2020/12/17, 24, 7, 18, 2, 
2020/12/18, 24, 6, 22, , 
2020/12/19, 18, 8, 21, , 
2020/12/20, 23, 4, 19, 2, 
2020/12/21, 12, 4, 17, 4, 
2020/12/22, 9, 7, 25, 2, 
2020/12/23, 16, 5, 23, 4, 
2020/12/24, 15, 6, 24, 2, 
2020/12/25, 20, 7, 22, 2, 
2020/12/26, 29, 3, 27, , 
2020/12/27, 10, 3, 27, , 
2020/12/28, 8, 5, 21, 2, 
2020/12/29, 17, 8, 22, 2, 
2020/12/30, 29, 10, 21, 4, 
2020/12/31, 32, 36, 11, 5, 
2021/1/1, 108, 31, 9, 8, 
2021/1/2, 95, 25, 10, 5, 
2021/1/3, 82, 20, 7, 5, 
2020/7/1, 6, 5, 27, 1, 
2020/7/2, 17, 7, 27, 1, 
2020/7/3, 20, 7, 23, 1, 
2020/7/4, 20, 3, 14, , 
2020/7/5, 12, 13, 27, , 
2020/7/6, 25, 11, 35, 1, 
2020/7/7, 25, 10, 27, 2, 
2020/7/8, 15, 9, 30, 1, 
2020/7/9, 4, 6, 34, , 
2020/7/10, 15, 9, 47, 1, 
2020/7/11, 21, 10, 43, , 
2020/7/12, 23, 13, 51, 2, 
2020/7/13, 31, 9, 38, 1, 
2020/7/14, 23, 8, 28, 2, 
2020/7/15, 20, 7, 20, 2, 
2020/7/16, 20, 7, 31, 1, 
2020/7/17, 19, 11, 37, 3, 
2020/7/18, 33, 15, 43, 2, 
2020/7/19, 36, 18, 41, 1, 
2020/7/20, 35, 16, 44, 1, 
2020/7/21, 27, 15, 57, 1, 
2020/7/22, 29, 15, 47, 2, 
2020/7/23, 29, 9, 32, 2, 
2020/7/24, 18, 6, 23, 2, 
2020/7/25, 16, 4, 26, , 
2020/7/26, 11, 9, 32, 1, 
2020/7/27, 20, 8, 30, , 
2020/7/28, 16, 10, 38, 1, 
2020/7/29, 19, 17, 46, 1, 
2020/7/30, 25, 26, 51, 2, 
2020/7/31, 42, 10, 27, 1, 
2020/8/1, 26, 6, 29, , 
2020/8/2, 15, 6, 31, 1, 
2020/8/3, 13, 8, 42, 2, 
2020/8/4, 18, 8, 44, 3, 
2020/8/5, 25, 16, 51, 3, 
2020/8/6, 29, 18, 53, 2, 
2020/8/7, 30, 20, 63, 3, 
2020/8/8, 37, 18, 67, 1, 
2020/8/9, 45, 13, 61, 3, 
2020/8/10, 36, 21, 50, 4, 
2020/8/11, 47, 20, 49, 3, 
2020/8/12, 46, 10, 32, 1, 
2020/8/13, 28, 7, 29, 2, 
2020/8/14, 21, 6, 43, 2, 
2020/8/15, 20, 6, 39, 2, 
2020/8/16, 19, 5, 32, 2, 
2020/8/17, 13, 5, 28, 1, 
2020/8/18, 12, 7, 25, 2, 
2020/8/19, 20, 9, 40, 3, 
2020/8/20, 29, 8, 28, 1, 
2020/8/21, 18, 10, 32, 1, 
2020/8/22, 18, 6, 31, 1, 
2020/8/23, 15, 6, 31, 3, 
2020/8/24, 17, 9, 30, 2, 
2020/8/25, 16, 11, 28, 1, 
2020/8/26, 23, 9, 27, 3, 
2020/8/27, 20, 6, 25, 1, 
2020/8/28, 13, 6, 26, 1, 
2020/8/29, 12, 5, 23, 1, 
2020/8/30, 15, 7, 31, 2, 
2020/8/31, 15, 8, 37, 3, 
2020/9/1, 21, 9, 42, 4, 
2020/9/2, 28, 8, 43, 3, 
2020/9/3, 27, 10, 45, 4, 
2020/9/4, 28, 7, 28, 1, 
2020/9/5, 20, 5, 27, 1, 
2020/9/6, 11, 5, 12, 5, 
2020/9/7, 15, , , , 
2020/9/8, 22, 10, 28, 2, 
2020/9/9, 22, 12, 30, 3, 
2020/9/10, 26, 13, 32, 4, 
2020/9/11, 28, 13, 36, 2, 
2020/9/12, 32, 10, 41, 1, 
2020/9/13, 30, 13, 45, 2, 
2020/9/14, 32, 22, 45, 3, 
2020/9/15, 50, 25, 51, 6, 
2020/9/16, 54, 24, 45, 2, 
2020/9/17, 46, 24, 48, 1, 
2020/9/18, 48, 16, 34, 1, 
2020/9/19, 43, 8, 28, 2, 
2020/9/20, 29, 14, 47, 7, 
2020/9/21, 39, 16, 41, 5, 
2020/9/22, 48, 9, 31, 1, 
2020/9/23, 26, 5, 26, 1, 
2020/9/24, 9, 6, 26, 1, 
2020/9/25, 15, 5, 26, 1, 
2020/9/26, 14, 5, 22, 1, 
2020/9/27, 14, 9, 18, 4, 
2020/9/28, 29, 9, 25, 2, 
2020/9/29, 31, 8, 26, 2, 
2020/9/30, 26, 7, 25, 1, 
2020/4/1, 53, 18, 38, 3, 
2020/4/2, 69, 12, 32, 2, 
2020/4/3, 55, 18, 37, 2, 
2020/4/4, 46, 9, 42, 1, 
2020/4/5, 38, 10, 39, 1, 
2020/4/6, 49, 14, 41, 1, 
2020/4/7, 56, 14, 44, 2, 
2020/4/8, 54, 15, 54, 3, 
2020/4/9, 50, 17, 59, 2, 
2020/4/10, 50, 17, 59, 2, 
2020/4/11, 57, 13, 50, 1, 
2020/4/12, 45, 16, 36, 1, 
2020/4/13, 50, 14, 39, , 
2020/4/14, 26, 12, 40, 1, 
2020/4/15, 30, 12, 37, 1, 
2020/4/16, 35, 12, 37, 1, 
2020/4/17, 34, 4, 29, , 
2020/4/18, 18, 8, 38, 2, 
2020/4/19, 47, 21, 40, 2, 
2020/4/20, 60, 16, 37, 2, 
2020/4/21, 36, 18, 49, 3, 
2020/4/22, 42, 16, 51, 4, 
2020/4/23, 51, 17, 41, 1, 
2020/4/24, 57, 16, 38, 2, 
2020/4/25, 58, 10, 44, 1, 
2020/4/26, 39, 6, 40, 2, 
2020/4/27, 31, 6, 33, 3, 
2020/4/28, 15, 5, 29, 2, 
2020/4/29, 11, 4, 30, 2, 
2020/4/30, 11, 8, 29, 2, 
2020/5/1, 21, 5, 29, , 
2020/5/2, 24, 2, 23, , 
2020/5/3, 18, 4, 31, 1, 
2020/5/4, 24, 10, 20, 2, 
2020/5/5, 54, 11, 44, 2, 
2020/5/6, 51, 9, 52, 3, 
2020/5/7, 36, 9, 47, 3, 
2020/5/8, 43, 5, 32, , 
2020/5/9, 33, 6, 29, , 
2020/5/10, 33, 14, 33, 1, 
2020/5/11, 26, 12, 34, 1, 
2020/5/12, 22, 11, 40, 1, 
2020/5/13, 41, 11, 40, 1, 
2020/5/14, 33, 10, 43, 2, 
2020/5/15, 40, 10, 49, 3, 
2020/5/16, 42, 8, 44, 1, 
2020/5/17, 34, 7, 41, 2, 
2020/5/18, 27, 7, 46, 2, 
2020/5/19, 28, 10, 44, 2, 
2020/5/20, 29, 6, 42, 1, 
2020/5/21, 30, 8, 31, 1, 
2020/5/22, 29, 8, 33, , 
2020/5/23, 22, 9, 32, , 
2020/5/24, 24, 9, 34, 1, 
2020/5/25, 30, 9, 41, 1, 
2020/5/26, 31, 11, 47, 1, 
2020/5/27, 39, 12, 46, 1, 
2020/5/28, 33, 9, 42, , 
2020/5/29, 22, 8, 43, , 
2020/5/30, 27, 7, 37, , 
2020/5/31, 21, 7, 42, , 
2020/6/1, 24, 10, 50, 3, 
2020/6/2, 32, 13, 37, 3, 
2020/6/3, 43, 10, 34, 2, 
2020/6/4, 29, 6, 23, 2, 
2020/6/5, 18, 6, 34, , 
2020/6/6, 18, 5, 26, , 
2020/6/7, 14, 5, 31, 2, 
2020/6/8, 19, 9, 35, 2, 
2020/6/9, 26, 10, 35, 3, 
2020/6/10, 28, 8, 35, 2, 
2020/6/11, 26, 4, 29, 1, 
2020/6/12, 18, 4, 31, , 
2020/6/13, 11, 6, 29, , 
2020/6/14, 17, 5, 25, , 
2020/6/15, 12, 4, 26, , 
2020/6/16, 12, 4, 28, , 
2020/6/17, 14, 5, 27, 1, 
2020/6/18, 16, 5, 27, 1, 
2020/6/19, 16, 5, 30, 1, 
2020/6/20, 23, 5, 17, 1, 
2020/6/21, 21, 12, 36, , 
2020/6/22, 27, 13, 42, 2, 
2020/6/23, 29, 13, 54, 1, 
2020/6/24, 38, 14, 47, 2, 
2020/6/25, 46, 14, 37, 2, 
2020/6/26, 48, 6, 26, 2, 
2020/6/27, 18, 4, 19, 1, 
2020/6/28, 9, 7, 29, 1, 
2020/6/29, 13, 5, 22, 1, 
2020/6/30, 13, 3, 16, 1, 
2020/2/24, 12, 2, 24, 5, 
2020/2/25, 10, 3, 34, 4, 
2020/2/26, 17, 7, 31, 1, 
2020/2/27, 16, 6, 30, 2, 
2020/2/28, 34, 14, 26, 1, 
2020/2/29, 37, 23, 32, 2, 
2020/3/1, 14, 5, 31, 2, 
2020/3/2, 13, 4, 32, 2, 
2020/3/3, 51, 9, 27, 4, 
2020/3/4, 34, 6, 30, 1, 
2020/3/5, 13, 4, 29, 2, 
2020/3/6, 30, 9, 31, 2, 
2020/3/7, 30, 7, 32, 2, 
2020/3/8, 26, 9, 31, 1, 
2020/3/9, 24, 9, 31, 1, 
2020/3/10, 10, 3, 28, 3, 
2020/3/11, 10, 2, 23, 4, 
2020/3/12, 16, 7, 33, 3, 
2020/3/13, 35, 11, 32, 4, 
2020/3/14, 47, 10, 29, 2, 
2020/3/15, 28, 7, 35, 1, 
2020/3/16, 54, 14, 19, 8, 
2020/3/17, 75, 23, 29, 6, 
2020/3/18, 67, 22, 35, 2, 
2020/3/19, 53, 19, 35, 2, 
2020/3/20, 71, 23, 36, 2, 
2020/3/21, 61, 19, 23, 2, 
2020/3/22, 37, 7, 28, , 
2020/3/23, 31, 9, 32, 1, 
2020/3/24, 40, 11, 36, 1, 
2020/3/25, 56, 17, 36, 2, 
2020/3/26, 61, 20, 37, 3, 
2020/3/27, 82, 26, 36, 5, 
2020/3/28, 119, 45, 43, 5, 
2020/3/29, 41, 21, 33, 1, 
2019/7/1, 30, 10, 44, 1, 
2019/7/2, 26, 15, 51, 2, 
2019/7/5, 31, 12, 59, 2, 
2019/7/6, 32, 9, 48, 2, 
2019/7/7, 28, 11, 41, 1, 
2019/7/8, 30, 10, 42, 1, 
2019/7/9, 20, 10, 44, 1, 
2019/7/10, 28, 14, 45, 4, 
2019/7/11, 40, 11, 36, 3, 
2019/7/12, 26, 8, 45, 2, 
2019/7/13, 24, 8, 35, 1, 
2019/7/14, 30, 10, 47, 1, 
2019/7/15, 30, 14, 49, 3, 
2019/7/16, 40, 18, 53, 3, 
2019/7/17, 39, 16, 38, 3, 
2019/7/18, 34, 4, 31, 1, 
2019/7/19, 18, 6, 25, 2, 
2019/7/20, 26, 7, 36, 1, 
2019/7/21, 22, 12, 45, 2, 
2019/7/22, 32, 23, 56, 3, 
2019/7/23, 41, 25, 73, 3, 
2019/7/24, 55, 29, 63, 3, 
2019/7/25, 55, 12, 39, 4, 
2019/7/26, 33, 7, 32, 1, 
2019/7/27, 25, 8, 34, 2, 
2019/7/28, 22, 5, 41, 4, 
2019/7/29, 22, 10, 30, 2, 
2019/4/1, 80, 12, 39, 3, 
2019/4/2, 48, 3, 37, 3, 
2019/4/3, 14, 4, 38, 4, 
2019/4/4, 31, 6, 41, 3, 
2019/4/5, 26, 6, 42, 2, 
2019/4/6, 30, 4, 40, 3, 
2019/4/7, 41, 8, 41, 5, 
2019/4/27, 21, 7, 34, 2, 
2019/4/28, 25, 7, 36, 3, 
2019/4/29, 32, 16, 41, 6, 
2019/4/30, 71, 24, 43, 3, 
2019/5/1, 87, 20, 29, 6, 
2019/5/2, 74, 7, 34, 5, 
2019/5/3, 31, 6, 28, 3, 
2019/5/4, 26, 7, 38, 2, 
2019/5/5, 32, 9, 40, 3, 
2019/5/6, 33, 9, 41, 3, 
2019/5/7, 33, 5, 31, 3, 
2019/5/8, 23, 6, 33, 2, 
2019/5/9, 11, 7, 31, 2, 
2019/5/11, 23, 8, 41, 2, 
2019/5/12, 27, 9, 42, 2, 
2019/5/13, 25, 10, 45, 2, 
2019/5/14, 22, 8, 43, 2, 
2019/5/15, 23, 8, 44, 2, 
2019/5/16, 24, 7, 42, 2, 
2019/5/17, 30, 2, 37, 1, 
2019/5/18, 18, 13, 32, 3, 
2019/5/19, 66, 16, 36, 4, 
2019/5/20, 66, 11, 40, 5, 
2019/5/21, 47, 10, 48, 3, 
2019/5/22, 41, 9, 50, 3, 
2019/5/23, 36, 7, 43, 5, 
2019/5/24, 29, 10, 41, 2, 
2019/5/25, 46, 5, 27, 2, 
2019/5/26, 25, 5, 29, 2, 
2019/5/27, 18, 5, 26, 2, 
2019/5/28, 17, 6, 32, 3, 
2019/5/29, 20, 4, 20, 1, 
2019/5/30, 20, 6, 30, 2, 
2019/5/31, 27, 5, 35, 1, 
2019/6/1, 28, 7, 45, 2, 
2019/6/2, 33, 7, 29, 2, 
2019/6/3, 28, 8, 38, 2, 
2019/6/4, 32, 6, 26, 4, 
2019/6/5, 16, 5, 33, 1, 
2019/6/7, 19, 9, 31, 3, 
2019/6/8, 22, 6, 31, 2, 
2019/6/9, 28, 3, 34, 1, 
2019/6/10, 17, 4, 30, 1, 
2019/6/11, 14, 4, 28, 1, 
2019/6/12, 12, 6, 31, 1, 
2019/6/13, 18, 5, 40, 2, 
2019/6/14, 21, 6, 33, 1, 
2019/6/15, 21, 6, 25, 1, 
2019/6/16, 22, 5, 31, 1, 
2019/6/17, 21, 9, 44, 2, 
2019/6/18, 30, 7, 41, 1, 
2019/6/19, 25, 5, 30, 2, 
2019/6/20, 20, 6, 42, 2, 
2019/6/21, 22, 8, 46, 1, 
2019/6/22, 25, 13, 36, 1, 
2019/6/23, 35, 12, 44, 2, 
2019/6/24, 31, 14, 44, 2, 
2019/6/26, 57, 29, 63, 1, 
2019/6/27, 73, 18, 67, 1, 
2019/6/28, 45, 13, 57, 1, 
2019/6/29, 46, 19, 39, 1, 
2019/6/30, 49, 9, 36, 2, 
2019/1/1, 46, 13, 28, 5, 
2019/1/2, 27, 18, 23, 8, 
2019/1/5, 70, 19, 19, 6, 
2019/1/6, 79, 20, 16, 7, 
2019/1/7, 77, 14, 23, 6, 
2019/1/8, 46, 13, 24, 6, 
2019/1/9, 30, 14, 18, 11, 
2019/1/10, 33, 18, 11, 13, 
2019/1/11, 68, 12, 21, 4, 
2019/1/12, 55, 5, 27, 1, 
2019/1/13, 21, 11, 26, 6, 
2019/1/14, 30, 12, 26, 8, 
2019/1/15, 52, 16, 23, 7, 
2019/1/16, 72, 7, 25, 4, 
2019/1/17, 31, 20, 23, 10, 
2019/1/18, 72, 13, 17, 2, 
2019/1/19, 57, 12, 10, 7, 
2019/1/20, 63, 31, 12, 12, 
2019/1/21, 104, 17, 17, 6, 
2019/1/22, 75, 6, 26, 7, 
2019/1/23, 35, 17, 21, 10, 
2019/1/24, 77, 13, 18, 6, 
2019/1/25, 69, 5, 26, 4, 
2019/1/26, 28, 6, 28, 4, 
2019/1/27, 16, 9, 27, 5, 
2019/1/28, 27, 7, 26, 3, 
2019/1/29, 37, 4, 30, 3, 
2019/1/30, 21, 5, 28, 2, 
2019/1/31, 24, 6, 27, 4, 
2019/2/1, 32, 10, 25, 4, 
2019/2/2, 43, 13, 23, 7, 
2019/2/3, 51, 11, 19, 5, 
2019/2/4, 66, 10, 26, 7, 
2019/2/5, 62, 6, 23, 3, 
2019/2/6, 47, 8, 30, 4, 
2019/2/7, 23, 8, 29, 2, 
2019/2/8, 21, 13, 30, 4, 
2019/2/9, 31, 4, 34, 1, 
2019/2/10, 14, 9, 27, 6, 
2019/2/11, 33, 23, 23, 9, 
2019/2/12, 70, 21, 25, 6, 
2019/2/13, 59, 26, 25, 8, 
2019/2/14, 76, 30, 25, 12, 
2019/2/15, 84, 17, 34, 9, 
2019/2/16, 101, 17, 34, 6, 
2019/2/17, 75, 14, 34, 7, 
2019/2/18, 68, 16, 27, 8, 
2019/2/19, 70, 24, 31, 8, 
2019/2/20, 89, 27, 30, 12, 
2019/2/21, 90, 36, 35, 9, 
2019/2/22, 84, 23, 27, 4, 
2019/2/23, 75, 14, 29, 4, 
2019/2/24, 55, 19, 26, 6, 
2019/2/25, 58, 37, 30, 8, 
2019/2/26, 75, 37, 33, 14, 
2019/2/27, 94, 19, 32, 5, 
2019/2/28, 60, 15, 31, 3, 
2019/3/1, 40, 10, 32, 3, 
2019/3/2, 32, 9, 30, 3, 
2019/3/3, 30, 6, 35, 4, 
2019/3/8, 27, 5, 28, 4, 
2019/3/9, 19, 8, 36, 2, 
2019/3/10, 18, 11, 35, 5, 
2019/3/11, 35, 9, 35, 4, 
2019/3/12, 39, 10, 34, 3, 
2019/3/13, 23, 9, 31, 2, 
2019/3/14, 19, 4, 26, 1, 
2019/3/15, 13, 4, 34, 4, 
2019/3/16, 15, 6, 35, 2, 
2019/3/17, 17, 7, 30, 3, 
2019/3/18, 23, 10, 37, 9, 
2019/3/19, 47, 18, 35, 11, 
2019/3/28, 81, 28, 34, 6, 
2019/3/29, 72, 14, 44, 7, 
2019/3/30, 50, 15, 49, 7, 
2019/3/31, 48, 26, 46, 4, 
2018/10/1, 19, 10, 26, 3, 
2018/10/2, 22, 10, 20, 4, 
2018/10/3, 20, 11, 34, 4, 
2018/10/4, 32, 12, 42, 6, 
2018/10/5, 35, 12, 37, 3, 
2018/10/6, 32, 5, 27, 2, 
2018/10/7, 21, 13, 27, 5, 
2018/10/8, 37, 16, 27, 3, 
2018/10/9, 42, 11, 34, 2, 
2018/10/11, 22, 13, 27, 2, 
2018/10/12, 27, 7, 31, 1, 
2018/10/13, 27, 10, 35, , 
2018/10/14, 30, 13, 41, 2, 
2018/10/15, 40, 13, 38, 4, 
2018/10/16, 39, 13, 33, 7, 
2018/10/17, 38, 25, 29, 4, 
2018/10/18, 73, 28, 21, 7, 
2018/10/19, 76, 28, 24, 5, 
2018/10/20, 78, 21, 31, 4, 
2018/10/21, 72, 20, 17, 8, 
2018/10/22, 52, 19, 27, 7, 
2018/10/23, 34, 20, 10, 7, 
2018/10/24, 60, 18, 22, 8, 
2018/10/25, 53, 13, 22, 6, 
2018/10/26, 65, 9, 24, 7, 
2018/10/27, 32, 12, 16, 2, 
2018/10/28, 46, 13, 11, 6, 
2018/10/29, 53, 9, 19, 4, 
2018/10/30, 39, 9, 29, 3, 
2018/10/31, 36, 4, 27, 2, 
2018/11/1, 24, 8, 20, 9, 
2018/11/2, 26, 21, 20, 8, 
2018/11/4, 71, 15, 22, 4, 
2018/11/5, 46, 6, 28, 2, 
2018/11/6, 23, 4, 24, 1, 
2018/11/7, 12, 9, 23, 2, 
2018/11/8, 19, 10, 25, 3, 
2018/11/9, 33, 4, 24, , 
2018/11/10, 14, 6, 25, 1, 
2018/11/11, 23, 6, 19, 5, 
2018/11/12, 32, 10, 23, 5, 
2018/11/13, 42, 15, 7, 5, 
2018/11/14, 51, 11, 8, 3, 
2018/11/15, 45, 6, 6, 3, 
2018/11/16, 32, 17, 11, 4, 
2018/11/17, 65, 15, 17, 3, 
2018/11/18, 62, 10, 20, 3, 
2018/11/19, 40, 13, 12, 5, 
2018/11/20, 67, 28, 13, 8, 
2018/11/21, 100, 19, 5, 6, 
2018/11/22, 60, 13, 4, 5, 
2018/11/23, 57, 6, 18, 3, 
2018/11/24, 38, 8, 14, 2, 
2018/11/25, 46, 15, 9, 9, 
2018/11/26, 60, 15, 16, 5, 
2018/11/27, 58, 7, 18, 3, 
2018/11/28, 26, 10, 20, 3, 
2018/11/29, 29, 12, 23, 5, 
2018/11/30, 36, 6, 24, 1, 
2018/12/1, 18, 1, 20, 6, 
2018/12/2, 9, 5, 26, 5, 
2018/12/3, 14, 15, 23, 5, 
2018/12/4, 35, 20, 11, 4, 
2018/12/5, 41, 4, 23, 4, 
2018/12/6, 17, 7, 28, 4, 
2018/12/7, 15, 10, 31, 3, 
2018/12/8, 20, 14, 32, , 
2018/12/9, 30, 12, 23, 5, 
2018/12/10, 35, 12, 18, 5, 
2018/12/11, 70, 13, 19, 4, 
2018/12/12, 48, 14, 12, 4, 
2018/12/13, 57, 21, 12, 9, 
2018/12/14, 78, 27, 8, 5, 
2018/12/15, 89, 6, 26, 1, 
2018/12/16, 25, 10, 23, 5, 
2018/12/17, 31, 6, 23, 1, 
2018/12/18, 27, 4, 25, 3, 
2018/12/19, 17, 8, 25, 4, 
2018/12/20, 25, 4, 26, 1, 
2018/12/21, 5, 12, 27, 2, 
2018/12/22, 31, 8, 26, 2, 
2018/12/23, 20, 6, 23, 1, 
2018/12/24, 30, 12, 18, 3, 
2018/12/25, 48, 11, 10, 2, 
2018/12/26, 51, 13, 12, 4, 
2018/12/27, 69, 15, 9, 8, 
2018/12/28, 65, 20, 9, 5, 
2018/12/29, 83, 15, 8, 4, 
2018/12/30, 74, , , , 
2018/7/1, 52, 14, 57, 2, 
2018/7/2, 33, 7, 40, 2, 
2018/7/3, 31, 6, 43, 2, 
2018/7/4, 28, 8, 26, 2, 
2018/7/5, 16, 15, 60, 4, 
2018/7/6, 46, 14, 63, 2, 
2018/7/7, 49, 17, 61, 2, 
2018/7/8, 50, 16, 49, 2, 
2018/7/9, 38, 14, 38, 3, 
2018/7/10, 35, 15, 41, 3, 
2018/7/11, 40, 17, 49, 3, 
2018/7/12, 46, 20, 55, 3, 
2018/7/13, 52, 19, 58, 2, 
2018/7/19, 35, 5, 34, 1, 
2018/7/20, 27, 12, 39, 2, 
2018/7/21, 38, 10, 45, 3, 
2018/7/22, 39, 14, 65, 3, 
2018/7/23, 50, 17, 67, 4, 
2018/7/24, 56, 20, 75, 6, 
2018/7/25, 55, 20, 73, 4, 
2018/7/26, 59, 17, 58, 4, 
2018/7/28, 25, 10, 29, 1, 
2018/7/29, 23, 8, 23, 1, 
2018/7/30, 23, 7, 28, 1, 
2018/7/31, 17, 8, 39, 4, 
2018/8/1, 22, 14, 48, 2, 
2018/8/2, 32, 18, 82, 2, 
2018/8/3, 44, 15, 64, 2, 
2018/8/5, 33, 7, 59, 2, 
2018/8/6, 28, 2, 55, 4, 
2018/8/7, 45, 6, 32, 2, 
2018/8/8, 26, 7, 24, 3, 
2018/8/9, 18, 6, 29, 2, 
2018/8/10, 19, 5, 30, 2, 
2018/8/11, 20, 6, 38, 2, 
2018/8/12, 23, 4, 25, 1, 
2018/8/13, 15, 6, 30, 2, 
2018/8/14, 19, 5, 29, 3, 
2018/8/15, 21, 9, 37, 2, 
2018/8/16, 26, 11, 33, 1, 
2018/8/17, 21, 10, 35, 2, 
2018/8/18, 25, 9, 35, 2, 
2018/8/19, 34, 8, 26, 3, 
2018/8/20, 19, 7, 32, 3, 
2018/8/21, 23, 11, 43, 2, 
2018/8/23, 34, 13, 28, 1, 
2018/8/24, 22, 7, 27, 1, 
2018/8/25, 13, 5, 32, 2, 
2018/8/26, 16, 8, 31, 3, 
2018/8/27, 25, 12, 33, 2, 
2018/8/28, 46, 7, 27, 3, 
2018/8/29, 26, 9, 34, 4, 
2018/8/30, 25, 10, 40, 4, 
2018/9/5, 60, 14, 38, 3, 
2018/9/6, 41, 8, 25, 4, 
2018/9/7, 18, 7, 38, 4, 
2018/9/8, 20, 5, 40, 3, 
2018/9/9, 23, 12, 37, 5, 
2018/9/10, 27, 12, 44, 7, 
2018/9/11, 25, 19, 46, 8, 
2018/9/12, 35, 13, 18, 4, 
2018/9/13, 36, 12, 27, 6, 
2018/9/14, 26, , , , 
2018/9/15, 12, , , , 
2018/9/16, 13, , , , 
2018/9/17, 26, 9, 23, 2, 
2018/9/18, 34, 15, 34, 2, 
2018/9/19, 41, 12, 31, 2, 
2018/9/20, 35, 10, 25, 3, 
2018/9/21, 21, 7, 31, 3, 
2018/9/22, 19, 3, 21, 3, 
2018/9/23, 8, 7, 31, 3, 
2018/9/24, 12, 8, 32, 2, 
2018/9/25, 19, 8, 37, 4, 
2018/9/26, 15, 14, 46, 8, 
2018/9/27, 39, 18, 40, 9, 
2018/9/28, 45, 11, 32, 2, 
2018/9/29, 22, 10, 34, 4, 
2018/9/30, 27, 10, 26, 4, 
2018/5/13, 14, 5, 39, 1, 
2018/5/14, 35, 11, 30, 6, 
2018/5/15, 68, 22, 40, 4, 
2018/5/16, 73, 26, 51, 5, 
2018/5/17, 59, 25, 33, 3, 
2018/5/18, 45, 19, 40, 3, 
2018/5/19, 43, 18, 46, 3, 
2018/5/20, 60, 16, 47, 2, 
2018/5/21, 40, 9, 47, 1, 
2018/5/22, 44, 11, 41, 4, 
2018/5/23, 55, 14, 48, 4, 
2018/5/24, 56, 9, 48, 2, 
2018/5/25, 42, 10, 46, 2, 
2018/5/26, 31, 11, 43, 1, 
2018/5/27, 23, 6, 42, 1, 
2018/5/28, 28, 9, 36, 2, 
2018/5/29, 24, 9, 30, 1, 
2018/5/30, 21, 7, 35, 1, 
2018/5/31, 22, 3, 26, 3, 
2018/6/1, 22, 5, 31, 1, 
2018/6/2, 34, 9, 34, 2, 
2018/6/3, 27, 9, 34, , 
2018/6/4, 24, 6, 30, 1, 
2018/6/5, 42, 13, 37, 4, 
2018/6/6, 35, 11, 28, 1, 
2018/6/7, 22, 4, 33, 1, 
2018/6/8, 32, 6, 44, 2, 
2018/6/9, 62, 14, 41, 1, 
2018/6/10, 38, 7, 30, 1, 
2018/6/11, 18, 6, 31, 1, 
2018/6/12, 22, 6, 29, 2, 
2018/6/13, 25, 9, 29, 2, 
2018/6/14, 29, 7, 32, 2, 
2018/6/15, 19, 5, 26, 2, 
2018/6/16, 32, 12, 35, 1, 
2018/6/17, 21, 8, 31, , 
2018/6/18, 16, 4, 27, 1, 
2018/6/28, 32, 18, 51, 1, 
2018/6/29, 45, 17, 51, 1, 
2018/6/30, 45, 14, 56, 1, 
2014/10/1, 59, 15, 32, 23, 
2014/10/2, 69, 17, 40, 22, 
2014/10/3, 65, 19, 40, 22, 
2014/10/4, 56, 15, 36, 21, 
2014/10/5, 59, 10, 25, 17, 
2014/10/6, 68, 13, 24, 24, 
2014/10/7, 97, 8, 25, , 
2023/7/18, , 12, 30, 1, 
2023/6/20, , 15, 30, 1, 
2022/6/21, , 10, 34, , 
2021/6/22, , 14, 20, 3, 
2020/3/31, , 14, 40, 2, 
2020/1/1, , 9, 13, 1, 
2020/1/2, , 5, 22, 1, 
2020/1/3, , 7, 26, 2, 
2020/1/4, , 13, 24, 6, 
2020/1/5, , 11, 28, 4, 
2020/1/6, , 15, 19, 4, 
2020/1/7, , 6, 15, 2, 
2020/1/8, , 6, 20, 3, 
2020/1/9, , 4, 27, , 
2020/1/10, , 7, 29, 5, 
2020/1/11, , 7, 27, 3, 
2020/1/12, , 7, 24, 1, 
2020/1/13, , 4, 25, 1, 
2020/1/14, , 4, 26, , 
2020/1/15, , 9, 28, 3, 
2020/1/16, , 6, 27, 1, 
2020/1/17, , 6, 27, 2, 
2020/1/18, , 10, 25, 4, 
2020/1/19, , 14, 27, 5, 
2020/1/20, , 14, 27, 3, 
2020/1/21, , 18, 16, 6, 
2020/1/22, , 27, 12, 10, 
2020/1/23, , 21, 12, 9, 
2020/1/24, , 32, 6, 11, 
2020/1/25, , 49, 4, 12, 
2020/1/26, , 23, 24, 3, 
2020/1/27, , 7, 28, 2, 
2020/1/28, , 6, 32, 3, 
2020/1/29, , 8, 30, 3, 
2020/1/30, , 6, 21, 4, 
2020/1/31, , 2, 22, 3, 
2020/2/3, , 17, 33, 4, 
2020/2/4, , 7, 30, 2, 
2020/2/5, , 12, 27, 5, 
2020/2/6, , 10, 26, 2, 
2020/2/7, , 15, 25, 5, 
2020/2/8, , 11, 25, 2, 
2020/2/9, , 7, 27, 2, 
2020/2/10, , 18, 32, 1, 
2020/2/11, , 10, 32, 1, 
2020/2/12, , 9, 29, 4, 
2020/2/13, , 9, 33, 1, 
2020/2/14, , 12, 29, 2, 
2020/2/15, , 16, 31, , 
2020/2/16, , 8, 33, 2, 
2020/2/17, , 4, 31, 2, 
2020/2/18, , 9, 29, 5, 
2020/2/19, , 9, 29, 2, 
2020/2/20, , 8, 29, 3, 
2020/2/21, , 11, 26, 4, 
2020/2/22, , 11, 29, 3, 
2020/2/23, , 7, 25, 4, 
2019/10/1, , 6, 28, 2, 
2019/10/2, , 6, 28, 4, 
2019/10/3, , 11, 24, 2, 
2019/10/4, , 7, 23, 1, 
2019/10/5, , 7, 27, 2, 
2019/10/6, , 7, 26, 3, 
2019/10/7, , 7, 23, 3, 
2019/10/8, , 6, 26, 4, 
2019/10/9, , 9, 27, 2, 
2019/10/10, , 9, 27, 2, 
2019/10/11, , 6, 23, 2, 
2019/10/12, , 9, 28, 2, 
2019/10/13, , 13, 30, 2, 
2019/10/14, , 10, 27, 2, 
2019/10/15, , 6, 24, 1, 
2019/10/16, , 6, 22, 2, 
2019/10/17, , 3, 28, 3, 
2019/10/18, , 7, 26, 1, 
2019/10/19, , 5, 24, 1, 
2019/10/20, , 3, 24, 2, 
2019/10/21, , 4, 23, 3, 
2019/10/22, , 8, 12, 2, 
2019/10/23, , 14, 25, 3, 
2019/10/24, , 8, 19, 2, 
2019/10/25, , 6, 23, 1, 
2019/10/26, , 6, 22, 1, 
2019/10/27, , 6, 15, 2, 
2019/10/28, , 12, 14, 2, 
2019/10/29, , 9, 11, 3, 
2019/10/30, , 11, 8, 4, 
2019/10/31, , 6, 21, 2, 
2019/11/1, , 5, 26, 3, 
2019/11/2, , 5, 28, 2, 
2019/11/3, , 4, 25, 4, 
2019/11/4, , 9, 25, 5, 
2019/11/5, , 8, 13, 4, 
2019/11/6, , 8, 25, 2, 
2019/11/7, , 6, 22, 5, 
2019/11/8, , 6, 20, 2, 
2019/11/9, , 7, 23, 1, 
2019/11/10, , 5, 22, 2, 
2019/11/11, , 5, 24, 5, 
2019/11/12, , 7, 22, 3, 
2019/11/13, , 7, 28, 2, 
2019/11/14, , 7, 20, 5, 
2019/11/15, , 4, 20, 1, 
2019/11/16, , 4, 21, 6, 
2019/11/17, , 10, 15, 7, 
2019/11/18, , 12, 20, 6, 
2019/11/19, , 12, 17, 4, 
2019/11/20, , 17, 22, 3, 
2019/11/21, , 14, 26, 1, 
2019/11/22, , 4, 24, 1, 
2019/11/23, , 4, 26, 1, 
2019/11/24, , 8, 20, 1, 
2019/11/25, , 4, 25, 1, 
2019/11/26, , 6, 29, 5, 
2019/11/27, , 6, 25, 5, 
2019/11/28, , 8, 23, 6, 
2019/11/29, , 7, 21, 1, 
2019/11/30, , 9, 15, 4, 
2019/12/1, , 11, 22, 12, 
2019/12/2, , 15, 24, 5, 
2019/12/3, , 13, 11, 8, 
2019/12/4, , 26, 2, 13, 
2019/12/5, , 50, 16, 7, 
2019/12/6, , 19, 22, 4, 
2019/12/7, , 5, 27, 5, 
2019/12/8, , 6, 28, 4, 
2019/12/9, , 10, 21, 4, 
2019/12/10, , 12, 26, 3, 
2019/12/11, , 6, 27, 3, 
2019/12/12, , 4, 34, 3, 
2019/12/13, , 7, 35, 2, 
2019/12/14, , 9, 30, 2, 
2019/12/15, , 5, 25, 3, 
2019/12/16, , 9, 23, 2, 
2019/12/17, , 9, 22, 2, 
2019/12/18, , 9, 25, 1, 
2019/12/19, , 9, 29, 2, 
2019/12/20, , 4, 30, 1, 
2019/12/21, , 4, 32, 1, 
2019/12/22, , 8, 30, 1, 
2019/12/23, , 14, 29, 2, 
2019/12/24, , 10, 29, 1, 
2019/12/25, , 15, 29, 2, 
2019/12/26, , 13, 28, 4, 
2019/12/27, , 9, 19, 2, 
2019/12/28, , 7, 13, 4, 
2019/12/29, , 18, , , 
2019/7/3, , 15, 58, 1, 
2019/7/4, , 13, 55, 2, 
2019/7/30, , 8, 31, 2, 
2019/7/31, , 12, 42, 5, 
2019/8/1, , 12, 39, 3, 
2019/8/2, , 10, 42, 1, 
2019/8/3, , 9, 51, 2, 
2019/8/4, , 9, 31, 2, 
2019/8/5, , 5, 23, 1, 
2019/8/6, , 6, 30, 2, 
2019/8/7, , 7, 32, 3, 
2019/8/8, , 7, 27, 2, 
2019/8/9, , 14, 31, 3, 
2019/8/10, , 9, 27, 1, 
2019/8/11, , 5, 30, 2, 
2019/8/12, , 6, 32, 2, 
2019/8/13, , 4, 29, 3, 
2019/8/14, , 6, 25, 1, 
2019/8/15, , 5, 29, 3, 
2019/8/16, , 4, 19, 1, 
2019/8/17, , 4, 24, 1, 
2019/8/18, , 8, 28, 2, 
2019/8/19, , 9, 34, 4, 
2019/8/20, , 11, 39, 1, 
2019/8/21, , 10, 45, 2, 
2019/8/22, , 11, 55, 2, 
2019/8/23, , 11, 49, 2, 
2019/8/24, , 9, 57, 3, 
2019/8/25, , 10, 54, 3, 
2019/8/26, , 14, 53, 4, 
2019/8/27, , 13, 42, 2, 
2019/8/28, , 8, 30, 2, 
2019/8/29, , 10, 41, 2, 
2019/8/30, , 10, 44, 2, 
2019/8/31, , 8, 32, 1, 
2019/9/1, , 8, 37, 3, 
2019/9/3, , 13, 35, 4, 
2019/9/4, , 11, 26, 3, 
2019/9/5, , 10, 37, 4, 
2019/9/6, , 7, 28, 1, 
2019/9/7, , 8, 33, 2, 
2019/9/8, , 7, 34, 3, 
2019/9/9, , 8, 40, 3, 
2019/9/10, , 12, 37, 6, 
2019/9/11, , 7, 24, 4, 
2019/9/12, , 7, 31, 3, 
2019/9/13, , 5, 28, 1, 
2019/9/14, , 7, 41, 2, 
2019/9/15, , 13, 37, 5, 
2019/9/17, , 15, 32, 1, 
2019/9/18, , 16, 34, 1, 
2019/9/19, , 15, 39, 2, 
2019/9/20, , 14, 43, 1, 
2019/9/21, , 5, 30, 1, 
2019/9/22, , 8, 25, 2, 
2019/9/23, , 6, 26, 2, 
2019/9/24, , 9, 24, 4, 
2019/9/25, , 11, 25, 4, 
2019/9/26, , 7, 26, 3, 
2019/9/27, , 7, 28, 2, 
2019/9/28, , 5, 26, 2, 
2019/9/29, , 6, 29, 2, 
2019/9/30, , 5, 24, 2, 
2019/4/8, , 6, 38, 6, 
2019/4/9, , 24, 24, 8, 
2019/4/10, , 26, 38, 5, 
2019/4/11, , 27, 35, 6, 
2019/4/12, , 15, 38, 4, 
2019/4/13, , 15, 42, 4, 
2019/4/14, , 23, 42, 4, 
2019/4/15, , 9, 31, 4, 
2019/4/16, , 5, 36, 3, 
2019/4/17, , 7, 46, 3, 
2019/4/18, , 14, 53, 7, 
2019/4/19, , 11, 62, 4, 
2019/4/20, , 12, 52, 3, 
2019/4/21, , 10, 46, 2, 
2019/4/22, , 19, 36, 5, 
2019/4/23, , 4, 35, 2, 
2019/4/24, , 3, 33, 1, 
2019/4/25, , 6, 34, 2, 
2019/4/26, , 10, 35, 2, 
2019/5/10, , 4, 35, 2, 
2019/6/6, , 7, 37, 3, 
2019/6/25, , 23, 50, 2, 
2018/12/31, , 12, 22, 5, 
2019/1/3, , 19, 18, 10, 
2019/1/4, , 15, 21, 6, 
2019/3/4, , 7, 31, 4, 
2019/3/5, , 7, 29, 2, 
2019/3/6, , 5, 33, 5, 
2019/3/7, , 8, 32, 6, 
2019/3/20, , 20, 41, 8, 
2019/3/21, , 25, 43, 10, 
2019/3/22, , 32, 34, 13, 
2019/3/23, , 32, 26, 7, 
2019/3/24, , 15, 36, 6, 
2019/3/25, , 16, 37, 6, 
2019/3/26, , 25, 39, 6, 
2019/3/27, , 30, 40, 6, 
2018/10/10, , 6, 32, 1, 
2018/11/3, , 21, 16, 4, 
2018/7/14, , 15, 57, 1, 
2018/7/15, , 16, 65, 4, 
2018/7/16, , 13, 37, 3, 
2018/7/17, , 12, 34, 3, 
2018/7/18, , 14, 52, 2, 
2018/7/27, , 10, 33, 1, 
2018/8/4, , 12, 56, 1, 
2018/8/22, , 14, 30, 2, 
2018/8/31, , 9, 43, 2, 
2018/9/1, , 10, 44, 2, 
2018/9/2, , 13, 45, 4, 
2018/9/3, , 16, 42, 3, 
2018/9/4, , 17, 43, 2, 
2018/4/1, , 8, 39, 1, 
2018/4/2, , 4, 33, 1, 
2018/4/3, , 6, 35, 2, 
2018/4/4, , 3, 35, 3, 
2018/4/5, , 6, 38, 3, 
2018/4/6, , 7, 40, 2, 
2018/4/7, , 8, 36, 2, 
2018/4/8, , 10, 42, 2, 
2018/4/9, , 9, 34, 5, 
2018/4/10, , 4, 37, 2, 
2018/4/11, , 7, 43, 2, 
2018/4/12, , 10, 29, 6, 
2018/4/13, , 10, 39, 3, 
2018/4/14, , 6, 37, 1, 
2018/4/15, , 5, 36, 1, 
2018/4/16, , 12, 39, 3, 
2018/4/17, , 13, 42, 4, 
2018/4/18, , 13, 48, 3, 
2018/4/19, , 17, 51, 3, 
2018/4/20, , 18, 52, 3, 
2018/4/21, , 19, 53, 2, 
2018/4/22, , 21, 39, 2, 
2018/4/23, , 15, 36, 3, 
2018/4/24, , 11, 40, 3, 
2018/4/25, , 8, 31, 3, 
2018/4/26, , 10, 39, 2, 
2018/4/27, , 13, 36, 3, 
2018/4/28, , 8, 35, 2, 
2018/4/29, , 5, 26, 2, 
2018/4/30, , 2, 29, 2, 
2018/5/1, , 7, 35, 2, 
2018/5/2, , 8, 37, 3, 
2018/5/3, , 10, 43, 3, 
2018/5/4, , 14, 48, 5, 
2018/5/5, , 19, 49, 3, 
2018/5/6, , 18, 48, 2, 
2018/5/7, , 12, 57, 2, 
2018/5/8, , 13, 64, 4, 
2018/5/9, , 12, 34, 1, 
2018/5/10, , 11, 40, 1, 
2018/5/11, , 8, 40, 1, 
2018/5/12, , 10, 31, 2, 
2018/6/19, , 4, 23, 1, 
2018/6/20, , 7, 31, 1, 
2018/6/21, , 11, 36, 2, 
2018/6/22, , 9, 40, 1, 
2018/6/23, , 11, 35, 1, 
2018/6/24, , 10, 52, 1, 
2018/6/25, , 9, 37, 1, 
2018/6/26, , 10, 44, 1, 
2018/6/27, , 15, 47, 1, 
2018/1/1, , 8, 27, 2, 
2018/1/2, , 10, 32, 3, 
2018/1/3, , 11, 30, 2, 
2018/1/4, , 3, 29, 4, 
2018/1/5, , 5, 24, 3, 
2018/1/6, , 9, 25, 1, 
2018/1/7, , 5, 12, 3, 
2018/1/8, , 11, 17, 4, 
2018/1/9, , 12, 22, 3, 
2018/1/10, , 5, 21, 8, 
2018/1/11, , 9, 15, 12, 
2018/1/12, , 17, 14, 5, 
2018/1/13, , 19, 13, 7, 
2018/1/14, , 28, 25, 4, 
2018/1/15, , 13, 30, 2, 
2018/1/16, , 6, 33, 2, 
2018/1/17, , 7, 28, 4, 
2018/1/18, , 7, 30, 5, 
2018/1/19, , 7, 30, 1, 
2018/1/20, , 5, 29, 1, 
2018/1/21, , 5, 27, 3, 
2018/1/22, , 6, 26, 2, 
2018/1/23, , 6, 23, 1, 
2018/1/24, , 3, 30, 4, 
2018/1/25, , 3, 23, 7, 
2018/1/26, , 12, 16, 7, 
2018/1/27, , 12, 17, 2, 
2018/1/28, , 5, 22, 3, 
2018/1/29, , 3, 22, 4, 
2018/1/30, , 5, 28, 5, 
2018/1/31, , 2, 29, 5, 
2018/2/1, , 8, 21, 6, 
2018/2/2, , 11, 22, 2, 
2018/2/3, , 8, 21, 2, 
2018/2/4, , 6, 14, 6, 
2018/2/5, , 14, 8, 14, 
2018/2/6, , 15, 12, 14, 
2018/2/7, , 27, 16, 19, 
2018/2/8, , 34, 24, 7, 
2018/2/9, , 21, 29, 3, 
2018/2/10, , 8, 32, 1, 
2018/2/11, , 5, 29, 5, 
2018/2/12, , 8, 27, 2, 
2018/2/13, , 8, 26, 2, 
2018/2/14, , 7, 28, 5, 
2018/2/15, , 4, 31, 6, 
2018/2/16, , 11, 24, 7, 
2018/2/17, , 12, 21, 4, 
2018/2/18, , 18, 20, 4, 
2018/2/19, , 16, 22, 6, 
2018/2/20, , 7, 22, 10, 
2018/2/21, , 38, 27, 7, 
2018/2/22, , 37, 27, 5, 
2018/2/23, , 18, 27, 5, 
2018/2/24, , 28, 30, 2, 
2018/2/25, , 15, 31, 3, 
2018/2/26, , 12, 24, 5, 
2018/2/27, , 19, 30, 4, 
2018/2/28, , 28, 30, 4, 
2018/3/1, , 21, 32, 5, 
2018/3/2, , 13, 33, 4, 
2018/3/3, , 11, 31, 2, 
2018/3/4, , 4, 32, 3, 
2018/3/5, , 5, 34, 2, 
2018/3/6, , 5, 34, 4, 
2018/3/7, , 5, 33, 3, 
2018/3/8, , 7, 31, 2, 
2018/3/9, , 6, 31, 1, 
2018/3/10, , 3, 32, 1, 
2018/3/11, , 2, 35, 3, 
2018/3/12, , 7, 33, 3, 
2018/3/13, , 7, 37, 3, 
2018/3/14, , 7, 37, 1, 
2018/3/15, , 6, 33, 3, 
2018/3/16, , 11, 28, 6, 
2018/3/17, , 6, 25, 2, 
2018/3/18, , 17, 27, 2, 
2018/3/19, , 22, 31, 7, 
2018/3/20, , 22, 32, 7, 
2018/3/21, , 13, 33, 8, 
2018/3/22, , 16, 35, 2, 
2018/3/23, , 12, 35, 2, 
2018/3/24, , 10, 37, 3, 
2018/3/25, , 8, 35, 7, 
2018/3/26, , 23, 31, 4, 
2018/3/27, , 6, 34, 2, 
2018/3/28, , 4, 36, 3, 
2018/3/29, , 4, 34, 3, 
2018/3/30, , 4, 35, 2, 
2018/3/31, , 3, 39, 1, 
2017/10/1, , 6, 15, 2, 
2017/10/2, , 4, 30, 4, 
2017/10/3, , 6, 30, 6, 
2017/10/4, , 11, 23, 4, 
2017/10/5, , 10, 26, 8, 
2017/10/6, , 9, 30, 5, 
2017/10/7, , 9, 26, 3, 
2017/10/8, , 8, 24, 6, 
2017/10/9, , 9, 21, 3, 
2017/10/10, , 6, 24, 3, 
2017/10/11, , 7, 24, 3, 
2017/10/12, , 9, 28, 4, 
2017/10/13, , 13, 32, 4, 
2017/10/14, , 11, 29, 2, 
2017/10/15, , 14, 29, 6, 
2017/10/16, , 17, 31, 5, 
2017/10/17, , 17, 30, 7, 
2017/10/18, , 15, 27, 2, 
2017/10/19, , 10, 29, 4, 
2017/10/20, , 10, 27, 4, 
2017/10/21, , 8, 30, 2, 
2017/10/22, , 9, 23, 3, 
2017/10/23, , 7, 17, 4, 
2017/10/24, , 11, 17, 5, 
2017/10/25, , 9, 15, 6, 
2017/10/26, , 7, 16, 8, 
2017/10/27, , 16, 24, 6, 
2017/10/28, , 9, 20, 2, 
2017/10/29, , 7, 25, 6, 
2017/10/30, , 12, 22, 8, 
2017/10/31, , 20, 21, 4, 
2017/11/1, , 17, 19, 6, 
2017/11/2, , 16, 23, 4, 
2017/11/3, , 14, 26, 3, 
2017/11/4, , 10, 29, 2, 
2017/11/5, , 4, 21, 12, 
2017/11/6, , 12, 16, 16, 
2017/11/7, , 19, 15, 9, 
2017/11/8, , 15, 10, 11, 
2017/11/9, , 21, 21, 5, 
2017/11/10, , 7, 24, 2, 
2017/11/11, , 5, 29, 2, 
2017/11/12, , 3, 22, 7, 
2017/11/13, , 10, 14, 11, 
2017/11/14, , 14, 16, 7, 
2017/11/15, , 19, 8, 7, 
2017/11/16, , 21, 10, 10, 
2017/11/17, , 27, 17, 6, 
2017/11/18, , 15, 19, 7, 
2017/11/19, , 14, 17, 5, 
2017/11/20, , 9, 20, 5, 
2017/11/21, , 7, 24, 4, 
2017/11/22, , 12, 26, 4, 
2017/11/23, , 12, 24, 6, 
2017/11/24, , 10, 22, 4, 
2017/11/25, , 6, 23, 3, 
2017/11/26, , 8, 19, 9, 
2017/11/27, , 8, 23, 7, 
2017/11/28, , 4, 15, 8, 
2017/11/29, , 10, 23, 6, 
2017/11/30, , 7, 21, 10, 
2017/12/1, , 9, 10, 11, 
2017/12/2, , 23, 10, 6, 
2017/12/3, , 19, 6, 9, 
2017/12/4, , 20, 8, 7, 
2017/12/5, , 19, 21, 2, 
2017/12/6, , 14, 22, 3, 
2017/12/7, , 8, 25, 4, 
2017/12/8, , 9, 22, 3, 
2017/12/9, , 7, 28, 2, 
2017/12/10, , 7, 29, 2, 
2017/12/11, , 5, 22, 5, 
2017/12/12, , 9, 27, 3, 
2017/12/13, , 5, 32, 4, 
2017/12/14, , 7, 26, 5, 
2017/12/15, , 7, 21, 6, 
2017/12/16, , 9, 16, 3, 
2017/12/17, , 8, 22, 7, 
2017/12/18, , 12, 14, 12, 
2017/12/19, , 16, 7, 9, 
2017/12/20, , 19, 10, 7, 
2017/12/21, , 9, 19, 8, 
2017/12/22, , 7, 20, 5, 
2017/12/23, , 7, 22, 1, 
2017/12/24, , 4, 20, , 
2017/12/25, , 3, 28, 1, 
2017/12/26, , 5, 27, 2, 
2017/12/27, , 4, 22, 4, 
2017/12/28, , 9, 27, 3, 
2017/12/29, , 9, 27, 2, 
2017/12/30, , 8, , , 
2017/7/1, , 10, 16, 1, 
2017/7/2, , 9, 29, 2, 
2017/7/3, , 7, 41, 3, 
2017/7/4, , 10, 45, 4, 
2017/7/5, , 17, 45, 4, 
2017/7/6, , 18, 54, 2, 
2017/7/7, , 19, 47, 3, 
2017/7/8, , 19, 33, 2, 
2017/7/9, , 18, 26, 3, 
2017/7/10, , 6, 27, 4, 
2017/7/11, , 9, 19, 3, 
2017/7/12, , 5, 27, 3, 
2017/7/13, , 8, 34, 2, 
2017/7/14, , 12, 43, 2, 
2017/7/15, , 12, 33, 2, 
2017/7/16, , 14, 37, 2, 
2017/7/17, , 15, 50, 2, 
2017/7/18, , 20, 40, 3, 
2017/7/19, , 18, 28, 3, 
2017/7/20, , 7, 30, 3, 
2017/7/21, , 8, 22, 1, 
2017/7/22, , 5, 27, 2, 
2017/7/23, , 6, 27, 2, 
2017/7/24, , 6, 34, 3, 
2017/7/25, , 9, 22, 4, 
2017/7/26, , 7, 29, 2, 
2017/7/27, , 5, 24, 2, 
2017/7/28, , 9, 26, 2, 
2017/7/29, , 7, 27, 2, 
2017/7/30, , 4, 29, 2, 
2017/7/31, , 9, 37, 5, 
2017/8/1, , 10, 38, 3, 
2017/8/2, , 10, 33, 2, 
2017/8/3, , 7, 30, 2, 
2017/8/4, , 11, 31, 1, 
2017/8/5, , 5, 34, 1, 
2017/8/6, , 5, 39, 2, 
2017/8/7, , 6, 35, 3, 
2017/8/8, , 5, 27, 2, 
2017/8/9, , 3, 25, 3, 
2017/8/10, , 3, 36, 3, 
2017/8/11, , 5, 23, 2, 
2017/8/12, , 6, 30, 1, 
2017/8/13, , 3, 28, 1, 
2017/8/14, , 4, 27, 2, 
2017/8/15, , 6, 28, 2, 
2017/8/16, , 8, 17, 2, 
2017/8/17, , 4, 26, 2, 
2017/8/18, , 3, 27, 2, 
2017/8/19, , 9, 30, 3, 
2017/8/20, , 8, 31, 2, 
2017/8/21, , 7, 30, 2, 
2017/8/22, , 7, 29, 4, 
2017/8/23, , 10, 31, 2, 
2017/8/24, , 9, 35, 3, 
2017/8/25, , 13, 40, 3, 
2017/8/26, , 11, 45, 2, 
2017/8/27, , 12, 47, 2, 
2017/8/28, , 13, 49, 3, 
2017/8/29, , 20, 33, 3, 
2017/8/30, , 12, 32, 3, 
2017/8/31, , 5, 30, 6, 
2017/9/1, , 5, 36, 6, 
2017/9/2, , 7, 38, 3, 
2017/9/3, , 6, 28, 2, 
2017/9/4, , 5, 21, 2, 
2017/9/5, , 2, , , 
2017/9/10, , 6, 31, 2, 
2017/9/11, , 9, 28, 2, 
2017/9/12, , 10, 24, 2, 
2017/9/13, , 4, 29, 2, 
2017/9/14, , 6, 29, 3, 
2017/9/15, , 7, 23, 2, 
2017/9/16, , 3, 26, 1, 
2017/9/17, , 4, 7, 4, 
2017/9/18, , 4, 25, 6, 
2017/9/19, , 7, 30, 4, 
2017/9/20, , 7, 39, 4, 
2017/9/21, , 7, 28, 8, 
2017/9/22, , 10, 37, 4, 
2017/9/23, , 9, 36, 2, 
2017/9/24, , 10, 25, 5, 
2017/9/25, , 9, 19, 7, 
2017/9/26, , 17, 29, 4, 
2017/9/27, , 10, 28, 3, 
2017/9/28, , 9, 30, 5, 
2017/9/29, , 18, 31, 2, 
2017/9/30, , 8, 24, 1, 
2017/4/1, , 6, 37, 4, 
2017/4/2, , 4, 43, 6, 
2017/4/3, , 11, 36, 9, 
2017/4/4, , 15, 32, 5, 
2017/4/5, , 20, 36, 3, 
2017/4/6, , 17, 35, 5, 
2017/4/7, , 19, 42, 5, 
2017/4/8, , 22, 41, 3, 
2017/4/9, , 14, 36, 5, 
2017/4/10, , 18, 37, 4, 
2017/4/11, , 10, 41, 10, 
2017/4/12, , 19, 31, 5, 
2017/4/13, , 13, 37, 8, 
2017/4/14, , 15, 28, 4, 
2017/4/15, , 9, 36, 2, 
2017/4/16, , 7, 33, 2, 
2017/4/17, , 8, 35, 4, 
2017/4/18, , 9, 37, 4, 
2017/4/19, , 14, 42, 5, 
2017/4/20, , 11, 49, 5, 
2017/4/21, , 14, 36, 5, 
2017/4/22, , 17, 39, 2, 
2017/4/23, , 10, 44, 4, 
2017/4/24, , 11, 29, 6, 
2017/4/25, , 8, 35, 5, 
2017/4/26, , 8, 35, 5, 
2017/4/27, , 9, 32, 5, 
2017/4/28, , 9, 39, 3, 
2017/4/29, , 7, 40, 2, 
2017/4/30, , 7, 34, 3, 
2017/5/1, , 8, 35, 3, 
2017/5/2, , 5, 28, 7, 
2017/5/3, , 12, 38, 4, 
2017/5/4, , 13, 41, 4, 
2017/5/5, , 12, 28, 2, 
2017/5/6, , 5, 34, 2, 
2017/5/7, , 19, 33, 3, 
2017/5/8, , 14, 42, 2, 
2017/5/9, , 17, 43, 3, 
2017/5/10, , 12, 34, 2, 
2017/5/11, , 6, 29, 3, 
2017/5/12, , 6, 35, 3, 
2017/5/13, , 5, 35, 3, 
2017/5/14, , 6, 36, 4, 
2017/5/15, , 5, 35, 3, 
2017/5/16, , 6, 42, 4, 
2017/5/17, , 8, 23, 2, 
2017/5/18, , 4, 30, 2, 
2017/5/19, , 7, 31, 2, 
2017/5/20, , 5, 33, 1, 
2017/5/21, , 5, 37, 3, 
2017/5/22, , 6, 35, 4, 
2017/5/23, , 10, 35, 3, 
2017/5/24, , 9, 37, 2, 
2017/5/25, , 10, 42, 1, 
2017/5/26, , 10, 46, 2, 
2017/5/27, , 11, 47, 2, 
2017/5/28, , 11, 42, 3, 
2017/5/29, , 11, 31, 3, 
2017/5/30, , 7, 33, 2, 
2017/5/31, , 6, 42, 2, 
2017/6/1, , 7, 37, 3, 
2017/6/2, , 8, 21, 4, 
2017/6/3, , 9, 33, 2, 
2017/6/4, , 7, 31, 2, 
2017/6/5, , 6, 26, 1, 
2017/6/6, , 9, 31, 2, 
2017/6/7, , 9, 32, 2, 
2017/6/8, , 7, 32, 2, 
2017/6/9, , 6, 39, 2, 
2017/6/10, , 8, 45, 2, 
2017/6/11, , 7, 35, 2, 
2017/6/12, , 9, 34, 1, 
2017/6/13, , 10, 41, 2, 
2017/6/14, , 8, 47, 4, 
2017/6/15, , 1, 35, 2, 
2017/6/16, , 13, 38, 1, 
2017/6/17, , 12, 39, 1, 
2017/6/18, , 11, 48, 2, 
2017/6/19, , 11, 56, 4, 
2017/6/20, , 16, 63, 4, 
2017/6/21, , 17, 58, 4, 
2017/6/22, , 22, 36, 2, 
2017/6/23, , 19, 33, 2, 
2017/6/24, , 8, 26, 1, 
2017/6/25, , 6, 31, 2, 
2017/6/26, , 6, 32, 3, 
2017/6/27, , 8, 29, 2, 
2017/6/28, , 5, 25, 1, 
2017/6/29, , 4, 23, 1, 
2017/6/30, , 2, 18, 2, 
2017/1/2, , 10, 21, 5, 
2017/1/3, , 11, 14, 7, 
2017/1/4, , 10, 15, 18, 
2017/1/5, , 20, 17, 11, 
2017/1/6, , 25, 16, 8, 
2017/1/7, , 26, 10, 8, 
2017/1/8, , 21, 12, 7, 
2017/1/9, , 10, 23, 9, 
2017/1/10, , 9, 23, 6, 
2017/1/11, , 9, 29, 3, 
2017/1/12, , 14, 30, 3, 
2017/1/13, , 4, 25, 4, 
2017/1/14, , 7, 25, 4, 
2017/1/15, , 6, 20, 6, 
2017/1/16, , 9, 17, 8, 
2017/1/17, , 21, 21, 6, 
2017/1/18, , 14, 19, 8, 
2017/1/19, , 28, 14, 12, 
2017/1/20, , 48, 14, 13, 
2017/1/21, , 60, 15, 15, 
2017/1/22, , 52, 13, 24, 
2017/1/23, , 53, 4, 25, 
2017/1/24, , 34, 19, 9, 
2017/1/25, , 26, 18, 11, 
2017/1/26, , 47, 31, 7, 
2017/1/27, , 16, 31, 4, 
2017/1/28, , 5, 31, 2, 
2017/1/29, , 5, 27, 5, 
2017/1/30, , 4, 16, 4, 
2017/1/31, , 6, 19, 4, 
2017/2/1, , 6, 28, 3, 
2017/2/2, , 6, 32, 3, 
2017/2/3, , 7, 33, 2, 
2017/2/4, , 4, 32, 4, 
2017/2/5, , 5, 28, 6, 
2017/2/6, , 8, 30, 7, 
2017/2/7, , 8, 21, 10, 
2017/2/8, , 13, 13, 11, 
2017/2/9, , 22, 13, 10, 
2017/2/10, , 27, 14, 14, 
2017/2/11, , 40, 18, 6, 
2017/2/12, , 28, 20, 5, 
2017/2/13, , 18, 30, 4, 
2017/2/14, , 12, 32, 8, 
2017/2/15, , 9, 20, 11, 
2017/2/16, , 15, 17, 11, 
2017/2/17, , 21, 31, 6, 
2017/2/18, , 14, 27, 6, 
2017/2/19, , 14, 20, 7, 
2017/2/20, , 14, 21, 4, 
2017/2/21, , 6, 29, 4, 
2017/2/22, , 8, 29, 5, 
2017/2/23, , 7, 32, 8, 
2017/2/24, , 12, 36, 7, 
2017/2/25, , 14, 29, 3, 
2017/2/26, , 10, 32, 5, 
2017/2/27, , 3, 34, 5, 
2017/2/28, , 4, 33, 5, 
2017/3/1, , 6, 32, 4, 
2017/3/2, , 18, 29, 3, 
2017/3/3, , 9, 32, 3, 
2017/3/4, , 4, 36, 2, 
2017/3/5, , 6, 35, 3, 
2017/3/6, , 10, 32, 3, 
2017/3/7, , 11, 26, 4, 
2017/3/8, , 4, 29, 5, 
2017/3/9, , 9, 29, 4, 
2017/3/10, , 10, 34, 5, 
2017/3/11, , 12, 30, 7, 
2017/3/12, , 20, 28, 7, 
2017/3/13, , 25, 32, 8, 
2017/3/14, , 19, 29, 4, 
2017/3/15, , 14, 33, 9, 
2017/3/16, , 17, 25, 7, 
2017/3/17, , 19, 28, 3, 
2017/3/18, , 10, 29, 2, 
2017/3/19, , 10, 32, 6, 
2017/3/20, , 7, 30, 5, 
2017/3/21, , 6, 35, 3, 
2017/3/22, , 5, 18, 4, 
2017/3/23, , 5, 27, 4, 
2017/3/24, , 13, 33, 3, 
2017/3/25, , 24, 39, 3, 
2017/3/26, , 14, 42, 4, 
2017/3/27, , 11, 37, 6, 
2017/3/28, , 13, 40, 7, 
2017/3/29, , 10, 44, 4, 
2017/3/30, , 8, 37, 4, 
2017/3/31, , 8, 37, 2, 
2016/10/1, , 5, 26, 3, 
2016/10/2, , 6, 31, 3, 
2016/10/3, , 8, 31, 2, 
2016/10/4, , 9, 25, 2, 
2016/10/5, , 10, 22, 2, 
2016/10/6, , 8, 15, 3, 
2016/10/7, , 8, 16, 6, 
2016/10/8, , 12, 27, 5, 
2016/10/9, , 14, 25, 6, 
2016/10/10, , 15, 22, 6, 
2016/10/11, , 15, 25, 4, 
2016/10/12, , 17, 12, 4, 
2016/10/13, , 13, 8, 6, 
2016/10/14, , 12, 30, 2, 
2016/10/17, , 6, 27, 4, 
2016/10/18, , 7, 25, 5, 
2016/10/19, , 9, 22, 6, 
2016/10/20, , 8, 17, 8, 
2016/10/21, , 10, 22, 4, 
2016/10/22, , 11, 13, 2, 
2016/10/23, , 13, 14, 5, 
2016/10/24, , 12, 20, 3, 
2016/10/25, , 7, 18, 6, 
2016/10/26, , 15, 22, 5, 
2016/10/27, , 18, 23, 3, 
2016/10/28, , 11, 17, 2, 
2016/10/29, , 12, 19, 2, 
2016/10/30, , 13, 19, 3, 
2016/10/31, , 10, 8, 5, 
2016/11/1, , 13, 14, 10, 
2016/11/2, , 19, 19, 9, 
2016/11/3, , 19, 16, 6, 
2016/11/4, , 18, 24, 5, 
2016/11/5, , 10, 21, 4, 
2016/11/6, , 9, 10, 8, 
2016/11/7, , 7, 14, 7, 
2016/11/8, , 8, 27, 3, 
2016/11/9, , 6, 23, 3, 
2016/11/10, , 6, 24, 5, 
2016/11/11, , 9, 18, 3, 
2016/11/12, , 17, 17, 4, 
2016/11/13, , 6, 16, 5, 
2016/11/14, , 12, 11, 6, 
2016/11/15, , 9, 23, 6, 
2016/11/16, , 3, 23, 4, 
2016/11/17, , 3, 29, 5, 
2016/11/18, , 4, 27, 4, 
2016/11/19, , 3, 28, 1, 
2016/11/20, , 5, 29, 2, 
2016/11/21, , 5, 25, 5, 
2016/11/22, , 15, 15, 5, 
2016/11/23, , 12, 5, 12, 
2016/11/24, , 14, 9, 9, 
2016/11/25, , 16, 5, 7, 
2016/11/26, , 18, 14, 5, 
2016/11/27, , 18, 24, 3, 
2016/11/28, , 10, 18, 6, 
2016/11/29, , 12, 11, 14, 
2016/11/30, , 31, 10, 16, 
2016/12/1, , 46, 10, 18, 
2016/12/2, , 45, 17, 9, 
2016/12/3, , 23, 9, 7, 
2016/12/4, , 27, 12, 10, 
2016/12/5, , 36, 6, 13, 
2016/12/6, , 44, 7, 12, 
2016/12/7, , 45, 20, 10, 
2016/12/8, , 23, 20, 12, 
2016/12/9, , 18, 11, 10, 
2016/12/10, , 29, 22, 5, 
2016/12/11, , 17, 24, 3, 
2016/12/12, , 7, 16, 9, 
2016/12/13, , 16, 10, 10, 
2016/12/14, , 28, 4, 10, 
2016/12/15, , 39, 10, 13, 
2016/12/16, , 28, 3, 14, 
2016/12/17, , 40, 10, 7, 
2016/12/18, , 9, 10, 6, 
2016/12/19, , 11, 7, 9, 
2016/12/20, , 18, 17, 5, 
2016/12/21, , 13, 17, 7, 
2016/12/22, , 7, 22, 6, 
2016/12/23, , 8, 24, 4, 
2016/12/24, , 11, 24, 4, 
2016/12/25, , 12, 23, 9, 
2016/12/26, , 7, 21, 7, 
2016/12/27, , 16, 18, 5, 
2016/12/28, , 16, 11, 5, 
2016/12/29, , 21, 8, 5, 
2016/12/30, , 13, 10, 4, 
2016/12/31, , 15, 15, 3, 
2017/1/1, , 10, 14, 6, 
2016/7/1, , 2, 29, , 
2016/7/2, , 6, 22, 1, 
2016/7/3, , 7, 17, 2, 
2016/7/4, , 9, 24, 2, 
2016/7/5, , 7, 39, 2, 
2016/7/6, , 7, 49, 3, 
2016/7/7, , 9, 44, 5, 
2016/7/8, , 15, 32, 3, 
2016/7/9, , 6, 36, 2, 
2016/7/10, , 9, 25, 1, 
2016/7/11, , 8, 26, 1, 
2016/7/12, , 6, 28, 1, 
2016/7/13, , 8, 29, 1, 
2016/7/14, , 5, 37, 3, 
2016/7/15, , 6, 32, 2, 
2016/7/16, , 10, 33, 1, 
2016/7/17, , 5, 34, 1, 
2016/7/18, , 7, 42, 2, 
2016/7/19, , 9, 44, 3, 
2016/7/20, , 17, 30, 2, 
2016/7/21, , 13, 38, 3, 
2016/7/22, , 12, 46, 2, 
2016/7/23, , 12, 38, 1, 
2016/7/24, , 9, 40, 5, 
2016/7/25, , 12, 33, 2, 
2016/7/26, , 11, 31, 4, 
2016/7/27, , 12, 29, 2, 
2016/7/28, , 5, 21, 3, 
2016/7/29, , 3, 33, 2, 
2016/7/30, , 6, 30, 1, 
2016/7/31, , 5, 35, 2, 
2016/8/1, , 7, 23, 3, 
2016/8/2, , 6, 30, 1, 
2016/8/3, , 9, 27, 3, 
2016/8/4, , 5, 28, 2, 
2016/8/5, , 6, 28, 3, 
2016/8/6, , 6, 35, 4, 
2016/8/7, , 7, 29, 2, 
2016/8/8, , 11, 34, 2, 
2016/8/9, , 13, 30, 2, 
2016/8/10, , 16, 31, 4, 
2016/8/11, , 10, 31, 2, 
2016/8/12, , 9, 47, 4, 
2016/8/13, , 11, 43, 1, 
2016/8/14, , 10, 41, 1, 
2016/8/15, , 10, 57, 2, 
2016/8/16, , 16, 59, 5, 
2016/8/17, , 17, 30, 2, 
2016/8/18, , 8, 27, 2, 
2016/8/19, , 6, 32, 2, 
2016/8/20, , 9, 32, 1, 
2016/8/21, , 9, 33, 3, 
2016/8/22, , 6, 36, 2, 
2016/8/23, , 13, 44, 2, 
2016/8/24, , 7, 65, 4, 
2016/8/25, , 12, 52, 7, 
2016/8/26, , 13, 51, 7, 
2016/8/27, , 12, 30, 2, 
2016/8/28, , 13, 23, 3, 
2016/8/29, , 6, 40, 3, 
2016/8/30, , 10, 48, 6, 
2016/8/31, , 15, 47, 4, 
2016/9/1, , 13, 51, 5, 
2016/9/2, , 15, 45, 4, 
2016/9/3, , 14, 20, 2, 
2016/9/4, , 6, 13, 4, 
2016/9/5, , 5, 19, 4, 
2016/9/6, , 5, 46, 3, 
2016/9/7, , 8, 35, 5, 
2016/9/8, , 16, 38, 6, 
2016/9/9, , 12, 35, 4, 
2016/9/10, , 10, 23, 1, 
2016/9/11, , 6, 38, 5, 
2016/9/12, , 11, 45, 3, 
2016/9/13, , 18, 35, 2, 
2016/9/14, , 10, 26, 3, 
2016/9/15, , 7, 21, 4, 
2016/9/16, , 8, 18, 2, 
2016/9/17, , 9, 29, 2, 
2016/9/18, , 9, 26, 8, 
2016/9/19, , 15, 30, 7, 
2016/9/20, , 14, 36, 5, 
2016/9/21, , 11, 38, 4, 
2016/9/22, , 9, 42, 5, 
2016/9/23, , 10, 42, 3, 
2016/9/24, , 9, 30, 3, 
2016/9/25, , 9, 27, 3, 
2016/9/26, , 10, 32, 3, 
2016/9/27, , 10, 26, 5, 
2016/9/28, , 11, 36, 5, 
2016/9/29, , 10, 19, 5, 
2016/9/30, , 8, 26, 2, 
2016/4/1, , 21, 13, 4, 
2016/4/2, , 21, 39, 2, 
2016/4/3, , 9, 36, 1, 
2016/4/4, , 3, 37, 5, 
2016/4/5, , 6, 33, 3, 
2016/4/6, , 8, 32, 2, 
2016/4/7, , 7, 28, 5, 
2016/4/8, , 7, 31, 4, 
2016/4/9, , 7, 34, 1, 
2016/4/10, , 4, 33, 3, 
2016/4/11, , 4, 35, 2, 
2016/4/12, , 3, 36, 2, 
2016/4/13, , 4, 36, 2, 
2016/4/14, , 4, 32, 4, 
2016/4/15, , 6, 33, 2, 
2016/4/16, , 1, 33, 2, 
2016/4/17, , 2, 38, 6, 
2016/4/18, , 9, 42, 6, 
2016/4/19, , 11, 41, 2, 
2016/4/20, , 14, 37, 5, 
2016/4/21, , 15, 33, 4, 
2016/4/22, , 10, 27, 5, 
2016/4/23, , 20, 32, 3, 
2016/4/24, , 7, 34, 4, 
2016/4/25, , 9, 33, 3, 
2016/4/26, , 7, 33, 3, 
2016/4/27, , 6, 37, 4, 
2016/4/28, , 8, 32, 5, 
2016/4/29, , 5, 32, 4, 
2016/4/30, , 5, 40, 4, 
2016/5/1, , 8, 37, 6, 
2016/5/2, , 8, 35, 3, 
2016/5/3, , 9, 45, 2, 
2016/5/4, , 9, 49, 2, 
2016/5/5, , 9, 49, 2, 
2016/5/6, , 8, 47, 1, 
2016/5/7, , 8, 48, 1, 
2016/5/8, , 10, 42, 1, 
2016/5/9, , 5, 23, 1, 
2016/5/10, , 4, 28, 5, 
2016/5/11, , 4, 26, 3, 
2016/5/12, , 6, 38, 5, 
2016/5/13, , 23, 32, 3, 
2016/5/14, , 20, 40, 2, 
2016/5/15, , 11, 41, 2, 
2016/5/16, , 11, 39, 5, 
2016/5/17, , 14, 37, 4, 
2016/5/18, , 10, 28, 2, 
2016/5/19, , 8, 25, 2, 
2016/5/20, , 5, 30, 1, 
2016/5/21, , 7, 30, 1, 
2016/5/22, , 4, 25, 2, 
2016/5/23, , 5, 30, 3, 
2016/5/24, , 8, 34, 2, 
2016/5/25, , 9, 35, 2, 
2016/5/26, , 7, 38, 4, 
2016/5/27, , 8, 40, 3, 
2016/5/28, , 8, 27, 3, 
2016/5/29, , 13, 27, 4, 
2016/5/30, , 14, 25, 4, 
2016/5/31, , 3, 23, 4, 
2016/6/1, , 9, 22, 4, 
2016/6/2, , 10, 21, 3, 
2016/6/3, , 7, 30, 3, 
2016/6/4, , 10, 29, 2, 
2016/6/5, , 12, 38, 3, 
2016/6/6, , 9, 42, 6, 
2016/6/7, , 14, 49, 4, 
2016/6/8, , 20, 42, 3, 
2016/6/9, , 18, 39, 3, 
2016/6/10, , 13, 30, 2, 
2016/6/11, , 4, 24, 2, 
2016/6/12, , 8, 23, 2, 
2016/6/13, , 6, 23, 2, 
2016/6/14, , 5, 26, 1, 
2016/6/15, , 2, 24, 2, 
2016/6/16, , 3, 33, 3, 
2016/6/17, , 4, 33, 2, 
2016/6/18, , 6, 33, 2, 
2016/6/19, , 10, 17, 3, 
2016/6/20, , 4, 14, 2, 
2016/6/21, , 5, 26, 1, 
2016/6/22, , 5, 39, 2, 
2016/6/23, , 8, 27, 3, 
2016/6/24, , 5, 29, 1, 
2016/6/25, , 7, 28, 1, 
2016/6/26, , 5, 17, 2, 
2016/6/27, , 4, 24, 1, 
2016/6/28, , 7, 19, 2, 
2016/6/29, , 3, 21, 2, 
2016/6/30, , 6, 17, 2, 
2016/1/4, , 9, 27, 1, 
2016/1/5, , 5, 24, 3, 
2016/1/6, , 6, 30, 2, 
2016/1/7, , 8, 25, 7, 
2016/1/8, , 8, 33, 1, 
2016/1/9, , 6, 30, 1, 
2016/1/10, , 2, 29, 3, 
2016/1/11, , 3, 27, 2, 
2016/1/12, , 6, 25, 4, 
2016/1/13, , 8, 24, 4, 
2016/1/14, , 6, 20, 7, 
2016/1/15, , 7, 20, 7, 
2016/1/16, , 10, 21, 4, 
2016/1/17, , 21, 22, 3, 
2016/1/18, , 16, 12, 7, 
2016/1/19, , 23, 22, 6, 
2016/1/20, , 26, 18, 3, 
2016/1/21, , 15, 15, 6, 
2016/1/22, , 17, 23, 3, 
2016/1/23, , 9, 15, 2, 
2016/1/24, , 14, 17, 5, 
2016/1/25, , 16, 26, 4, 
2016/1/26, , 9, 23, 3, 
2016/1/27, , 6, 22, 12, 
2016/1/28, , 9, 26, 4, 
2016/1/29, , 8, 32, 2, 
2016/1/30, , 4, 30, 1, 
2016/1/31, , 1, 27, 4, 
2016/2/1, , 6, 25, 7, 
2016/2/2, , 7, 30, 2, 
2016/2/3, , 7, 26, 4, 
2016/2/4, , 8, 20, 4, 
2016/2/5, , 9, 32, 1, 
2016/2/6, , 6, 32, 3, 
2016/2/7, , 6, 33, 3, 
2016/2/8, , 12, 34, 2, 
2016/2/9, , 5, 32, 4, 
2016/2/10, , 5, 25, 4, 
2016/2/11, , 7, 26, 5, 
2016/2/12, , 4, 34, 2, 
2016/2/13, , 7, 30, 2, 
2016/2/14, , 6, 27, 4, 
2016/2/15, , 9, 22, 8, 
2016/2/16, , 14, 20, 9, 
2016/2/17, , 19, 20, 7, 
2016/2/18, , 17, 28, 5, 
2016/2/19, , 12, 27, 3, 
2016/2/20, , 3, 25, 1, 
2016/2/21, , 1, 25, 5, 
2016/2/22, , 3, 25, 9, 
2016/2/23, , 10, 26, 3, 
2016/2/24, , 10, 25, 12, 
2016/2/25, , 18, 29, 10, 
2016/2/26, , 31, 22, 4, 
2016/2/27, , 21, 25, 4, 
2016/2/28, , 24, 27, 8, 
2016/2/29, , 21, 24, 8, 
2016/3/1, , 16, 31, 3, 
2016/3/2, , 4, 28, 3, 
2016/3/3, , 6, 29, 3, 
2016/3/4, , 3, 28, 3, 
2016/3/5, , 6, 31, 2, 
2016/3/6, , 8, 26, 6, 
2016/3/7, , 8, 30, 7, 
2016/3/8, , 12, 28, 2, 
2016/3/9, , 4, 25, 6, 
2016/3/10, , 9, 29, 11, 
2016/3/11, , 32, 36, 7, 
2016/3/12, , 38, 31, 5, 
2016/3/13, , 31, 26, 3, 
2016/3/14, , 20, 28, 8, 
2016/3/15, , 31, 25, 4, 
2016/3/16, , 19, 31, 7, 
2016/3/17, , 22, 23, 16, 
2016/3/18, , 46, 22, 5, 
2016/3/19, , 36, 26, 2, 
2016/3/20, , 20, 30, 5, 
2016/3/21, , 13, 35, 6, 
2016/3/22, , 18, 27, 7, 
2016/3/23, , 24, 35, 9, 
2016/3/24, , 30, 24, 7, 
2016/3/25, , 15, 30, 2, 
2016/3/26, , 4, 34, 2, 
2016/3/27, , 7, 35, 1, 
2016/3/28, , 5, 27, 5, 
2016/3/29, , 10, 29, 4, 
2016/3/30, , 7, 23, 7, 
2016/3/31, , 9, 29, 6, 
2015/10/1, , 1, 28, , 
2015/10/2, , 13, 35, , 
2015/10/3, , 16, 26, , 
2015/10/4, , 15, 19, , 
2015/10/5, , 6, 25, , 
2015/10/6, , 6, 27, , 
2015/10/7, , 8, 23, , 
2015/10/8, , 10, 27, , 
2015/10/9, , 13, 17, , 
2015/10/10, , 15, 17, , 
2015/10/11, , 15, 15, , 
2015/10/12, , 23, 24, , 
2015/10/13, , 28, 19, , 
2015/10/14, , 20, 15, , 
2015/10/15, , 11, 8, , 
2015/10/16, , 14, 13, , 
2015/10/17, , 13, 19, , 
2015/10/18, , 13, 22, , 
2015/10/19, , 15, 13, , 
2015/10/20, , 22, 24, , 
2015/10/21, , 13, 23, , 
2015/10/22, , 6, 24, , 
2015/10/23, , 8, 17, , 
2015/10/24, , 10, 24, , 
2015/10/25, , 8, 16, , 
2015/10/26, , 12, 26, , 
2015/10/27, , 12, 25, , 
2015/10/28, , 5, 25, , 
2015/10/29, , 10, 16, , 
2015/10/30, , 10, 20, , 
2015/10/31, , 12, 25, , 
2015/11/1, , 16, 22, , 
2015/11/2, , 14, 29, , 
2015/11/3, , 10, 25, , 
2015/11/4, , 7, 21, , 
2015/11/5, , 11, 16, , 
2015/11/6, , 4, 18, , 
2015/11/7, , 3, 23, , 
2015/11/8, , 4, 27, , 
2015/11/9, , 9, 26, , 
2015/11/10, , 8, 16, , 
2015/11/11, , 12, 24, , 
2015/11/12, , 14, 20, , 
2015/11/13, , 12, 27, , 
2015/11/14, , 11, 27, , 
2015/11/15, , 9, 24, , 
2015/11/16, , 13, 22, , 
2015/11/17, , 8, 25, , 
2015/11/18, , 13, 24, , 
2015/11/19, , 7, 25, , 
2015/11/20, , 6, 27, , 
2015/11/21, , 6, 25, , 
2015/11/22, , 10, 25, , 
2015/11/23, , 15, 17, , 
2015/11/24, , 11, 20, , 
2015/11/25, , 7, 18, , 
2015/11/26, , 16, 11, , 
2015/11/27, , 21, 26, , 
2015/11/28, , 9, 32, , 
2015/11/29, , 10, 30, , 
2015/11/30, , 5, 29, , 
2015/12/1, , 8, 29, , 
2015/12/2, , 10, 16, , 
2015/12/3, , 16, 26, , 
2015/12/4, , 13, 17, , 
2015/12/5, , 11, 18, , 
2015/12/6, , 10, 23, , 
2015/12/7, , 10, 19, , 
2015/12/8, , 9, 18, , 
2015/12/9, , 9, 16, , 
2015/12/10, , 5, 15, , 
2015/12/11, , 13, 21, , 
2015/12/12, , 9, 20, , 
2015/12/13, , 6, 18, , 
2015/12/14, , 10, 18, , 
2015/12/15, , 11, 16, , 
2015/12/16, , 21, 17, , 
2015/12/17, , 16, 13, , 
2015/12/18, , 22, 20, , 
2015/12/19, , 19, 18, , 
2015/12/20, , 13, 26, , 
2015/12/21, , 9, 27, , 
2015/12/22, , 9, 22, , 
2015/12/23, , 12, 22, , 
2015/12/24, , 12, 24, , 
2015/12/25, , 11, 24, , 
2015/12/26, , 9, 23, , 
2015/12/27, , 14, 20, , 
2015/12/28, , 16, 28, , 
2015/12/29, , 9, 28, , 
2015/12/30, , 5, , , 
2016/1/1, , 7, 26, 3, 
2016/1/2, , 9, 27, 2, 
2016/1/3, , 4, 25, 3, 
2015/7/1, , 18, 67, , 
2015/7/2, , 28, 59, , 
2015/7/3, , 28, 44, , 
2015/7/4, , 20, 38, , 
2015/7/5, , 13, 42, , 
2015/7/6, , 6, 35, , 
2015/7/7, , 18, 28, , 
2015/7/8, , 11, 43, , 
2015/7/9, , 15, 52, , 
2015/7/10, , 15, 47, , 
2015/7/11, , 18, 39, , 
2015/7/12, , 13, 30, , 
2015/7/13, , 12, 26, , 
2015/7/14, , 8, 43, , 
2015/7/15, , 10, 60, , 
2015/7/16, , 13, 36, , 
2015/7/17, , 12, 36, , 
2015/7/18, , 7, 24, , 
2015/7/19, , 7, 21, , 
2015/7/20, , 3, 28, , 
2015/7/21, , 9, 38, , 
2015/7/22, , 11, 41, , 
2015/7/23, , 10, 39, , 
2015/7/24, , 12, 39, , 
2015/7/25, , 5, 34, , 
2015/7/26, , 5, 33, , 
2015/7/27, , 8, 33, , 
2015/7/28, , 11, 32, , 
2015/7/29, , 7, 35, , 
2015/7/30, , 9, 41, , 
2015/7/31, , 9, 52, , 
2015/8/1, , 12, 60, , 
2015/8/2, , 12, 63, , 
2015/8/3, , 15, 35, , 
2015/8/4, , 8, 43, , 
2015/8/5, , 8, 42, , 
2015/8/6, , 10, 46, , 
2015/8/7, , 14, 35, , 
2015/8/8, , 14, 43, , 
2015/8/9, , 9, 36, , 
2015/8/10, , 8, 51, , 
2015/8/11, , 11, 58, , 
2015/8/12, , 14, 41, , 
2015/8/13, , 11, 30, , 
2015/8/14, , 4, 32, , 
2015/8/15, , 8, 36, , 
2015/8/16, , 9, 36, , 
2015/8/17, , 11, 41, , 
2015/8/18, , 11, 42, , 
2015/8/19, , 10, 24, , 
2015/8/20, , 10, 33, , 
2015/8/21, , 4, 48, , 
2015/8/22, , 8, 36, , 
2015/8/23, , 6, 27, , 
2015/8/24, , 9, 27, , 
2015/8/25, , 8, 34, , 
2015/8/26, , 7, 26, , 
2015/8/27, , 3, 29, , 
2015/8/28, , 3, 39, , 
2015/8/29, , 6, 45, , 
2015/8/30, , 10, 36, , 
2015/8/31, , 12, 34, , 
2015/9/1, , 4, 35, , 
2015/9/2, , 7, 34, , 
2015/9/3, , 6, 30, , 
2015/9/4, , 6, 31, , 
2015/9/5, , 7, 31, , 
2015/9/6, , 7, 33, , 
2015/9/7, , 11, 32, , 
2015/9/8, , 9, 40, , 
2015/9/9, , 8, 43, , 
2015/9/10, , 10, 44, , 
2015/9/11, , 12, 31, , 
2015/9/12, , 6, 24, , 
2015/9/13, , 2, 29, , 
2015/9/14, , 5, 29, , 
2015/9/15, , 4, 27, , 
2015/9/16, , 3, 29, , 
2015/9/17, , 9, 25, , 
2015/9/18, , 6, 29, , 
2015/9/19, , 7, 35, , 
2015/9/20, , 7, 30, , 
2015/9/21, , 6, 28, , 
2015/9/22, , 4, 27, , 
2015/9/23, , 7, 21, , 
2015/9/24, , 6, 25, , 
2015/9/25, , 8, 33, , 
2015/9/26, , 10, 32, , 
2015/9/27, , 12, 30, , 
2015/9/28, , 9, 32, , 
2015/9/29, , 11, 30, , 
2015/9/30, , 10, 28, , 
2015/4/1, , 13, 29, , 
2015/4/2, , 10, 19, , 
2015/4/3, , 8, 25, , 
2015/4/4, , 9, 37, , 
2015/4/5, , 14, 43, , 
2015/4/6, , 19, 41, , 
2015/4/7, , 18, 44, , 
2015/4/8, , 18, 46, , 
2015/4/9, , 23, 45, , 
2015/4/10, , 17, 35, , 
2015/4/11, , 9, 38, , 
2015/4/12, , 8, 41, , 
2015/4/13, , 10, 40, , 
2015/4/14, , 10, 44, , 
2015/4/15, , 12, 44, , 
2015/4/16, , 9, 31, , 
2015/4/17, , 10, 41, , 
2015/4/18, , 17, 44, , 
2015/4/19, , 9, 48, , 
2015/4/20, , 14, 50, , 
2015/4/21, , 18, 47, , 
2015/4/22, , 21, 49, , 
2015/4/23, , 17, 33, , 
2015/4/24, , 20, 36, , 
2015/4/25, , 10, 24, , 
2015/4/26, , 6, 29, , 
2015/4/27, , 11, 30, , 
2015/4/28, , 10, 35, , 
2015/4/29, , 7, 24, , 
2015/4/30, , 4, 18, , 
2015/5/1, , 2, 24, , 
2015/5/2, , 3, 20, , 
2015/5/3, , 3, 26, , 
2015/5/4, , 5, 40, , 
2015/5/5, , 16, 37, , 
2015/5/6, , 14, 37, , 
2015/5/7, , 12, 34, , 
2015/5/8, , 10, 39, , 
2015/5/9, , 8, 36, , 
2015/5/10, , 8, 41, , 
2015/5/11, , 8, 33, , 
2015/5/12, , 15, 41, , 
2015/5/13, , 16, 35, , 
2015/5/14, , 13, 35, , 
2015/5/15, , 12, 30, , 
2015/5/16, , 11, 40, , 
2015/5/17, , 11, 40, , 
2015/5/18, , 11, 34, , 
2015/5/19, , 8, 34, , 
2015/5/20, , 7, 36, , 
2015/5/21, , 10, 41, , 
2015/5/22, , 13, 36, , 
2015/5/23, , 10, 35, , 
2015/5/24, , 11, 34, , 
2015/5/25, , 7, 38, , 
2015/5/26, , 12, 43, , 
2015/5/27, , 10, 37, , 
2015/5/28, , 9, 40, , 
2015/5/29, , 9, 38, , 
2015/5/30, , 7, 22, , 
2015/5/31, , 5, 36, , 
2015/6/1, , 10, 38, , 
2015/6/2, , 11, 31, , 
2015/6/3, , 8, 38, , 
2015/6/4, , 14, 50, , 
2015/6/5, , 17, 38, , 
2015/6/6, , 10, 47, , 
2015/6/7, , 8, 46, , 
2015/6/8, , 18, 40, , 
2015/6/9, , 17, 42, , 
2015/6/10, , 15, 47, , 
2015/6/11, , 15, 41, , 
2015/6/12, , 9, 44, , 
2015/6/13, , 9, 40, , 
2015/6/14, , 9, 45, , 
2015/6/15, , 17, 48, , 
2015/6/16, , 16, 45, , 
2015/6/17, , 12, 21, , 
2015/6/18, , 5, 43, , 
2015/6/19, , 12, 34, , 
2015/6/20, , 11, 26, , 
2015/6/21, , 5, 32, , 
2015/6/22, , 8, 34, , 
2015/6/23, , 7, 45, , 
2015/6/24, , 7, 55, , 
2015/6/25, , 9, 50, , 
2015/6/26, , 12, 39, , 
2015/6/27, , 8, 44, , 
2015/6/28, , 7, 41, , 
2015/6/29, , 8, 53, , 
2015/6/30, , 10, 68, , 
2015/1/1, , 53, 18, , 
2015/1/2, , 21, 24, , 
2015/1/3, , 11, 25, , 
2015/1/4, , 16, 18, , 
2015/1/5, , 20, 10, , 
2015/1/6, , 16, 10, , 
2015/1/7, , 15, 22, , 
2015/1/8, , 15, 23, , 
2015/1/9, , 11, 27, , 
2015/1/10, , 7, 30, , 
2015/1/11, , 13, 26, , 
2015/1/12, , 19, 23, , 
2015/1/13, , 23, 29, , 
2015/1/14, , 29, 28, , 
2015/1/15, , 30, 32, , 
2015/1/16, , 13, 20, , 
2015/1/17, , 22, 24, , 
2015/1/18, , 19, 15, , 
2015/1/19, , 17, 19, , 
2015/1/20, , 23, 15, , 
2015/1/21, , 19, 5, , 
2015/1/22, , 35, 4, , 
2015/1/23, , 41, 22, , 
2015/1/24, , 23, 22, , 
2015/1/25, , 26, 20, , 
2015/1/26, , 15, 23, , 
2015/1/27, , 17, 26, , 
2015/1/28, , 11, 31, , 
2015/1/29, , 6, 31, , 
2015/1/30, , 8, 26, , 
2015/1/31, , 7, 24, , 
2015/2/1, , 7, 25, , 
2015/2/2, , 15, 22, , 
2015/2/3, , 26, 22, , 
2015/2/4, , 18, 22, , 
2015/2/5, , 14, 19, , 
2015/2/6, , 18, 24, , 
2015/2/7, , 23, 29, , 
2015/2/8, , 18, 21, , 
2015/2/9, , 30, 20, , 
2015/2/10, , 25, 19, , 
2015/2/11, , 29, 22, , 
2015/2/12, , 53, 33, , 
2015/2/13, , 22, 30, , 
2015/2/14, , 5, 25, , 
2015/2/15, , 10, 20, , 
2015/2/16, , 19, 16, , 
2015/2/17, , 19, 18, , 
2015/2/18, , 34, 21, , 
2015/2/19, , 28, 31, , 
2015/2/20, , 13, 28, , 
2015/2/21, , 9, 29, , 
2015/2/22, , 9, 33, , 
2015/2/23, , 7, 29, , 
2015/2/24, , 12, 23, , 
2015/2/25, , 13, 21, , 
2015/2/26, , 10, 33, , 
2015/2/27, , 16, 33, , 
2015/2/28, , 14, 30, , 
2015/3/1, , 9, 34, , 
2015/3/2, , 12, 29, , 
2015/3/3, , 12, 32, , 
2015/3/4, , 13, 30, , 
2015/3/5, , 22, 35, , 
2015/3/6, , 34, 34, , 
2015/3/7, , 30, 33, , 
2015/3/8, , 32, 24, , 
2015/3/9, , 27, 18, , 
2015/3/10, , 38, 24, , 
2015/3/11, , 28, 32, , 
2015/3/12, , 33, 26, , 
2015/3/13, , 25, 25, , 
2015/3/14, , 36, 21, , 
2015/3/15, , 44, 31, , 
2015/3/16, , 36, 41, , 
2015/3/17, , 27, 20, , 
2015/3/18, , 62, 28, , 
2015/3/19, , 48, 25, , 
2015/3/20, , 64, 25, , 
2015/3/21, , 57, 28, , 
2015/3/22, , 15, 33, , 
2015/3/23, , 26, 24, , 
2015/3/24, , 28, 29, , 
2015/3/25, , 19, 24, , 
2015/3/26, , 13, 33, , 
2015/3/27, , 12, 27, , 
2015/3/28, , 6, 31, , 
2015/3/29, , 7, 33, , 
2015/3/30, , 4, 35, , 
2015/3/31, , 10, 33, , 
2014/9/30, , 10, 32, 22, 
2014/10/8, , 8, 25, , 
2014/10/9, , 14, 17, , 
2014/10/10, , 10, 26, , 
2014/10/11, , 11, 15, , 
2014/10/12, , 8, 30, , 
2014/10/13, , 7, 31, , 
2014/10/14, , 11, 18, , 
2014/10/15, , 7, 23, , 
2014/10/16, , 7, 28, , 
2014/10/17, , 8, 25, , 
2014/10/18, , 10, 25, , 
2014/10/19, , 10, 20, , 
2014/10/20, , 10, 27, , 
2014/10/21, , 14, 24, , 
2014/10/22, , 17, 23, , 
2014/10/23, , 13, 23, , 
2014/10/24, , 18, 21, , 
2014/10/25, , 15, 21, , 
2014/10/26, , 14, 21, , 
2014/10/27, , 12, 16, , 
2014/10/28, , 16, 21, , 
2014/10/29, , 15, 24, , 
2014/10/30, , 17, 22, , 
2014/10/31, , 14, 25, , 
2014/11/1, , 15, 22, , 
2014/11/2, , 8, 28, , 
2014/11/3, , 7, 25, , 
2014/11/4, , 12, 18, , 
2014/11/5, , 11, 23, , 
2014/11/6, , 6, 28, , 
2014/11/7, , 8, 27, , 
2014/11/8, , 9, 21, , 
2014/11/9, , 6, 24, , 
2014/11/10, , 9, 27, , 
2014/11/11, , 10, 26, , 
2014/11/12, , 9, 22, , 
2014/11/13, , 12, 18, , 
2014/11/14, , 10, 23, , 
2014/11/15, , 7, 26, , 
2014/11/16, , 6, 23, , 
2014/11/17, , 9, 20, , 
2014/11/18, , 11, 12, , 
2014/11/19, , 12, 6, , 
2014/11/20, , 26, 2, , 
2014/11/21, , 25, 9, , 
2014/11/22, , 24, 11, , 
2014/11/23, , 17, 16, , 
2014/11/24, , 36, 7, , 
2014/11/25, , 20, 5, , 
2014/11/26, , 20, 19, , 
2014/11/27, , 15, 16, , 
2014/11/28, , 22, 8, , 
2014/11/29, , 19, 5, , 
2014/11/30, , 8, 4, , 
2014/12/1, , 19, 1, , 
2014/12/2, , 31, 1, , 
2014/12/3, , 36, 1, , 
2014/12/4, , 23, 1, , 
2014/12/5, , 25, 16, , 
2014/12/6, , 20, 19, , 
2014/12/7, , 11, 20, , 
2014/12/8, , 18, 19, , 
2014/12/9, , 15, 22, , 
2014/12/10, , 15, 26, , 
2014/12/11, , 16, 26, , 
2014/12/12, , 18, 22, , 
2014/12/13, , 27, 17, , 
2014/12/14, , 13, 16, , 
2014/12/15, , 18, 15, , 
2014/12/16, , 13, 22, , 
2014/12/17, , 1, 24, , 
2014/12/18, , 4, 24, , 
2014/12/19, , 7, 23, , 
2014/12/20, , 4, 27, , 
2014/12/21, , 4, 26, , 
2014/12/22, , 5, 23, , 
2014/12/23, , 16, 21, , 
2014/12/24, , 13, 24, , 
2014/12/25, , 15, 18, , 
2014/12/26, , 11, 28, , 
2014/12/27, , 18, 23, , 
2014/9/17, , 11, 28, , 
2014/9/18, , 8, 30, , 
2014/9/19, , 9, 22, , 
2014/9/20, , 6, 23, , 
2014/9/21, , 8, 31, , 
2014/9/22, , 18, 31, , 
2014/9/23, , 31, 33, , 
2014/9/24, , 30, 35, , 
2014/9/25, , 8, 30, , 
2014/9/26, , 16, 37, , 
2014/9/27, , 15, 34, , 
2014/9/28, , 13, 38, , 
2014/9/29, , 18, 30, , 
2023/7/17, , , 37, 1, 
2020/2/1, , , 30, 2, 
2020/2/2, , , 24, 2, 
2019/9/2, , , 38, 5, 
2017/12/31, , , 32, 2, 
2017/9/9, , , 24, 3, 
2016/10/15, , , 30, 2, 
2016/10/16, , , 21, 6, 
2015/12/31, , , 25, 1, 
2014/12/31, , , 24, , 