date,min,max,median,q1,q3,stdev,count
2020-04-18T00:00:00.000Z,2.08,35.78,9.51,5.53,10.92,5.043,134
2020-04-19T00:00:00.000Z,0.84,257.02,10.5,2.76,14.06,17.66,534
2020-04-20T00:00:00.000Z,5.2,156.57,60.94,42.72,90.6,37.818,495
2020-04-21T00:00:00.000Z,1.81,173.72,7.48,2.9,134.04,64.415,348
2020-04-22T00:00:00.000Z,2.74,47.8,6.19,3.58,12.16,5.697,388
2020-04-23T00:00:00.000Z,10.75,38.74,19,16.28,29.35,7.472,450
2020-04-24T00:00:00.000Z,7.49,363.18,15.41,10.53,26.72,24.802,490
2020-04-25T00:00:00.000Z,11.6,49.14,25.15,16.67,35.74,10.975,461
2020-04-26T00:00:00.000Z,9.3,62.3,24.34,17.13,42.78,15.692,512
2020-04-27T00:00:00.000Z,18.76,38.68,29.65,27.2,31.45,4.024,341
2020-04-28T00:00:00.000Z,4.55,29.02,12.07,6.98,28.45,9.372,7
2020-04-29T00:00:00.000Z,1.3,3.15,3.14,1.3,3.15,0.87,3
2020-04-30T00:00:00.000Z,0.4,1.38,0.8,0.69,0.87,0.162,290
2020-05-01T00:00:00.000Z,0.1,3.27,0.65,0.5,0.92,0.463,535
2020-05-02T00:00:00.000Z,0.1,10.43,1.18,0.7,1.51,0.899,467
2020-05-03T00:00:00.000Z,0.1,16.55,1.17,0.9,1.98,1.535,487
2020-05-04T00:00:00.000Z,0.1,7.25,0.85,0.59,1.44,1.458,488
2020-05-05T00:00:00.000Z,0.25,4.04,1.23,0.77,1.86,0.734,457
2020-05-06T00:00:00.000Z,0.6,13.9,3.23,1.9,7.01,2.747,254
2020-05-07T00:00:00.000Z,1.2,10.66,7.36,2.37,8.28,3.085,352
2020-05-08T00:00:00.000Z,0.86,5.84,1.85,1.38,3.68,1.344,326
2020-05-09T00:00:00.000Z,2.65,20.36,6.02,3.9,11.86,5.364,319
2020-05-10T00:00:00.000Z,2.13,89.1,17.36,14.46,20.09,10.779,209
2020-05-11T00:00:00.000Z,1.1,3.86,1.8,1.48,2.34,0.526,335
2020-05-12T00:00:00.000Z,0.7,1.82,1.08,0.97,1.21,0.203,241
2020-05-13T00:00:00.000Z,0.79,1.94,1.26,1.13,1.42,0.215,129
2020-05-14T00:00:00.000Z,0.4,1.92,0.8,0.68,0.95,0.224,419
2020-05-15T00:00:00.000Z,0.3,3.84,1.1,0.82,1.36,0.651,489
2020-05-16T00:00:00.000Z,0.6,5.11,2.58,1.64,3.68,1.119,331
2020-05-17T00:00:00.000Z,0.35,5.91,2.35,0.77,3.91,1.71,325
2020-05-21T00:00:00.000Z,0.3,7.41,1.21,0.75,1.92,1.129,274
2020-05-22T00:00:00.000Z,1.97,5.44,2.96,2.54,3.58,0.743,516
2020-05-23T00:00:00.000Z,0.72,5.7,1.4,1.17,1.9,0.515,428
2020-05-24T00:00:00.000Z,0.56,4.08,1.14,0.93,1.37,0.421,331
2020-05-25T00:00:00.000Z,0.5,2.35,1.2,1.02,1.4,0.287,527
2020-05-26T00:00:00.000Z,0.75,2.83,1.4,1.2,1.6,0.31,502
2020-05-27T00:00:00.000Z,0.8,2.47,1.5,1.2,1.77,0.341,521
2020-05-28T00:00:00.000Z,0.4,4.03,1.2,0.8,1.65,0.768,542
2020-05-29T00:00:00.000Z,0.3,5.57,0.9,0.73,1.2,0.663,540
2020-05-30T00:00:00.000Z,0.37,4.03,0.7,0.6,1.02,0.408,557
2020-05-31T00:00:00.000Z,0.32,5.35,0.7,0.56,1.17,0.531,497
2020-06-01T00:00:00.000Z,0.2,1.65,0.68,0.5,0.85,0.238,493
2020-06-02T00:00:00.000Z,0.3,1.95,0.75,0.6,1,0.31,523
2020-06-03T00:00:00.000Z,0.6,17.52,8.32,1.86,10.27,4.536,449
2020-06-04T00:00:00.000Z,0.2,26.55,1.77,1,8.14,6.19,529
2020-06-05T00:00:00.000Z,0.15,3.87,0.8,0.6,1.02,0.599,442
2020-06-06T00:00:00.000Z,0.28,18.37,0.8,0.6,1.01,1.053,484
2020-06-07T00:00:00.000Z,0.1,3.35,1,0.6,1.42,0.686,539
2020-06-08T00:00:00.000Z,1.3,6.62,2.83,2.29,3.28,0.893,533
2020-06-09T00:00:00.000Z,0.62,9.73,3.2,1.7,6.09,2.34,492
2020-06-10T00:00:00.000Z,0.5,17.32,2.04,1.2,8.23,4.456,493
2020-06-12T00:00:00.000Z,0.17,10.93,1.4,0.6,2.89,2.615,420
2020-06-13T00:00:00.000Z,0.15,2.2,0.62,0.4,0.9,0.354,540
2020-06-14T00:00:00.000Z,0.3,31.73,1.1,0.75,2.42,2.797,332
2020-06-15T00:00:00.000Z,0.73,7.47,2.35,1.55,4.12,1.688,552
2020-06-16T00:00:00.000Z,0.4,5.75,2.1,1.17,3.8,1.441,559
2020-06-17T00:00:00.000Z,0.6,20.17,3.6,1.9,9.23,5.92,531
2020-06-18T00:00:00.000Z,0.5,19.37,2.29,1.8,4.71,3.338,488
2020-06-19T00:00:00.000Z,0.5,2.7,1.2,0.82,1.61,0.477,481
2020-06-20T00:00:00.000Z,0.52,5.2,2.08,1.2,3.33,1.253,578
2020-06-21T00:00:00.000Z,0.98,6.6,2.6,2.12,3.35,0.988,579
2020-06-22T00:00:00.000Z,0.7,14.2,1.98,1.41,3.37,1.243,552
2020-06-23T00:00:00.000Z,0.88,3.03,1.55,1.32,1.77,0.34,564
2020-06-24T00:00:00.000Z,0.73,3.78,1.83,1.5,2.37,0.575,584
2020-06-25T00:00:00.000Z,2.62,32.45,6.45,4.47,9.94,6.855,564
2020-06-26T00:00:00.000Z,0.4,44.25,3,1.25,9.43,7.018,552
2020-06-27T00:00:00.000Z,0.4,6.75,1.65,1.23,2.2,0.897,518
2020-06-28T00:00:00.000Z,0.1,8.98,0.9,0.6,1.65,0.82,444
2020-06-29T00:00:00.000Z,0.3,3.65,1,0.77,1.3,0.602,481
2020-06-30T00:00:00.000Z,0.5,11.63,3.6,1.83,5.25,2.56,466
2020-07-01T00:00:00.000Z,0.3,5.95,2.25,1.1,3.32,1.253,457
2020-07-02T00:00:00.000Z,0.9,6.12,2.1,1.55,3.65,1.246,454
2020-07-03T00:00:00.000Z,0.4,7.3,1.4,0.8,3.84,1.905,468
2020-07-04T00:00:00.000Z,0.8,23.9,6.54,3.49,9.22,3.436,492
2020-07-05T00:00:00.000Z,0.2,4.32,1.5,0.9,2.1,0.838,471
2020-07-06T00:00:00.000Z,1.08,4.75,2.7,2.22,3.1,0.65,282
2020-07-07T00:00:00.000Z,0.43,4.84,1.7,1.12,2.42,0.94,419
2020-07-08T00:00:00.000Z,0.2,9.27,1.9,1,5.09,2.6,440
2020-07-09T00:00:00.000Z,0.3,6.22,2.25,1.2,2.82,1.292,468
2020-07-10T00:00:00.000Z,0.3,19.37,0.98,0.7,2.71,2.021,408
2020-07-11T00:00:00.000Z,0.2,19.3,0.56,0.43,1.05,1.132,328
2020-07-12T00:00:00.000Z,0.2,3.12,0.6,0.4,0.85,0.336,397
2020-07-13T00:00:00.000Z,0.3,5.25,1.02,0.62,2.08,0.866,391
2020-07-14T00:00:00.000Z,0.2,10.48,1.3,0.98,2.13,2.096,432
2020-07-15T00:00:00.000Z,0.56,5,2.27,1.65,2.78,0.9,351
2020-07-16T00:00:00.000Z,0.7,10.13,2.42,1.37,6.78,2.856,319
2020-07-17T00:00:00.000Z,0.4,7.9,2.67,1.83,3.71,1.765,489
2020-07-18T00:00:00.000Z,0.9,13.68,3.1,1.7,8.73,3.862,451
2020-07-19T00:00:00.000Z,4.32,17.02,12.75,11.1,14.57,2.43,151
2020-07-20T00:00:00.000Z,0.5,7.37,1.5,1.27,3.2,1.547,165
2020-07-21T00:00:00.000Z,0.62,2.22,1.3,1.02,1.51,0.333,265
2020-07-22T00:00:00.000Z,0.65,5.9,1.1,0.9,2.02,0.738,273
2020-07-23T00:00:00.000Z,0.25,11.62,0.95,0.8,1.2,2.209,305
2020-07-24T00:00:00.000Z,0.52,19.32,2.29,1.62,5.87,4.422,383
2020-07-25T00:00:00.000Z,5,11.48,9.75,8.44,10.1,1.385,82
2020-07-26T00:00:00.000Z,0.4,4.8,1.21,0.82,2.2,0.852,444
2020-07-27T00:00:00.000Z,1.6,5.68,3.14,2.67,3.85,0.858,278
2020-07-28T00:00:00.000Z,0.52,4.93,1.8,1.12,3.1,1.086,420
2020-07-29T00:00:00.000Z,0.6,4.57,1.48,1.1,2.22,0.872,329
2020-07-30T00:00:00.000Z,0.4,22.33,1.1,0.8,1.62,1.409,362
2020-07-31T00:00:00.000Z,1.42,13.27,3.2,2.27,4.53,2.549,356
2020-08-01T00:00:00.000Z,0.4,11.85,1.48,0.9,3.55,3.016,355
2020-08-02T00:00:00.000Z,0.2,22.27,1.13,0.7,1.65,1.358,322
2020-08-03T00:00:00.000Z,0.3,4.3,0.68,0.5,1.27,0.835,343
2020-08-04T00:00:00.000Z,0.2,4.25,0.8,0.56,1.6,0.908,415
2020-08-05T00:00:00.000Z,0.2,32.08,0.93,0.6,1.67,2.316,417
2020-08-06T00:00:00.000Z,0,7.7,0.3,0.1,0.7,1.638,335
2020-08-07T00:00:00.000Z,0.4,11.57,1,0.8,1.3,1.751,411
2020-08-08T00:00:00.000Z,0.3,13.85,1,0.8,2,2.681,370
2020-08-09T00:00:00.000Z,2.27,21.55,8.85,3.53,16,6.272,427
2020-08-10T00:00:00.000Z,6,30.2,13.85,8.23,18.01,6.221,404
2020-08-11T00:00:00.000Z,3.12,35.53,12.73,7.5,23.42,9.581,441
2020-08-12T00:00:00.000Z,2.15,35.1,13.7,6.57,23.38,9.114,455
2020-08-13T00:00:00.000Z,0.3,21.95,7.8,3.13,14.03,6.133,441
2020-08-14T00:00:00.000Z,0.5,15.5,1.79,0.98,5.3,4.381,400
2020-08-15T00:00:00.000Z,0.4,18.1,1.64,1,6.7,4.642,462
2020-08-16T00:00:00.000Z,0.28,4.15,1,0.77,1.3,0.662,464
2020-08-17T00:00:00.000Z,0.6,11.95,1.29,0.9,5.99,3.349,460
2020-08-18T00:00:00.000Z,0.1,30.58,1.3,0.47,3.45,2.501,392
2020-08-19T00:00:00.000Z,0.5,8.57,2.29,1.5,3.95,1.837,436
2020-08-20T00:00:00.000Z,1.2,26.1,2.6,2,3.4,1.905,437
2020-08-21T00:00:00.000Z,3.4,9.38,5.87,5.12,6.84,1.183,436
2020-08-22T00:00:00.000Z,1.14,6.2,2.6,2.04,3.44,1.085,396
2020-08-23T00:00:00.000Z,0.6,3.75,1.5,1.2,2.46,0.811,405
2020-08-24T00:00:00.000Z,0.2,3.1,1.2,0.6,1.8,0.69,339
2020-08-25T00:00:00.000Z,1.14,5.53,3.05,2.37,3.57,0.94,369
2020-08-26T00:00:00.000Z,1.37,5.15,2.72,2.35,3.53,0.793,388
2020-08-27T00:00:00.000Z,0.9,16.37,3.2,2.12,4.28,2.24,443
2020-08-28T00:00:00.000Z,0.45,4.65,1.7,1.2,2.45,0.86,391
2020-08-29T00:00:00.000Z,0.4,2.8,1.08,0.73,1.6,0.533,408
2020-08-30T00:00:00.000Z,0.35,2.6,1,0.7,1.5,0.474,386
2020-08-31T00:00:00.000Z,0.3,2.65,0.82,0.7,1.25,0.499,390
2020-09-01T00:00:00.000Z,0.3,3.33,0.8,0.6,1.7,0.708,342
2020-09-02T00:00:00.000Z,0.4,6.12,1.8,0.8,3.47,1.575,465
2020-09-03T00:00:00.000Z,0.5,26.85,2.29,1,5.53,6.092,470
2020-09-04T00:00:00.000Z,0.2,17.52,2.22,1.4,4.5,3.385,476
2020-09-05T00:00:00.000Z,0.6,122,1.65,1.2,2.8,10.192,478
2020-09-06T00:00:00.000Z,0.4,5.78,1.7,1.2,2.2,0.745,470
2020-09-07T00:00:00.000Z,0.2,8.69,3,0.77,4.97,2.254,441
2020-09-08T00:00:00.000Z,0.55,15.13,4.43,1.2,6.35,3.09,374
2020-09-09T00:00:00.000Z,0.6,9.27,3,1.5,6.3,2.455,405
2020-09-10T00:00:00.000Z,0.73,17.3,3.22,1.3,5.71,3.414,345
2020-09-11T00:00:00.000Z,0.73,15,2.34,1.83,4.43,3.106,308
2020-09-12T00:00:00.000Z,0.5,3.6,1.6,0.88,2.04,0.783,294
2020-09-13T00:00:00.000Z,0.2,3.72,1.3,0.85,1.8,0.881,363
2020-09-14T00:00:00.000Z,0.5,6.6,1.7,1.4,3.22,1.323,287
2020-09-15T00:00:00.000Z,3.42,27.02,7.85,6.43,9.44,4.428,251
2020-09-16T00:00:00.000Z,15.68,48.97,25.5,20.46,41.34,10.94,36
2020-09-17T00:00:00.000Z,2.5,41.85,9.61,6.32,16.82,9.882,154
2020-09-18T00:00:00.000Z,1.8,19.57,5.84,3,11.02,5.025,326
2020-09-19T00:00:00.000Z,2.8,45.12,16.05,13.65,19.27,8.689,302
2020-09-20T00:00:00.000Z,6.6,43.35,26.95,18.23,32.46,9.843,236
2020-09-21T00:00:00.000Z,12.32,39.2,28.02,23.55,31.25,5.95,223
2020-09-22T00:00:00.000Z,2.4,34.1,8.8,3.6,18.79,9.339,337
2020-09-23T00:00:00.000Z,0.28,14.3,1.45,0.9,4.22,3.492,450
2020-09-24T00:00:00.000Z,0.4,5.5,2.17,1.35,2.67,0.888,454
2020-09-25T00:00:00.000Z,0.8,3.95,1.96,1.7,2.29,0.513,352
2020-09-26T00:00:00.000Z,0.43,18.45,1.14,0.9,1.37,1.134,268
2020-09-27T00:00:00.000Z,0.7,2.17,1.17,1,1.4,0.301,224
2020-09-28T00:00:00.000Z,0.9,19.73,4.25,1.75,10.95,5.082,268
2020-09-29T00:00:00.000Z,0.7,19.05,3.1,2.45,5.12,3.729,258
2020-09-30T00:00:00.000Z,1.14,9.44,3.28,2.27,4.82,1.781,391
2020-10-01T00:00:00.000Z,0,5.5,1.58,1.2,2.1,0.797,298
2020-10-02T00:00:00.000Z,0.15,4.53,1.23,0.8,1.89,0.899,261
2020-10-03T00:00:00.000Z,0.82,8.05,3.32,2.29,4.22,1.41,244
2020-10-04T00:00:00.000Z,1,5.65,2.4,1.83,3.41,0.984,232
2020-10-05T00:00:00.000Z,2.97,7.25,4.84,4.22,5.5,0.888,159
2020-10-06T00:00:00.000Z,3.8,5.47,4.65,4.4,5.4,0.574,11
2020-10-08T00:00:00.000Z,10.4,32.03,21.89,14.48,24.4,6.356,18
2020-10-09T00:00:00.000Z,0.35,4.2,1.92,1.05,2.35,0.81,202
2020-10-10T00:00:00.000Z,0.9,5,1.58,1.3,1.84,0.462,268
2020-10-11T00:00:00.000Z,0.6,2.85,1.2,1.02,1.58,0.478,239
2020-10-12T00:00:00.000Z,0.2,9.63,2.58,1.73,4.86,2.222,229
2020-10-13T00:00:00.000Z,0.37,1.77,1.1,0.9,1.37,0.35,83
2020-10-14T00:00:00.000Z,0.3,7.7,2.8,1.4,5.37,2.023,227
2020-10-15T00:00:00.000Z,0.4,2.54,1.33,1,1.62,0.428,243
2020-10-16T00:00:00.000Z,0.35,16.92,2.5,1.2,3.5,2.327,299
2020-10-17T00:00:00.000Z,2.35,49.35,12.2,5.46,15.3,5.654,301
2020-10-18T00:00:00.000Z,3.72,22.92,8.57,5.75,11.8,3.726,219
2020-10-19T00:00:00.000Z,2.8,18.92,5.6,4.05,8.22,4.41,248
2020-10-20T00:00:00.000Z,1.12,9.8,3.03,2.04,4.28,2.268,265
2020-10-21T00:00:00.000Z,0.5,17.5,2.4,1.7,3.19,1.385,289
2020-10-22T00:00:00.000Z,0.47,31.4,1.26,0.88,6.88,7.103,238
2020-10-23T00:00:00.000Z,0.5,54.35,2.29,1.6,4.84,6.456,275
2020-10-24T00:00:00.000Z,0.75,12.7,5.07,4.05,6.4,1.803,252
2020-10-25T00:00:00.000Z,0.6,15.2,2.09,1.52,2.52,1.378,174
2020-10-26T00:00:00.000Z,0.8,5.5,3.42,2.93,3.88,0.803,249
2020-10-27T00:00:00.000Z,0.2,7.07,3.74,1.83,4.37,1.702,104
2020-10-28T00:00:00.000Z,1.33,11.43,4.97,4.2,5.65,1.199,350
2020-10-29T00:00:00.000Z,2.5,28.98,5.54,4.29,6.84,3.039,236
2020-10-30T00:00:00.000Z,1.33,13.3,2.8,2.27,3.4,1.499,167
2020-10-31T00:00:00.000Z,2.83,40.03,5.32,4.8,6.27,4.59,209
2020-11-01T00:00:00.000Z,0.7,22.13,4.7,2.9,8.57,4.128,203
2020-11-02T00:00:00.000Z,1.58,26.38,3.92,3.32,4.97,2.839,260
2020-11-03T00:00:00.000Z,0.6,57.85,1.7,1.37,2.46,5.993,289
2020-11-04T00:00:00.000Z,0.43,3.78,1.07,0.8,1.88,0.765,186
2020-11-05T00:00:00.000Z,1.3,11.75,3.1,2.15,4.53,2.09,159
2020-11-06T00:00:00.000Z,4.13,30.7,10.43,6.8,15.43,5.615,223
2020-11-07T00:00:00.000Z,4.2,56.55,7.8,6.54,13.49,8.585,229
2020-11-08T00:00:00.000Z,1,25.77,6.96,4,9.19,3.971,306
2020-11-09T00:00:00.000Z,0.35,43.08,2.1,1.7,10.8,8.598,163
2020-11-10T00:00:00.000Z,0.4,31.67,2.8,1.06,7.67,6.003,197
2020-11-11T00:00:00.000Z,1.23,6.72,3.45,2.72,4.09,0.991,211
2020-11-12T00:00:00.000Z,1.02,14.73,2.82,2.2,4.15,2.459,286
2020-11-13T00:00:00.000Z,0.73,29.1,1.9,1.47,8.32,7.951,310
2020-11-14T00:00:00.000Z,3.88,28.55,8.48,5.5,11.9,3.781,331
2020-11-15T00:00:00.000Z,0.8,8.88,5.24,3.92,6.65,1.871,290
2020-11-16T00:00:00.000Z,1.5,19.63,3.75,2.92,5.01,2.342,281
2020-11-17T00:00:00.000Z,1.8,10.52,3.44,2.83,5.22,1.565,312
2020-11-18T00:00:00.000Z,0.5,16.32,4.03,2.72,4.8,1.979,367
2020-11-19T00:00:00.000Z,1.77,24.45,3.55,3,4.21,3.005,368
2020-11-20T00:00:00.000Z,1.67,18.7,3.6,2.76,4.69,3.126,197
2020-11-21T00:00:00.000Z,0.9,26.3,2.29,1.65,5.97,3.775,315
2020-11-22T00:00:00.000Z,1.7,26.45,4.09,2.9,7.96,3.76,304
2020-11-23T00:00:00.000Z,1.2,24.4,4.4,3.03,6.44,4.557,273
2020-11-24T00:00:00.000Z,2.95,74.09,13.98,6.71,42.59,20.663,289
2020-11-25T00:00:00.000Z,0.4,9.75,2.88,1.27,7.47,2.99,298
2020-11-26T00:00:00.000Z,4.97,48.8,24.88,16.75,37.97,12.312,285
2020-11-27T00:00:00.000Z,17.35,76.97,35.72,30.38,50.28,14.999,277
2020-11-28T00:00:00.000Z,2.47,41.83,9.5,5.83,29.99,13.577,285
2020-11-29T00:00:00.000Z,0.8,33.25,7.97,3.13,10.53,9.593,281
2020-11-30T00:00:00.000Z,0.6,34.35,15.65,2.49,21.01,9.692,252
2020-12-01T00:00:00.000Z,1.05,38.9,2.65,1.8,5.25,6.484,219
2020-12-02T00:00:00.000Z,0.93,11.65,2.38,1.7,3.05,1.429,223
2020-12-03T00:00:00.000Z,0.3,8.43,1.4,1.17,1.83,0.865,226
2020-12-04T00:00:00.000Z,0.2,43.35,1,0.7,1.54,4.524,264
2020-12-05T00:00:00.000Z,0.45,13.23,1.92,1.58,2.42,1.137,251
2020-12-06T00:00:00.000Z,0.7,11.9,2.15,1.6,2.78,1.548,342
2020-12-07T00:00:00.000Z,1.2,15.43,7.4,3.23,10.75,4.04,285
2020-12-08T00:00:00.000Z,0.4,27.23,3.03,1.17,5.07,3.458,275
2020-12-09T00:00:00.000Z,1.1,59.78,2.2,1.75,3.55,6.208,250
2020-12-10T00:00:00.000Z,0.65,29.55,2.5,1.65,3.3,2.256,255
2020-12-11T00:00:00.000Z,1.05,9.88,3.95,2.9,5.13,1.616,302
2020-12-12T00:00:00.000Z,1.3,57.4,2.5,2,3.57,6.142,309
2020-12-13T00:00:00.000Z,0.1,74.22,4.63,2.92,7.78,8.026,299
2020-12-14T00:00:00.000Z,1.33,25,5.9,3.97,7.52,3.581,281
2020-12-15T00:00:00.000Z,0.56,9.44,2.4,1.63,3.13,1.112,303
2020-12-16T00:00:00.000Z,0.85,94.65,4.13,3.35,5.45,5.92,303
2020-12-17T00:00:00.000Z,1.02,22.25,2.92,2.15,4.45,2.824,274
2020-12-18T00:00:00.000Z,0.9,11.52,3.32,2.72,4.05,1.073,298
2020-12-19T00:00:00.000Z,1.67,11.73,5.28,4.65,5.95,1.236,263
2020-12-20T00:00:00.000Z,0.95,16.17,3.3,2.6,4.38,2.062,195
2020-12-21T00:00:00.000Z,1.2,29.92,6.3,2.95,9.15,3.787,283
2020-12-22T00:00:00.000Z,0.9,69.97,4.7,3.08,6.37,4.899,276
2020-12-23T00:00:00.000Z,1.12,7.03,4.05,3.4,5.03,1.219,240
2020-12-24T00:00:00.000Z,0.47,4.32,1.38,1.1,1.7,0.652,270
2020-12-25T00:00:00.000Z,0.3,29.83,1.4,1.05,2.54,3.256,295
2020-12-26T00:00:00.000Z,0.15,8.93,1.5,0.9,1.92,0.902,278
2020-12-27T00:00:00.000Z,0.8,11.27,3.09,1.92,5.18,2.485,282
2020-12-28T00:00:00.000Z,1.05,7.5,3.33,2.22,4.38,1.353,278
2020-12-29T00:00:00.000Z,0.3,3.6,1.65,1.3,2.13,0.651,281
2020-12-30T00:00:00.000Z,0.6,6.03,1.57,1.27,2.08,0.876,274
2020-12-31T00:00:00.000Z,0.2,23.17,1.1,0.8,1.52,2.648,167
2021-01-01T00:00:00.000Z,0.8,14.85,3.97,2.04,5.24,2.145,264
2021-01-02T00:00:00.000Z,0.28,18.98,2.5,1.19,4.34,2.467,265
2021-01-03T00:00:00.000Z,0.3,11.02,2.1,1.1,3.66,2.928,249
2021-01-04T00:00:00.000Z,1,16.52,8.07,6.07,10.77,3.839,215
2021-01-05T00:00:00.000Z,0.6,23.1,7.18,1.94,17.2,7.57,261
2021-01-06T00:00:00.000Z,8.5,79.25,13.43,11,20.52,7.865,242
2021-01-07T00:00:00.000Z,5.6,87.3,21.25,14.27,30.85,11.046,271
2021-01-08T00:00:00.000Z,6.45,73.28,21.05,17.82,27.1,7.862,283
2021-01-09T00:00:00.000Z,4.93,38.4,9.13,7.47,16.57,9.565,282
2021-01-10T00:00:00.000Z,2.4,44.85,5.43,3.8,7.57,4.029,275
2021-01-11T00:00:00.000Z,0.2,70.53,2.29,1,5,4.72,255
2021-01-12T00:00:00.000Z,0.6,3.13,1.42,1.1,1.75,0.475,265
2021-01-13T00:00:00.000Z,1,6.1,2.22,1.9,2.75,0.753,251
2021-01-14T00:00:00.000Z,0.2,5.75,1.84,1.25,2.22,0.926,242
2021-01-15T00:00:00.000Z,0.82,26.25,2.24,1.8,4.5,6.604,274
2021-01-16T00:00:00.000Z,0.2,10.19,2.1,1.42,3.53,1.727,231
2021-01-17T00:00:00.000Z,1.5,19.14,3.03,2.42,3.53,2.091,227
2021-01-18T00:00:00.000Z,0.22,18.95,4.43,2.42,6.62,3.575,232
2021-01-19T00:00:00.000Z,0.7,36.72,5.62,1.4,11.48,8.228,210
2021-01-20T00:00:00.000Z,0.93,19.8,4.4,3.6,5.56,2.451,265
2021-01-21T00:00:00.000Z,0.3,32.42,2.22,1.6,4.09,5.081,244
2021-01-22T00:00:00.000Z,0.1,19.92,1.3,0.85,2.17,2.877,247
2021-01-23T00:00:00.000Z,0.2,37.38,1.52,1,3.1,3.021,247
2021-01-24T00:00:00.000Z,0.1,14.35,1.2,0.82,1.73,3.04,278
2021-01-25T00:00:00.000Z,0.5,33.38,1.7,1.2,3.53,4.405,235
2021-01-26T00:00:00.000Z,0.85,84.5,3.65,2.2,7.18,10.721,255
2021-01-27T00:00:00.000Z,0.2,37.63,4.8,2.45,9.41,5.924,229
2021-01-28T00:00:00.000Z,1.1,20.73,7.6,4.41,10.1,3.601,273
2021-01-29T00:00:00.000Z,0.5,53.03,8.05,5.25,9.3,5.692,210
2021-01-30T00:00:00.000Z,0.73,16.02,7.1,3.75,9.98,3.957,242
2021-01-31T00:00:00.000Z,0.43,33.75,8.15,3.17,11.15,5.053,259
2021-02-01T00:00:00.000Z,0.3,106.8,2.8,1.83,7.1,9.21,211
2021-02-02T00:00:00.000Z,2.2,31.5,12.14,10.68,13.8,3.881,234
2021-02-03T00:00:00.000Z,0.4,30.3,4.97,1.92,10.24,5.584,136
2021-02-04T00:00:00.000Z,0.63,23.52,2.69,1.65,4.23,3.801,264
2021-02-05T00:00:00.000Z,0.25,12.98,2.7,1.34,3.4,1.804,237
2021-02-06T00:00:00.000Z,0.56,29.9,1.5,1.04,2.29,3.105,244
2021-02-07T00:00:00.000Z,0.52,13.68,2.79,1.35,3.7,1.681,238
2021-02-08T00:00:00.000Z,2,28.85,3.07,2.63,5.5,3.184,262
2021-02-09T00:00:00.000Z,8.85,43.17,19.5,12.1,26.35,7.271,239
2021-02-10T00:00:00.000Z,6.9,30.98,16.32,9.65,24.02,7.394,239
2021-02-11T00:00:00.000Z,6.95,37.9,17.17,13.04,19.89,5.341,189
2021-02-12T00:00:00.000Z,8.23,37.45,17.61,14.9,20.7,4.708,266
2021-02-13T00:00:00.000Z,8.52,39.92,13.51,10.68,27.04,8.571,248
2021-02-14T00:00:00.000Z,4.43,39.78,18.89,9.47,29.44,10.632,241
2021-02-15T00:00:00.000Z,1.9,21,6.37,4.84,8.23,3.233,246
2021-02-16T00:00:00.000Z,2.33,79.3,7.28,5.25,9.07,6.121,227
2021-02-17T00:00:00.000Z,2.1,9.93,5.95,4.43,7.18,1.697,232
2021-02-18T00:00:00.000Z,0.7,94.3,3.15,1.4,4.22,7.376,271
2021-02-19T00:00:00.000Z,1.42,9.94,3.25,2.63,3.88,1.035,223
2021-02-20T00:00:00.000Z,1.14,13.45,8.25,7.35,9.23,2.108,243
2021-02-21T00:00:00.000Z,0.6,21.58,4.03,2.2,9.71,4.444,249
2021-02-22T00:00:00.000Z,0.4,33.1,1.5,0.95,3.53,4.101,214
2021-02-23T00:00:00.000Z,0.77,13.63,3.37,1.94,4.2,1.517,228
2021-02-24T00:00:00.000Z,0.75,9.5,1.72,1.38,3.1,1.546,230
2021-02-25T00:00:00.000Z,1.2,27.07,3.6,2.75,4.63,2.644,226
2021-02-26T00:00:00.000Z,0.8,4.45,2.22,1.7,2.54,0.612,225
2021-02-27T00:00:00.000Z,1.45,13.35,3.6,2.78,5.75,2.442,262
2021-02-28T00:00:00.000Z,3.25,34.78,20.92,11.3,28.42,9.576,255
2021-03-01T00:00:00.000Z,5.38,22.67,16.55,8.05,17.98,4.975,231
2021-03-02T00:00:00.000Z,11.43,41.53,17.3,14.25,21.08,5.47,242
2021-03-03T00:00:00.000Z,4.03,36.5,11.19,9.44,16.39,6.012,218
2021-03-04T00:00:00.000Z,3.53,41.08,19.05,14.77,27.97,9.139,224
2021-03-05T00:00:00.000Z,1.52,42.88,8.31,3.29,17.28,12.669,248
2021-03-06T00:00:00.000Z,7.3,28.5,11.57,9.85,14.15,2.605,235
2021-03-07T00:00:00.000Z,13.68,20.25,16.66,15.25,17.64,1.648,50
2021-03-08T00:00:00.000Z,7.38,36.7,11.95,9.1,13.45,3.708,238
2021-03-09T00:00:00.000Z,15.18,60.35,20,18.48,23.4,5.342,254
2021-03-10T00:00:00.000Z,1.75,18.63,6,3.88,10.5,4.162,231
2021-03-11T00:00:00.000Z,0.95,12.8,4.96,3.9,7.45,2.424,234
2021-03-12T00:00:00.000Z,2.27,13.27,4.2,3.47,5.15,1.604,246
2021-03-13T00:00:00.000Z,0.4,10.45,3.04,2.47,5.3,2.337,250
2021-03-14T00:00:00.000Z,1.2,6.35,2.8,2.13,3.65,1.211,241
2021-03-15T00:00:00.000Z,1.1,7.93,2.6,2.1,3.61,1.306,216
2021-03-16T00:00:00.000Z,1.9,11.5,4.97,3.58,6.35,1.9,228
2021-03-17T00:00:00.000Z,2.1,10.88,4.9,3.95,6.7,1.796,245
2021-03-18T00:00:00.000Z,2.7,12.38,4.78,4.13,6.95,2.415,233
2021-03-19T00:00:00.000Z,0.4,11.93,2.6,1.14,6.57,3.468,224
2021-03-20T00:00:00.000Z,0.6,16.92,3.85,3.32,8.32,3.366,217
2021-03-21T00:00:00.000Z,3.6,17.88,8.23,7.13,11.4,2.754,211
2021-03-22T00:00:00.000Z,4.2,25.23,9.03,6.18,20.27,7.072,222
2021-03-23T00:00:00.000Z,6.4,20.83,11.72,9.25,16.02,3.928,286
2021-03-24T00:00:00.000Z,0.85,26.67,5.53,2.22,10.15,4.069,179
2021-03-25T00:00:00.000Z,0.8,23.05,2.29,1.35,3.44,1.962,204
2021-03-26T00:00:00.000Z,0.85,5.68,2.25,1.95,2.78,0.787,152
2021-03-27T00:00:00.000Z,1.5,8.18,2.67,2.29,3.32,1.145,148
2021-03-28T00:00:00.000Z,1,16.67,1.91,1.42,3.08,1.787,106
2021-03-29T00:00:00.000Z,1.33,13.07,3.41,2.06,6.55,2.756,192
2021-03-30T00:00:00.000Z,2.72,5.75,3.7,3.3,4.32,0.678,205
2021-03-31T00:00:00.000Z,3.4,16.75,5.19,4.32,6.07,1.934,190
2021-04-01T00:00:00.000Z,1.77,22.52,4.84,3.12,6.19,3.824,173
2021-04-02T00:00:00.000Z,1.58,42,5.03,4,21.5,10.349,202
2021-04-03T00:00:00.000Z,1.55,5.3,3.55,3.17,4.05,0.831,208
2021-04-04T00:00:00.000Z,3.67,12.9,6.78,5.25,8.75,2.281,197
2021-04-05T00:00:00.000Z,1.27,14.32,3.43,2.17,9.23,3.737,142
2021-04-06T00:00:00.000Z,0.7,3.08,1.3,1.08,1.6,0.459,234
2021-04-07T00:00:00.000Z,0.47,4.53,1.1,0.81,1.33,0.576,160
2021-04-08T00:00:00.000Z,0.93,7.65,2.04,1.6,2.91,1.059,180
2021-04-09T00:00:00.000Z,3.3,13.82,7.72,6.05,9.69,2.372,132
2021-04-10T00:00:00.000Z,1.25,22.15,4.05,2.65,7.2,5.685,162
2021-04-11T00:00:00.000Z,1.38,13.1,4.71,2.9,7.88,2.825,106
2021-04-12T00:00:00.000Z,0.5,27.7,1.1,0.7,1.35,3.337,81
2021-04-13T00:00:00.000Z,1.02,7.25,2.5,2.04,4.8,1.821,110
2021-04-14T00:00:00.000Z,3.9,8.88,5.93,4.82,7.38,1.333,101
2021-04-15T00:00:00.000Z,0.7,20.2,3.18,1.5,6.43,3.965,54
2021-04-16T00:00:00.000Z,2.88,15.75,13.35,10.45,14.71,3.78,25
2021-04-17T00:00:00.000Z,3.85,15.6,8.05,6.6,9.19,2.923,147
2021-04-18T00:00:00.000Z,1.5,9.27,3.79,2.5,4.84,1.931,134
2021-04-19T00:00:00.000Z,2.54,11.35,4.18,3.55,6.2,1.779,126
2021-04-20T00:00:00.000Z,4.38,13.1,7.7,5.97,10.95,2.527,116
2021-04-21T00:00:00.000Z,2.7,53.3,11.6,4.47,14.38,11.957,111
2021-04-22T00:00:00.000Z,4.59,53.13,15.67,13.14,44.14,17.081,116
2021-04-23T00:00:00.000Z,1.05,14.9,3.17,1.77,4.8,2.439,85
2021-04-24T00:00:00.000Z,1.4,9.69,2.76,2,3.49,2.507,120
2021-04-25T00:00:00.000Z,4.47,11.38,7,6.3,8.35,1.697,90
2021-04-26T00:00:00.000Z,2.1,8.77,4.2,3.47,5.28,1.772,78
2021-04-27T00:00:00.000Z,1.83,15.15,6.6,3,10.77,3.982,80
2021-04-28T00:00:00.000Z,0.3,22.25,2.8,0.98,11.5,7.318,79
2021-04-29T00:00:00.000Z,2.29,27.3,7.29,3.08,11.29,6.276,84
2021-04-30T00:00:00.000Z,2.52,11.73,4.07,3.6,5.01,2.345,73
2021-05-01T00:00:00.000Z,0.5,8.65,1.4,1.1,1.8,1.364,70
2021-05-02T00:00:00.000Z,0.6,4.38,1,0.9,1.41,0.962,76
2021-05-03T00:00:00.000Z,0.3,9.43,1.3,0.6,2.1,1.655,55
2021-05-04T00:00:00.000Z,1,5.97,2,1.58,2.2,0.78,77
2021-05-05T00:00:00.000Z,0.7,6.8,1.25,1.1,1.51,0.81,85
2021-05-06T00:00:00.000Z,0.4,14.93,2.35,1.17,5.03,2.502,67
2021-05-07T00:00:00.000Z,0.7,21.25,2.35,1.46,12.72,7.078,77
2021-05-08T00:00:00.000Z,2.42,6.65,3.42,3.08,4.88,1.223,80
2021-05-09T00:00:00.000Z,0.73,8.43,2.5,1.2,4.22,1.895,77
2021-05-10T00:00:00.000Z,0.9,3.78,1.83,1.5,2.33,0.613,79
2021-05-11T00:00:00.000Z,1.2,5.45,3.18,2.27,3.97,1.082,74
2021-05-12T00:00:00.000Z,0.25,25.13,2.04,1.14,2.67,2.906,75
2021-05-13T00:00:00.000Z,0.7,5.25,1.33,1.12,1.67,0.623,97
2021-05-14T00:00:00.000Z,0.82,11.02,1.57,1.29,2.16,1.489,88
2021-05-15T00:00:00.000Z,1.12,9.19,5.5,4.01,6.77,2.143,80
2021-05-16T00:00:00.000Z,4.18,6.78,5.39,5.03,5.77,0.57,84
2021-05-17T00:00:00.000Z,1.4,5.4,3,2.65,3.65,0.656,71
2021-05-18T00:00:00.000Z,0.9,2.85,1.6,1.37,1.8,0.405,72
2021-05-19T00:00:00.000Z,0.43,2.4,0.81,0.68,1.3,0.489,98
2021-05-20T00:00:00.000Z,1.2,9.23,6.55,2.64,7.68,2.476,81
2021-05-21T00:00:00.000Z,2.6,5.7,4.05,3.55,4.53,0.661,96
2021-05-22T00:00:00.000Z,0.43,3.53,1.29,1,1.54,0.451,84
2021-05-23T00:00:00.000Z,0.88,7.9,2.4,1.67,3.78,1.766,97
2021-05-24T00:00:00.000Z,1.5,4.97,2.75,2.42,3.12,0.633,109
2021-05-25T00:00:00.000Z,2.85,11.4,5.99,5.19,7.34,1.702,80
2021-05-26T00:00:00.000Z,0.7,27.95,4.57,2.33,6.13,3.248,108
2021-05-27T00:00:00.000Z,0.2,5.15,1.19,0.88,3.45,1.343,90
2021-05-28T00:00:00.000Z,0.6,3.65,1.5,0.8,2.89,1.012,112
2021-05-29T00:00:00.000Z,1.1,12.6,2.79,2.4,5.07,1.99,82
2021-05-30T00:00:00.000Z,1.3,17.89,2.58,1.94,11.23,5.542,97
2021-05-31T00:00:00.000Z,1.2,15.93,2.08,1.5,2.49,1.776,89
2021-06-01T00:00:00.000Z,1.17,8.38,3,1.95,5.15,1.725,107
2021-06-02T00:00:00.000Z,6.38,25.05,9.65,8.07,15.21,4.319,89
2021-06-03T00:00:00.000Z,0.9,3.08,1.51,1.25,1.83,0.515,48
2021-06-10T00:00:00.000Z,0.93,12.68,1.54,1.39,2.24,2.389,96
2021-06-11T00:00:00.000Z,0.4,12.93,3,1.12,5.7,2.608,107
2021-06-12T00:00:00.000Z,1.1,24.85,2.27,1.75,2.78,3.978,98
2021-06-13T00:00:00.000Z,1.4,5.32,2.47,1.95,3.38,0.883,103
2021-06-14T00:00:00.000Z,1.3,16.07,3.79,2.23,4.59,2.124,116
2021-06-15T00:00:00.000Z,0.7,5.09,1.54,1,1.91,1.028,108
2021-06-16T00:00:00.000Z,2.7,15.23,6.07,4.75,10.23,3.16,111
2021-06-17T00:00:00.000Z,0.93,5.4,1.92,1.5,2.47,0.756,131
2021-06-18T00:00:00.000Z,1.63,9.02,3.57,2.58,4.93,1.631,164
2021-06-19T00:00:00.000Z,1.95,8.9,4.3,3.58,5.18,1.291,196
2021-06-20T00:00:00.000Z,1.35,9.55,3.25,2.15,5.85,2.185,183
2021-06-21T00:00:00.000Z,0.3,7.55,1.2,0.9,5.17,2.203,148
2021-06-22T00:00:00.000Z,1.4,9.27,5.4,4.63,6.53,1.611,134
2021-06-23T00:00:00.000Z,1.33,11.45,2.67,1.9,5.13,2.477,163
2021-06-24T00:00:00.000Z,0.4,18.64,4.88,1.45,9.72,4.465,172
2021-06-25T00:00:00.000Z,0.47,12.2,2.72,1.6,6.09,2.761,176
2021-06-26T00:00:00.000Z,0.77,3.25,1.75,1.37,2.2,0.566,177
2021-06-27T00:00:00.000Z,0.1,4.55,0.6,0.35,1.58,1.065,182
2021-06-28T00:00:00.000Z,0.3,3.2,1.2,0.8,1.73,0.736,150
2021-06-29T00:00:00.000Z,9.02,26.5,14.52,11.47,17.2,3.853,173
2021-06-30T00:00:00.000Z,2.1,34.42,5.99,4.65,20.65,10.525,150
2021-07-01T00:00:00.000Z,4.59,23.8,11.9,8.63,17.43,4.737,157
2021-07-02T00:00:00.000Z,3.55,31.05,10.18,5.85,19.8,7.484,238
2021-07-03T00:00:00.000Z,1.35,12.13,3.1,2.4,5.35,2.09,317
2021-07-04T00:00:00.000Z,1.1,8.32,2.69,1.88,5.3,2.157,302
2021-07-05T00:00:00.000Z,0.6,6.43,3.15,2.17,4.51,1.459,240
2021-07-06T00:00:00.000Z,0.8,6.82,3.55,2.04,4.68,1.599,285
2021-07-07T00:00:00.000Z,1.2,11.35,5.78,4.72,6.5,1.782,255
2021-07-08T00:00:00.000Z,1,12.48,5.25,3.1,10.5,3.566,283
2021-07-09T00:00:00.000Z,0.6,12.4,1.6,1.2,6.65,3.436,324
2021-07-10T00:00:00.000Z,0.6,14.1,3.89,2.29,6.15,3.163,322
2021-07-11T00:00:00.000Z,0.5,15.88,6.28,3.19,10.34,4.054,349
2021-07-12T00:00:00.000Z,0.73,12.95,3.53,1.45,8.35,3.698,254
2021-07-13T00:00:00.000Z,3.3,18.6,8.25,6.92,11.98,3.901,225
2021-07-14T00:00:00.000Z,0.85,21.45,5.47,1.82,9.88,5.003,240
2021-07-15T00:00:00.000Z,1.02,19.88,4.8,3.21,7.29,5.312,292
2021-07-16T00:00:00.000Z,1.05,12.5,5.88,2.1,7.63,3.126,258
2021-07-17T00:00:00.000Z,1.02,9.57,2.2,1.7,6.31,2.395,321
2021-07-18T00:00:00.000Z,2.08,16.45,5.6,3.13,11.75,4.501,261
2021-07-19T00:00:00.000Z,2.2,7.4,3.9,3.5,4.3,0.812,241
2021-07-20T00:00:00.000Z,3.2,8.25,5.4,3.85,6.78,1.489,234
2021-07-21T00:00:00.000Z,4.13,16.39,9.35,8.19,11.24,2.834,284
2021-07-22T00:00:00.000Z,6.25,29.4,8.77,7.43,9.6,2.112,235
2021-07-23T00:00:00.000Z,3.85,22.85,9.94,6.72,13.58,4.773,280
2021-07-24T00:00:00.000Z,4.25,29.33,12.55,7.96,17.57,6.153,280
2021-07-25T00:00:00.000Z,9.23,36.92,21.5,12.93,27.08,7.948,295
2021-07-26T00:00:00.000Z,6.53,41.25,14.55,10.5,29.63,10.152,321
2021-07-27T00:00:00.000Z,1,20.98,3.92,2.38,16.17,6.993,330
2021-07-28T00:00:00.000Z,0.77,5.53,1.98,1.59,2.7,0.965,293
2021-07-29T00:00:00.000Z,0.55,8.77,2.75,1.37,4.57,1.89,297
2021-07-30T00:00:00.000Z,1.52,6.03,4.17,3.2,4.65,1.061,242
2021-07-31T00:00:00.000Z,0.22,4.55,2.1,1.06,3.28,1.187,232
2021-08-01T00:00:00.000Z,1.2,10.05,3.32,1.88,6.78,2.522,238
2021-08-02T00:00:00.000Z,1.5,14.3,3.71,2.4,9.57,3.644,238
2021-08-03T00:00:00.000Z,1.4,10.65,4.93,3.53,6.93,2.035,251
2021-08-04T00:00:00.000Z,0.98,17.67,2.47,1.8,4.07,3.471,215
2021-08-05T00:00:00.000Z,1.6,18.07,5.05,3.87,6.22,4.103,252
2021-08-06T00:00:00.000Z,0.5,14.1,2.78,2.29,4.3,1.656,309
2021-08-07T00:00:00.000Z,1,7.32,2.87,2.27,3.4,1.204,308
2021-08-08T00:00:00.000Z,1.5,6.57,3.15,2.6,3.88,1.037,260
2021-08-09T00:00:00.000Z,1.1,5.09,2.54,1.94,3.26,0.935,124
2021-08-10T00:00:00.000Z,1.45,8.4,3.63,2.84,4.9,1.38,141
2021-08-11T00:00:00.000Z,2.7,10.57,4.67,3.9,5.45,1.549,88
2021-08-12T00:00:00.000Z,1.2,8.38,4.59,2.83,5.72,1.645,131
2021-08-13T00:00:00.000Z,2.38,6.45,4.13,3.6,4.69,0.797,273
2021-08-14T00:00:00.000Z,4.65,5.6,5.05,4.88,5.16,0.25,9
2021-08-15T00:00:00.000Z,1.8,10.8,4.09,3.13,5.5,1.539,194
2021-08-16T00:00:00.000Z,1.4,10.77,4.59,3.6,6.07,2.051,480
2021-08-17T00:00:00.000Z,0.4,10.07,1.7,1,7.32,3.342,398
2021-08-18T00:00:00.000Z,0.6,3.5,1.88,1.38,2.29,0.677,380
2021-08-19T00:00:00.000Z,0.9,10.75,3.53,2.02,6.25,2.368,484
2021-08-20T00:00:00.000Z,0.2,16.13,1.12,0.5,11.45,6.002,362
2021-08-21T00:00:00.000Z,1.33,11.13,4.05,3.45,4.82,2.033,375
2021-08-22T00:00:00.000Z,0.82,5.6,2.85,2.1,3.83,1.057,271
2021-08-23T00:00:00.000Z,1.27,12.13,7.7,2.29,9.02,3.383,250
2021-08-24T00:00:00.000Z,2.7,16.82,9.32,4.18,12.8,4.382,143
2021-08-25T00:00:00.000Z,2.1,8.02,2.86,2.58,3.55,0.947,48
2021-08-26T00:00:00.000Z,1.08,3.7,2.2,1.42,2.58,0.752,43
2021-08-27T00:00:00.000Z,2.9,7.9,4.29,3.7,7.01,1.7,40
2021-08-28T00:00:00.000Z,1.23,8.85,6.15,2.6,7.39,2.33,220
2021-08-29T00:00:00.000Z,1.4,15.93,6.38,2.47,12.47,4.973,349
2021-08-30T00:00:00.000Z,1.02,9.3,4.03,2.29,6.47,2.238,507
2021-08-31T00:00:00.000Z,1.38,13.75,6.49,3.22,10.57,3.833,488
2021-09-01T00:00:00.000Z,2.52,17.45,8.13,6.38,11.73,3.874,485
2021-09-02T00:00:00.000Z,5.3,27.15,13.8,9.9,16.92,5.18,383
2021-09-03T00:00:00.000Z,10.07,34.25,27.35,16.27,29.67,7.108,277
2021-09-04T00:00:00.000Z,3.85,43.43,18.38,11.65,23.63,6.998,367
2021-09-05T00:00:00.000Z,4.75,38.08,15.87,11.02,19.6,6.992,279
2021-09-06T00:00:00.000Z,2,20.05,4.88,2.8,6.02,5.088,236
2021-09-07T00:00:00.000Z,2.72,15.73,3.63,3.3,3.88,1.316,192
2021-09-08T00:00:00.000Z,2.72,4.88,3.8,2.72,4.88,1.08,2
2021-09-09T00:00:00.000Z,7.68,8.55,8.11,7.68,8.55,0.435,2
2021-09-10T00:00:00.000Z,0.98,0.98,0.98,0.98,0.98,0,1
2021-09-11T00:00:00.000Z,0.6,5.47,1.3,0.98,1.8,0.684,226
2021-09-12T00:00:00.000Z,0.6,6.2,2.1,1.19,2.92,1.251,536
2021-09-13T00:00:00.000Z,0.95,8.69,2.21,1.74,3.38,1.762,560
2021-09-14T00:00:00.000Z,2.88,25.95,8.43,5.73,10.8,5.177,355
2021-09-15T00:00:00.000Z,5.7,54.38,20.98,14.76,26.72,10.137,557
2021-09-16T00:00:00.000Z,0.13,56.22,2.9,0.6,23.08,14.829,547
2021-09-17T00:00:00.000Z,0.3,16.27,3,0.9,8.9,4.205,532
2021-09-18T00:00:00.000Z,0.13,9.65,3.85,1.77,5.6,2.341,541
2021-09-19T00:00:00.000Z,1.4,2.75,1.88,1.67,2,0.283,28
2021-09-20T00:00:00.000Z,1.35,4.34,2.78,1.9,3.2,0.786,70
2021-09-21T00:00:00.000Z,1.2,24.45,6.28,2.47,10.43,5.381,362
2021-09-22T00:00:00.000Z,7.1,38.45,18.92,10.6,23,6.804,387
2021-09-23T00:00:00.000Z,0.7,44.78,1.86,1.3,4.09,11.954,370
2021-09-24T00:00:00.000Z,0.3,10.82,2.95,1,5.25,2.671,371
2021-09-25T00:00:00.000Z,3.7,14.1,7.4,5.7,8.68,2.273,391
2021-09-26T00:00:00.000Z,0.7,26.67,2.42,1.35,5.65,7.254,343
2021-09-27T00:00:00.000Z,0.93,4.3,2.02,1.6,2.62,0.704,325
2021-09-28T00:00:00.000Z,0.65,6.72,2.13,1.55,2.95,1.075,363
2021-09-29T00:00:00.000Z,0.52,24.75,1.3,1.02,1.6,1.528,385
2021-09-30T00:00:00.000Z,0.85,3.25,2.25,1.81,2.83,0.637,36
2021-10-05T00:00:00.000Z,1.12,2.35,1.77,1.58,1.95,0.27,83
2021-10-06T00:00:00.000Z,0.68,14.75,1.4,1.2,2.02,1.73,386
2021-10-07T00:00:00.000Z,0.2,15.02,1.51,0.8,5.65,3.068,334
2021-10-08T00:00:00.000Z,0.8,14.2,2.08,1.42,3.35,2.831,386
2021-10-09T00:00:00.000Z,1.4,32.25,5.77,3.7,11.23,6.939,386
2021-10-10T00:00:00.000Z,5.93,53.78,19.45,11.9,37.45,15.353,387
2021-10-11T00:00:00.000Z,1.14,31.2,2.6,1.9,13.93,10.402,363
2021-10-12T00:00:00.000Z,1.7,10.07,2.83,2.29,3.7,1.571,374
2021-10-13T00:00:00.000Z,1,13.73,4.34,1.7,9.88,3.999,398
2021-10-14T00:00:00.000Z,0.56,30.3,1.45,1.1,3.42,7.752,363
2021-10-15T00:00:00.000Z,2.57,45.6,18.07,6.4,25.82,11.083,388
2021-10-16T00:00:00.000Z,1.67,37.4,11.45,3.92,17.35,10.256,383
2021-10-17T00:00:00.000Z,1.7,42.85,12.4,4.2,20.05,11.754,365
2021-10-18T00:00:00.000Z,0.4,52.72,12.48,5.03,22.98,10.201,349
2021-10-19T00:00:00.000Z,7.18,29.25,19.75,11.65,22.2,6.014,374
2021-10-20T00:00:00.000Z,1.02,9.27,3.92,3.15,5.88,1.762,392
2021-10-21T00:00:00.000Z,0.3,5.35,2.1,1.4,2.83,1.056,354
2021-10-22T00:00:00.000Z,0.5,12.65,1.3,0.99,1.98,1.547,389
2021-10-23T00:00:00.000Z,0.8,14.9,2.8,1.88,4.45,1.648,374
2021-10-24T00:00:00.000Z,0.5,28.38,3.14,2.25,5.6,3.205,354
2021-10-25T00:00:00.000Z,0.73,11.63,2.94,1.67,5.35,2.227,366
2021-10-26T00:00:00.000Z,1.1,54.25,2.9,1.9,4.22,5.589,347
2021-10-27T00:00:00.000Z,0.77,12.68,2.6,1.95,3.08,1.597,363
2021-10-28T00:00:00.000Z,2.17,8.19,4.05,3.15,5.57,1.49,355
2021-10-29T00:00:00.000Z,1,5,2,1.63,2.42,0.551,374
2021-10-30T00:00:00.000Z,0.3,15.75,1.15,0.82,1.65,1.501,388
2021-10-31T00:00:00.000Z,0.6,744.78,2.52,2.1,3.05,45.77,358
2021-11-01T00:00:00.000Z,0.2,20.02,1.38,0.98,1.88,2.194,343
2021-11-02T00:00:00.000Z,0.2,80.18,2,0.77,10.45,14.424,309
2021-11-03T00:00:00.000Z,0.2,43.28,1.38,0.76,2.93,4.003,344
2021-11-04T00:00:00.000Z,0.17,11.48,1.1,0.6,1.77,1.303,364
2021-11-05T00:00:00.000Z,0.3,20.98,1.63,1,3.22,2.951,374
2021-11-06T00:00:00.000Z,0.5,17.57,1.35,0.98,3.74,2.532,368
2021-11-07T00:00:00.000Z,0.5,28.9,3.8,2.88,5.78,2.871,350
2021-11-08T00:00:00.000Z,2.8,231.93,7.85,5.5,16.98,22.767,300
2021-11-09T00:00:00.000Z,0.28,32.7,5.39,2.02,12,6.313,338
2021-11-10T00:00:00.000Z,1.55,35.72,11.05,5.13,14.82,6.119,370
2021-11-11T00:00:00.000Z,3.78,84.88,26.42,14.3,35.08,16.424,334
2021-11-12T00:00:00.000Z,4.28,106.95,9.22,6.29,10.98,7.363,312
2021-11-13T00:00:00.000Z,0.4,10.19,2.5,1.23,3.7,1.55,349
2021-11-14T00:00:00.000Z,1.27,9.85,2.85,2.2,3.97,1.356,342
2021-11-15T00:00:00.000Z,6.55,36.92,17.16,10.68,21.2,7.62,344
2021-11-16T00:00:00.000Z,2.13,31.92,8.55,4.45,18.57,7.608,310
2021-11-17T00:00:00.000Z,1.7,10.1,4,2.85,5.85,1.826,350
2021-11-18T00:00:00.000Z,2,18.97,4.75,3.3,6.6,2.796,311
2021-11-19T00:00:00.000Z,2,24.3,5.55,3.81,11.97,5.564,305
2021-11-20T00:00:00.000Z,14.57,87.1,27.3,22.24,34.33,9.751,361
2021-11-21T00:00:00.000Z,0.3,88.32,1.66,1.33,2.25,8.003,348
2021-11-22T00:00:00.000Z,0.6,9.27,1.75,1.4,2.22,1.227,330
2021-11-23T00:00:00.000Z,0.4,5.85,1.25,1,1.52,0.476,351
2021-11-24T00:00:00.000Z,3.72,35.85,14.13,6.72,17.64,6.392,383
2021-11-25T00:00:00.000Z,0.82,7.63,2.12,1.58,2.99,1.402,352
2021-11-26T00:00:00.000Z,0.75,33.2,2.45,1.92,3.17,2.337,425
2021-11-27T00:00:00.000Z,1.33,5.68,2.8,2.21,3.46,0.91,360
2021-11-28T00:00:00.000Z,0.6,70.5,3.35,1.53,9.61,12.135,336
2021-11-29T00:00:00.000Z,0.56,44.03,2.78,1.52,6.05,5.429,331
2021-11-30T00:00:00.000Z,0.1,8.88,0.95,0.7,1.88,1.274,335
2021-12-01T00:00:00.000Z,1.08,17.23,2.9,2.45,3.45,1.21,357
2021-12-02T00:00:00.000Z,0.68,70.95,1.7,1.3,2.38,4.462,326
2021-12-03T00:00:00.000Z,0.2,6.7,1.65,0.6,4.57,2.041,71
2021-12-04T00:00:00.000Z,0.45,8.32,2.13,1.7,2.42,0.687,302
2021-12-05T00:00:00.000Z,1.17,12.23,2.35,1.95,2.85,1.18,331
2021-12-06T00:00:00.000Z,0.2,10.68,3.55,2.27,4.53,1.999,339
2021-12-07T00:00:00.000Z,1.1,10.57,3.55,2.58,5.43,1.906,354
2021-12-08T00:00:00.000Z,0.7,18.82,1.83,1.45,2.5,1.92,361
2021-12-09T00:00:00.000Z,0.68,35.6,5.28,2.12,8.64,6.333,337
2021-12-10T00:00:00.000Z,1.17,21.6,3.47,2.99,4.09,2.096,328
2021-12-11T00:00:00.000Z,1,58.88,9.57,5.97,13.05,8.101,371
2021-12-12T00:00:00.000Z,0.93,16.52,2.89,2.1,4.53,2.707,272
2021-12-13T00:00:00.000Z,1.08,18.89,4.15,2.31,8.39,3.784,220
2021-12-14T00:00:00.000Z,15.68,69,22.88,20.57,31.89,10.963,289
2021-12-15T00:00:00.000Z,8.9,74.53,20.77,14.68,26.25,9.725,346
2021-12-16T00:00:00.000Z,4.8,44.4,16.25,8.94,20.52,6.764,335
2021-12-17T00:00:00.000Z,6.45,45.1,25.7,17.92,28.5,8.46,355
2021-12-18T00:00:00.000Z,7.63,33.15,12.8,11.45,21.95,7.214,343
2021-12-19T00:00:00.000Z,3.53,62.25,12.07,10,18.45,6.59,337
2021-12-20T00:00:00.000Z,9.93,82.43,19.85,11.95,29.42,11.742,327
2021-12-21T00:00:00.000Z,12.02,63.35,24.25,18.48,27.92,7.367,347
2021-12-22T00:00:00.000Z,28.23,58.88,34.35,31.88,41.3,6.382,358
2021-12-23T00:00:00.000Z,5.72,196.95,15.06,10.37,20.61,16.084,340
2021-12-24T00:00:00.000Z,2.42,39.53,5.9,4.25,7.88,3.204,375
2021-12-25T00:00:00.000Z,2.35,34.17,7.4,5.07,10.4,4.667,347
2021-12-26T00:00:00.000Z,1.2,40.08,4.25,2.91,8.15,9.513,345
2021-12-27T00:00:00.000Z,2.92,37.67,11.34,6.54,14.55,4.615,344
2021-12-28T00:00:00.000Z,0.73,31.17,11.51,4.7,13.57,5.881,366
2021-12-29T00:00:00.000Z,6.4,80.06,14.85,12.42,17.87,8.157,388
2021-12-30T00:00:00.000Z,1.9,55.83,5.52,3.03,10.43,5.934,334
2021-12-31T00:00:00.000Z,5.6,33.1,12.9,9.16,16.72,4.975,425
2022-01-01T00:00:00.000Z,4.38,38.45,7.68,6.38,9.74,2.878,373
2022-01-02T00:00:00.000Z,6.9,25.73,9.84,9.13,10.85,1.892,350
2022-01-03T00:00:00.000Z,0.3,44.15,5.18,2.88,7.68,5.013,357
2022-01-04T00:00:00.000Z,0.6,16.39,2.22,1.7,3.28,1.773,352
2022-01-05T00:00:00.000Z,0.73,92.8,2,1.5,3.25,6.534,371
2022-01-06T00:00:00.000Z,0.95,31.67,3.67,2,6.65,3.31,373
2022-01-07T00:00:00.000Z,1.2,39.5,6.2,4.25,8.49,3.017,389
2022-01-08T00:00:00.000Z,1.3,35.78,6.38,4.9,7.68,2.599,395
2022-01-09T00:00:00.000Z,0.8,100.25,5.55,4.12,7.72,10.614,353
2022-01-10T00:00:00.000Z,0.8,106.43,6.63,3.7,10.48,14.293,363
2022-01-11T00:00:00.000Z,1.42,113.28,7.36,4.01,20.13,13.269,356
2022-01-12T00:00:00.000Z,0.8,26.75,5.28,3.13,10.55,5.433,384
2022-01-13T00:00:00.000Z,5.35,48.95,14.42,8.53,17.98,5.609,352
2022-01-14T00:00:00.000Z,24.48,150.5,39.1,34.65,47,10.681,379
2022-01-15T00:00:00.000Z,20.75,157.44,48.53,30.65,54.61,19.695,385
2022-01-16T00:00:00.000Z,2,41.08,12.65,4.75,16.82,8.988,359
2022-01-17T00:00:00.000Z,8.5,81.09,24.08,16.48,29.81,12.358,356
2022-01-18T00:00:00.000Z,14.9,94.35,21.83,17.39,27.79,9.231,353
2022-01-19T00:00:00.000Z,1.25,61.4,9.25,2.65,24.49,13.061,377
2022-01-20T00:00:00.000Z,1.25,7.47,2.6,2.13,3.38,0.855,381
2022-01-21T00:00:00.000Z,1.65,15.9,3.28,2.7,5.54,2.373,401
2022-01-22T00:00:00.000Z,3.17,36,6.53,5.22,8.35,3.042,378
2022-01-23T00:00:00.000Z,10.75,61.4,24.17,21.02,31.8,8.614,347
2022-01-24T00:00:00.000Z,13.75,55.58,23.95,20.63,29.83,6.848,351
2022-01-25T00:00:00.000Z,9.5,112.82,22.46,14.85,33.08,14.842,358
2022-01-26T00:00:00.000Z,36.22,170.82,50.99,43.87,60.38,18.144,360
2022-01-27T00:00:00.000Z,2.1,89.82,13.73,6.62,53.89,24.306,353
2022-01-28T00:00:00.000Z,0.7,132.57,7.29,3.53,13.69,12.703,384
2022-01-29T00:00:00.000Z,2.22,2.95,2.54,2.38,2.78,0.232,5
2022-01-30T00:00:00.000Z,0.6,72.09,6.47,3.68,8.8,7.736,108
2022-01-31T00:00:00.000Z,2.42,15.13,4.13,3.7,4.68,1.004,361
2022-02-01T00:00:00.000Z,0.68,27.98,3.92,2.83,5.7,3.58,329
2022-02-02T00:00:00.000Z,0.9,46.05,2.71,2.1,6.93,4.206,336
2022-02-03T00:00:00.000Z,0.1,46.05,3.62,0.62,6.65,5.387,360
2022-02-04T00:00:00.000Z,0.8,12.5,2.14,1.58,2.67,1.085,370
2022-02-05T00:00:00.000Z,0.95,14.65,2.64,2,3.7,1.818,372
2022-02-06T00:00:00.000Z,2.72,12.73,8.07,6.6,9.1,1.764,367
2022-02-07T00:00:00.000Z,0.38,54.58,2.27,1.1,3.49,5.027,357
2022-02-08T00:00:00.000Z,0.1,70.65,2.72,0.88,5,6.869,358
2022-02-09T00:00:00.000Z,4.09,107.65,10.98,7.45,15.57,11.116,371
2022-02-10T00:00:00.000Z,0.2,42.2,3.58,0.7,6.47,5.699,340
2022-02-11T00:00:00.000Z,1.42,160.55,3.5,2.39,12.23,11.015,365
2022-02-12T00:00:00.000Z,1.08,28.63,3.83,2.35,9.88,4.65,391
2022-02-13T00:00:00.000Z,0.6,31.17,5.6,3.38,8.61,4.029,385
2022-02-14T00:00:00.000Z,0.4,13.98,2.74,1.9,3.67,1.723,546
2022-02-15T00:00:00.000Z,2.52,26.25,5.05,4.22,6.47,2.621,383
2022-02-16T00:00:00.000Z,1.83,26.48,10.6,7.27,14.18,4.637,389
2022-02-17T00:00:00.000Z,2.47,23.58,12.81,11.23,14.72,3.746,360
2022-02-18T00:00:00.000Z,1.8,13.48,3.9,3.17,4.9,1.73,384
2022-02-19T00:00:00.000Z,1.83,112.5,5.92,3.28,8.94,6.694,394
2022-02-20T00:00:00.000Z,9,52.53,12.29,11.3,13.65,2.948,358
2022-02-21T00:00:00.000Z,6.72,49.53,9.48,8.55,10.65,2.887,355
2022-02-22T00:00:00.000Z,3.9,12.4,6.75,6.07,7.56,1.117,381
2022-02-23T00:00:00.000Z,2.13,140.77,5.47,3.53,7.21,18.422,400
2022-02-24T00:00:00.000Z,1.17,19.73,2.92,2.38,3.72,1.507,386
2022-02-25T00:00:00.000Z,1.73,11.55,3.17,2.47,4.93,1.584,393
2022-02-26T00:00:00.000Z,1.9,20.83,3.38,2.8,4.38,1.937,383
2022-02-27T00:00:00.000Z,1.48,73.03,5.52,3.85,17.38,13.222,366
2022-02-28T00:00:00.000Z,3.07,23.42,8.88,4.7,11.84,3.967,380
2022-03-01T00:00:00.000Z,2.35,24.15,8.59,5.9,11.48,4.137,378
2022-03-02T00:00:00.000Z,0.4,28,2.58,1.52,4.7,3.599,379
2022-03-03T00:00:00.000Z,1.25,32.97,3.75,2.75,5.03,2.664,359
2022-03-04T00:00:00.000Z,0.75,4.25,1.9,1.5,2.29,0.593,407
2022-03-05T00:00:00.000Z,0.5,25.2,1.85,1.33,2.52,1.723,384
2022-03-06T00:00:00.000Z,14.15,42.85,29.65,18.48,35.6,8.744,357
2022-03-07T00:00:00.000Z,14.68,84.03,30.7,24.08,36.83,8.777,378
2022-03-08T00:00:00.000Z,1.14,79.45,5.35,3.17,9.43,8.199,355
2022-03-09T00:00:00.000Z,1.3,15.63,4.72,3.67,5.85,1.731,387
2022-03-10T00:00:00.000Z,1.45,51.97,2.97,2.27,4.69,3.869,400
2022-03-11T00:00:00.000Z,1.63,6.25,3.1,2.42,3.8,1.057,120
2022-03-15T00:00:00.000Z,4.53,35.38,10.82,7.57,12.55,3.838,151
2022-03-16T00:00:00.000Z,19.55,42.5,29,24.92,31.25,5.329,67
2022-03-19T00:00:00.000Z,6.18,65.2,17.19,14.52,25.5,9.116,258
2022-03-20T00:00:00.000Z,10.7,42.42,21.7,15.28,24.33,7.054,292
2022-03-21T00:00:00.000Z,2.2,22.1,3.55,2.7,5.93,3.213,400
2022-03-22T00:00:00.000Z,6.3,12.45,8.05,7.52,8.8,1.266,381
2022-03-23T00:00:00.000Z,5.5,15.5,7.75,6.89,10.79,2.285,388
2022-03-24T00:00:00.000Z,4.17,39.88,10.68,6.19,24.98,10.761,364
2022-03-25T00:00:00.000Z,9.9,48.3,40.13,23.42,45.63,12.058,403
2022-03-26T00:00:00.000Z,16.25,63.25,34.78,28.98,48.6,13.132,387
2022-03-27T00:00:00.000Z,3.6,45,8.73,5.54,32.32,13.048,380
2022-03-28T00:00:00.000Z,5.25,29.73,8.86,6.63,16.52,7.445,366
2022-03-29T00:00:00.000Z,13.02,55.2,21.89,17.94,31.43,11.947,364
2022-03-30T00:00:00.000Z,18.42,82.03,37.28,26.12,47.85,14.832,377
2022-03-31T00:00:00.000Z,0.47,32.13,2.1,1.5,2.92,7.53,370
2022-04-01T00:00:00.000Z,0.32,3.85,1,0.79,1.74,0.777,384
2022-04-02T00:00:00.000Z,0.8,33.38,3.45,2.6,4.5,3.623,379
2022-04-03T00:00:00.000Z,0.7,7.38,1.73,1.38,2.31,0.88,365
2022-04-04T00:00:00.000Z,0.75,20.88,3.55,1.67,11.5,5.084,375
2022-04-05T00:00:00.000Z,1.23,13.5,2.95,2.1,3.67,2.383,363
2022-04-06T00:00:00.000Z,0.93,20.85,3.32,2.33,4.5,2.338,394
2022-04-07T00:00:00.000Z,0.3,23.13,2.83,1.9,4.53,3.189,359
2022-04-08T00:00:00.000Z,0.1,15.6,2.33,1.2,8.51,4.378,441
2022-04-09T00:00:00.000Z,0.47,43.67,1.2,0.95,1.58,2.808,381
2022-04-10T00:00:00.000Z,0.85,3.88,1.73,1.4,2.2,0.657,363
2022-04-11T00:00:00.000Z,0.8,16.02,3.9,2.5,6.78,2.82,363
2022-04-12T00:00:00.000Z,0.7,10.98,1.95,1.57,2.7,1.116,349
2022-04-13T00:00:00.000Z,0.9,9.88,2.15,1.67,3.56,1.689,384
2022-04-14T00:00:00.000Z,0.7,8.02,1.6,1.25,5.07,2.167,135
2022-04-16T00:00:00.000Z,0.9,35.97,3.6,1.5,6.05,4.189,318
2022-04-17T00:00:00.000Z,5.03,35.92,14.44,8.94,17.39,5.648,514
2022-04-18T00:00:00.000Z,0.55,5.45,1.63,1.23,2.2,0.853,414
2022-04-19T00:00:00.000Z,0.47,7.7,1.33,0.9,2.27,0.829,532
2022-04-20T00:00:00.000Z,6.38,48.9,15.75,9.77,29.25,11.974,391
2022-04-21T00:00:00.000Z,13.6,64.97,35.79,24.73,48.58,13.875,391
2022-04-22T00:00:00.000Z,2,40.72,10,3.84,20.27,11.578,389
2022-04-23T00:00:00.000Z,6.55,59.05,24.65,13.71,36.28,13.222,392
2022-04-24T00:00:00.000Z,10.19,84.38,23.94,17.38,30.75,11.17,400
2022-04-25T00:00:00.000Z,2.88,31.6,8.68,6.45,16.3,7.338,388
2022-04-26T00:00:00.000Z,2.2,16.52,5.56,3.25,10.57,3.783,388
2022-04-27T00:00:00.000Z,5.72,19.14,11.06,9.1,12.93,2.596,386
2022-04-28T00:00:00.000Z,3.13,21.15,11.69,5.5,16.55,5.49,390
2022-04-29T00:00:00.000Z,7.93,40.25,17.7,13.73,29.2,7.975,399
2022-04-30T00:00:00.000Z,3.5,34.47,10.82,7.15,16,8.913,427
2022-05-01T00:00:00.000Z,6.4,34.54,13.32,9.52,24.83,8.018,478
2022-05-02T00:00:00.000Z,7,38.47,15.16,10.72,18.97,5.169,292
2022-05-03T00:00:00.000Z,5.2,36.85,14.38,11.18,19.75,7.471,391
2022-05-04T00:00:00.000Z,1.4,38.75,8,3.63,11.53,10.13,405
2022-05-05T00:00:00.000Z,0.6,18.8,3.28,1.94,7.29,5.093,400
2022-05-06T00:00:00.000Z,6.47,21.15,11,9.57,14.18,3.369,411
2022-05-07T00:00:00.000Z,0.35,14.73,1.8,0.82,3.97,2.957,410
2022-05-08T00:00:00.000Z,0.77,25.2,1.6,1.27,5.41,4.446,405
2022-05-09T00:00:00.000Z,1.7,33.72,11.34,7,18.22,7.718,384
2022-05-10T00:00:00.000Z,0.3,70.8,2.29,1.3,3.88,7.042,366
2022-05-11T00:00:00.000Z,1.1,7.22,2.84,2.4,3.95,1.243,350
2022-05-12T00:00:00.000Z,0.77,5.4,1.7,1.3,2.41,0.922,344
2022-05-13T00:00:00.000Z,0.2,12.82,1,0.6,2.22,2.177,371
2022-05-14T00:00:00.000Z,1,6.07,2.75,1.7,3.6,1.263,383
2022-05-15T00:00:00.000Z,2.9,41.15,6.82,5.8,8.1,3.005,348
2022-05-16T00:00:00.000Z,2.1,8.68,3.92,3.4,4.78,1.36,331
2022-05-17T00:00:00.000Z,0.5,10.15,3.3,1.67,4.18,1.715,346
2022-05-18T00:00:00.000Z,0.6,9.88,2.5,1.3,3.3,1.742,330
2022-05-19T00:00:00.000Z,1.67,5.65,2.9,2.54,3.33,0.645,340
2022-05-20T00:00:00.000Z,0.77,10.13,2.38,1.88,3.08,0.986,368
2022-05-21T00:00:00.000Z,0.9,6.68,1.67,1.4,2.08,1.167,365
2022-05-22T00:00:00.000Z,1.12,17.48,2.2,1.85,3.35,2.478,323
2022-05-23T00:00:00.000Z,0.3,5.07,1.24,0.76,2.22,0.953,336
2022-05-24T00:00:00.000Z,0.3,1.9,0.8,0.6,1,0.292,336
2022-05-25T00:00:00.000Z,0.7,754.25,2.95,1.88,4.54,51.493,329
2022-05-26T00:00:00.000Z,0.63,8.05,2.42,1.58,3.26,1.061,332
2022-05-27T00:00:00.000Z,0.2,5.72,1.2,0.8,2,1.176,363
2022-05-28T00:00:00.000Z,0.88,16.45,1.7,1.3,2.9,1.721,369
2022-05-29T00:00:00.000Z,0.47,2.47,0.88,0.75,1.05,0.321,295
2022-05-30T00:00:00.000Z,0.43,4.5,1.08,0.85,1.32,0.638,304
2022-05-31T00:00:00.000Z,0.4,10.8,1.04,0.63,1.85,1.785,318
2022-06-01T00:00:00.000Z,0.4,5.09,1.1,0.73,1.42,0.782,327
2022-06-02T00:00:00.000Z,0.8,2.9,1.5,1.2,1.9,0.418,135
2022-06-03T00:00:00.000Z,1.5,17.38,3.1,2.14,9.52,4.404,233
2022-06-04T00:00:00.000Z,3.2,21.58,8.88,6.95,14.25,4.339,283
2022-06-05T00:00:00.000Z,0.2,9.63,0.8,0.52,1.32,0.784,273
2022-06-06T00:00:00.000Z,0.6,5,2.75,1.77,3.4,0.999,202
2022-06-07T00:00:00.000Z,0.55,9.6,2.9,1.27,5.12,2.197,352
2022-06-08T00:00:00.000Z,2.29,6.18,3.6,3.17,4.03,0.686,351
2022-06-09T00:00:00.000Z,1,6.5,2.42,1.88,3.1,1.16,319
2022-06-10T00:00:00.000Z,0.1,8.93,2.6,2.04,3.5,1.555,342
2022-06-11T00:00:00.000Z,1.6,16.17,3.5,2.7,4.8,1.741,331
2022-06-12T00:00:00.000Z,1.25,8.69,2.54,2.2,3.72,1.473,323
2022-06-13T00:00:00.000Z,1.2,18.38,1.9,1.63,2.44,1.203,317
2022-06-14T00:00:00.000Z,1.65,3.45,2.25,2.04,2.47,0.302,222
2022-06-15T00:00:00.000Z,0.5,3.25,2.06,1.67,2.4,0.476,312
2022-06-16T00:00:00.000Z,0.5,6.65,2.33,1.94,3.3,1.215,313
2022-06-17T00:00:00.000Z,1.7,6.38,2.92,2.52,3.32,0.772,272
2022-06-18T00:00:00.000Z,3.35,38.04,6.05,4.7,9.73,8.209,326
2022-06-19T00:00:00.000Z,0.7,22.13,2.57,1.6,5.39,5.127,304
2022-06-20T00:00:00.000Z,2.29,23.58,6.09,4.5,7.38,4.248,218
2022-06-21T00:00:00.000Z,3.42,18.35,6.49,5.09,8.55,3.395,214
2022-06-22T00:00:00.000Z,10.23,49.4,19.98,13.5,32.08,10.795,203
2022-06-23T00:00:00.000Z,1.7,22.6,5,2.98,13.73,6.946,189
2022-06-24T00:00:00.000Z,0.2,31.7,2.27,1.3,3.14,3.153,396
2022-06-25T00:00:00.000Z,0.8,4,1.58,1.3,1.88,0.538,405
2022-06-26T00:00:00.000Z,0.85,3.05,1.63,1.38,1.9,0.398,387
2022-06-27T00:00:00.000Z,0.5,3.08,1.1,0.88,1.42,0.393,362
2022-06-28T00:00:00.000Z,1,10.07,1.67,1.42,2.13,0.993,359
2022-06-29T00:00:00.000Z,0.8,4.28,1.9,1.6,2.35,0.645,365
2022-06-30T00:00:00.000Z,0.5,2.85,1,0.8,1.27,0.35,365
2022-07-01T00:00:00.000Z,0.2,4.22,0.64,0.5,0.95,0.676,396
2022-07-02T00:00:00.000Z,0.3,19.48,1,0.8,1.3,1.559,384
2022-07-03T00:00:00.000Z,0.4,12.38,0.9,0.75,1.12,1.033,358
2022-07-04T00:00:00.000Z,0.2,2.33,0.6,0.5,0.75,0.232,377
2022-07-05T00:00:00.000Z,0.2,2.72,0.85,0.5,1.5,0.621,327
2022-07-06T00:00:00.000Z,0.32,8.69,1.5,0.9,2.65,1.6,365
2022-07-07T00:00:00.000Z,1.38,7.1,2.5,2.13,3.19,1.378,233
2022-07-08T00:00:00.000Z,0.5,15.73,3.38,1.2,11.6,5.111,423
2022-07-09T00:00:00.000Z,0.47,6.72,1.3,0.88,1.8,0.905,338
2022-07-10T00:00:00.000Z,0.3,2.33,0.8,0.6,1.1,0.367,363
2022-07-11T00:00:00.000Z,0.5,17.14,1.17,0.98,1.59,1.196,368
2022-07-12T00:00:00.000Z,0.63,4.2,1.14,1,1.33,0.313,371
2022-07-13T00:00:00.000Z,0.6,20.07,1.1,0.9,1.4,1.31,365
2022-07-14T00:00:00.000Z,0.55,10.48,1.45,1,1.85,0.888,361
2022-07-15T00:00:00.000Z,1.25,4.09,1.9,1.7,2.1,0.356,359
2022-07-16T00:00:00.000Z,1.08,6.63,1.92,1.5,2.5,0.617,409
2022-07-17T00:00:00.000Z,1.3,17.17,2.2,1.94,2.4,1.245,380
2022-07-18T00:00:00.000Z,1.4,19.38,2.58,1.9,4,1.887,378
2022-07-19T00:00:00.000Z,1.8,29.8,4.34,3.13,11.18,7.113,375
2022-07-20T00:00:00.000Z,0.6,10.25,4.13,2.63,5.3,1.849,381
2022-07-21T00:00:00.000Z,0.4,5.63,1.1,0.8,2,1.194,379
2022-07-22T00:00:00.000Z,0.88,5.15,1.52,1.3,2,0.729,409
2022-07-23T00:00:00.000Z,0.3,4.93,0.85,0.65,1.55,0.912,390
2022-07-24T00:00:00.000Z,0.5,11.25,0.98,0.8,2.08,2.452,373
2022-07-25T00:00:00.000Z,0.82,5,1.6,1.3,2.04,0.577,384
2022-07-26T00:00:00.000Z,0.6,19.52,1.2,1,1.55,1.088,430
2022-07-27T00:00:00.000Z,0.65,4.72,1.63,1.2,2.4,0.74,533
2022-07-28T00:00:00.000Z,0.6,5,1.2,1,1.38,0.467,375
2022-07-29T00:00:00.000Z,1.05,32.79,1.77,1.5,2.04,2.339,407
2022-07-30T00:00:00.000Z,0.22,10.15,1.3,0.98,2.8,1.907,402
2022-07-31T00:00:00.000Z,0.7,8.82,3.7,2.65,5.05,1.891,390
2022-08-01T00:00:00.000Z,0.9,7.5,1.91,1.5,2.7,0.973,352
2022-08-02T00:00:00.000Z,0.2,13.55,0.77,0.5,1.2,3.368,367
2022-08-03T00:00:00.000Z,0.5,10.38,2.4,1.6,3.74,2.088,372
2022-08-04T00:00:00.000Z,0.3,11.57,1.2,0.77,1.6,0.963,322
2022-08-05T00:00:00.000Z,0.68,3.3,1.48,1.1,1.98,0.603,410
2022-08-06T00:00:00.000Z,0.4,3.05,1.3,0.9,1.83,0.557,127
2022-09-20T00:00:00.000Z,2.65,5.53,3.52,3.18,4.22,0.801,32
2022-09-21T00:00:00.000Z,1.25,12.93,4.3,2.1,6.97,2.819,294
2022-09-22T00:00:00.000Z,0.95,15.65,3.99,1.94,10.67,4.551,332
2022-09-23T00:00:00.000Z,0.4,36.35,4.47,2.38,12.89,10.563,377
2022-09-24T00:00:00.000Z,0.7,5.2,2.2,1.35,2.8,1.02,362
2022-09-25T00:00:00.000Z,0.5,5.43,1.3,1,2.29,1.118,343
2022-09-26T00:00:00.000Z,1.08,15.68,3.53,2.6,4.63,1.536,314
2022-09-27T00:00:00.000Z,0.38,10.48,5.09,3.57,6.65,2.15,337
2022-09-28T00:00:00.000Z,0.3,4,1.52,1.27,1.88,0.668,331
2022-09-29T00:00:00.000Z,0.7,13.13,1.6,1.27,2.14,1.189,313
2022-09-30T00:00:00.000Z,0.5,19.07,3.25,1.85,7.72,4.309,356
2022-10-01T00:00:00.000Z,0.3,18.52,3.83,2.74,6.65,4.417,316
2022-10-02T00:00:00.000Z,1,16.95,3.78,2.42,9,3.595,163
2022-10-03T00:00:00.000Z,1.9,14.57,6.47,3.55,7.8,2.44,183
2022-10-04T00:00:00.000Z,0,4.2,1.3,0.7,1.92,0.823,170
2022-10-05T00:00:00.000Z,0.7,8.94,3,1.92,3.87,1.386,205
2022-10-06T00:00:00.000Z,2.17,10.32,3.4,2.92,4.44,1.327,340
2022-10-07T00:00:00.000Z,1,17.38,2.7,2.02,3.8,1.896,374
2022-10-08T00:00:00.000Z,0.8,14.95,2.08,1.54,3.03,1.624,360
2022-10-09T00:00:00.000Z,0.7,14.35,2.82,1.8,4.05,2.602,358
2022-10-10T00:00:00.000Z,1.45,27.4,2.69,2.15,6.28,4.982,350
2022-10-11T00:00:00.000Z,0.52,2.97,1.35,1.1,1.67,0.44,333
2022-10-12T00:00:00.000Z,1.3,11.9,4.07,2.39,5.44,2.613,160
2022-10-13T00:00:00.000Z,0.35,19.98,3.55,1.6,8.77,5.513,369
2022-10-14T00:00:00.000Z,0.47,12.93,3.15,1.6,4.97,2.116,345
2022-10-15T00:00:00.000Z,0.98,6.45,2.78,2.2,3.55,1.134,361
2022-10-16T00:00:00.000Z,1.67,16.8,5.15,3.65,6.32,2.856,246
2022-10-17T00:00:00.000Z,0.6,10.75,2.62,1.3,4,1.976,352
2022-10-18T00:00:00.000Z,3.65,34.25,6.53,4.63,22.05,9.795,221
2022-10-21T00:00:00.000Z,5,13.23,8.9,8.25,9.73,1.281,370
2022-10-22T00:00:00.000Z,1.12,8.48,4.03,2.7,4.78,1.544,378
2022-10-23T00:00:00.000Z,1.08,12.5,5.2,4.01,6.84,1.984,396
2022-10-24T00:00:00.000Z,2,7.8,3.67,3.1,4.59,1.063,516
2022-10-25T00:00:00.000Z,1.63,10.05,3.89,3.08,4.95,1.403,496
2022-10-26T00:00:00.000Z,1.7,8.25,4.18,3.4,4.88,1.101,507
2022-10-27T00:00:00.000Z,2.27,10.3,5.13,4.12,6.18,1.966,465
2022-10-28T00:00:00.000Z,1.7,31.85,2.99,2.42,3.83,2.773,348
2022-10-29T00:00:00.000Z,2.1,25.65,5.25,4.55,5.87,2.67,352
2022-10-30T00:00:00.000Z,1.58,8.52,3.6,3.1,4.13,0.999,334
2022-10-31T00:00:00.000Z,1.73,28.85,3.65,3.08,6.02,2.932,340
2022-11-01T00:00:00.000Z,2.88,18.02,4.9,4.13,6.7,1.973,321
2022-11-02T00:00:00.000Z,0.93,30.15,5.22,4.17,6.17,2.378,340
2022-11-03T00:00:00.000Z,0.32,7.82,3,1.9,4.38,1.521,524
2022-11-04T00:00:00.000Z,0.9,83.2,3.08,2.13,4.3,5.764,355
2022-11-05T00:00:00.000Z,1.25,24.08,3.55,2.24,5.3,2.615,365
2022-11-06T00:00:00.000Z,2.1,13.68,4.78,3.75,5.71,1.634,336
2022-11-07T00:00:00.000Z,1.7,16.82,5.5,4.72,6.4,1.665,347
2022-11-08T00:00:00.000Z,1.77,11.07,5.03,4.2,5.78,1.229,340
2022-11-09T00:00:00.000Z,1.33,45.3,2.8,2.29,4.05,4.614,340
2022-11-10T00:00:00.000Z,0.2,26.38,2.35,1.47,3.03,2.025,337
2022-11-11T00:00:00.000Z,1.35,14.43,2.92,2.24,6.43,3.477,228
2022-11-13T00:00:00.000Z,6.93,18.05,11.23,10.3,11.94,1.723,136
2022-11-14T00:00:00.000Z,0.65,5.75,1.58,1.2,2.42,0.885,342
2022-11-15T00:00:00.000Z,0.5,18.8,2.75,2.22,3.64,1.979,340
2022-11-16T00:00:00.000Z,0.5,18.89,6.53,3.25,8.8,3.624,339
2022-11-17T00:00:00.000Z,0.55,13.68,2.14,1.5,2.72,1.312,360
2022-11-18T00:00:00.000Z,0.4,27.95,1.12,0.88,1.45,1.913,221
2022-11-19T00:00:00.000Z,0.6,22.02,2.88,1.23,5.95,4.825,190
2022-11-20T00:00:00.000Z,3.17,72.03,6.6,4.98,8.88,8.471,341
2022-11-21T00:00:00.000Z,0.8,19.48,2.58,1.95,4.84,2.407,339
2022-11-22T00:00:00.000Z,1.27,45.45,4.78,3.45,12.48,7.091,331
2022-11-23T00:00:00.000Z,1.65,20.8,5.7,4.84,6.63,1.894,339
2022-11-24T00:00:00.000Z,0.6,74.03,5.75,4.18,7.28,5.239,327
2022-11-25T00:00:00.000Z,0.7,17.5,4.19,3.03,7.95,3.288,342
2022-11-26T00:00:00.000Z,2.6,10.25,4.68,4,5.35,1.018,351
2022-11-27T00:00:00.000Z,1.08,160.15,6.99,4.2,9.82,11.068,352
2022-11-28T00:00:00.000Z,1.92,75.1,3.55,2.9,4.78,6.224,322
2022-11-29T00:00:00.000Z,1.1,35.6,7.28,2.45,11.13,5.307,318
2022-11-30T00:00:00.000Z,5.9,55.3,17.39,13.25,20.82,6.226,209
2022-12-05T00:00:00.000Z,25.2,51,28.35,26.94,30.65,3.971,104
2022-12-06T00:00:00.000Z,16.39,55.8,25.6,23.23,30.77,6.219,347
2022-12-07T00:00:00.000Z,3.83,32.54,13.6,9.52,16.3,4.864,352
2022-12-08T00:00:00.000Z,1,68.8,3.72,2.1,7.07,5.821,167
2022-12-11T00:00:00.000Z,28.58,97.45,45.33,40.92,50.39,16.349,13
2022-12-18T00:00:00.000Z,3.8,41.72,6.72,5.48,7.79,3.767,173
2022-12-19T00:00:00.000Z,3.3,7.07,4.63,4.18,5.18,0.756,226
2022-12-23T00:00:00.000Z,6,95.82,14.4,13.3,16.8,8.854,115
2022-12-24T00:00:00.000Z,1.12,22.48,2.83,2.17,3.66,2.196,308
2022-12-25T00:00:00.000Z,0.6,28.15,2.33,1.6,3.62,3.715,404
2022-12-26T00:00:00.000Z,1.98,54.42,5.03,2.6,12.49,12.422,16
2022-12-29T00:00:00.000Z,1.25,3.35,2.02,1.6,2.6,0.683,10
2023-01-14T00:00:00.000Z,1.2,15.67,2.38,1.73,3.55,1.688,191
2023-01-15T00:00:00.000Z,0.9,38.15,3.46,2.54,5.65,3.648,298
2023-01-16T00:00:00.000Z,0.38,98.4,2,1.42,16.66,13.358,353
2023-01-17T00:00:00.000Z,0.4,9.69,1.4,1,1.75,0.918,217
2023-01-19T00:00:00.000Z,3.17,6.28,5.2,3.84,5.94,1.061,5
2023-01-31T00:00:00.000Z,3.2,11.43,4.6,3.58,5.48,2.453,17
2023-02-08T00:00:00.000Z,6.88,23.25,11.4,8.48,12.85,3.561,83
2023-02-09T00:00:00.000Z,1.88,38.54,9.25,4.05,12.52,5.484,306
2023-02-10T00:00:00.000Z,1,44,13.81,3.95,22.38,9.471,314
2023-02-11T00:00:00.000Z,3.43,68.53,16.2,10.03,26.94,11.881,277
2023-02-12T00:00:00.000Z,13.57,92.8,25.3,20.5,40.08,13.181,350
2023-02-13T00:00:00.000Z,46.45,51.6,49.55,48,50.58,1.514,15
2023-02-16T00:00:00.000Z,2.42,31.3,8.35,6.34,9.96,4.224,109
2023-02-17T00:00:00.000Z,0.6,55.63,3.75,2.5,5.01,4.54,229
2023-02-18T00:00:00.000Z,1.55,14.15,2.58,2.29,2.85,1.624,93
2023-02-25T00:00:00.000Z,2.15,22.13,3.55,3.03,4.13,3.574,105
2023-02-26T00:00:00.000Z,0.55,2.38,1.1,0.82,1.55,0.452,118
2023-03-04T00:00:00.000Z,3.6,3.83,3.72,3.6,3.83,0.115,2
2023-03-05T00:00:00.000Z,7.2,28.1,14.51,11.27,22.7,6.069,166
2023-03-06T00:00:00.000Z,3.2,351.52,9.99,6.8,14.5,22.954,364
2023-03-07T00:00:00.000Z,0.4,60.75,8.19,5.55,14.5,9.39,354
2023-03-08T00:00:00.000Z,3.88,18.05,10.39,8.75,12.38,2.86,378
2023-03-09T00:00:00.000Z,4.47,36.65,12.29,9.68,14.13,3.803,298
2023-03-10T00:00:00.000Z,1.33,199.7,4.26,2.92,6.97,13.504,338
2023-03-11T00:00:00.000Z,14.32,27.08,16.55,15.67,18.29,2.851,17
2023-03-18T00:00:00.000Z,0.7,8.13,2,1.38,2.5,1.342,183
2023-03-19T00:00:00.000Z,1.9,104.28,3.45,2.8,6.75,7.614,347
2023-03-20T00:00:00.000Z,0.82,8.15,2.72,1.63,3.7,1.327,336
2023-03-21T00:00:00.000Z,4.8,22.65,5.65,5.28,6.03,4.472,15
2023-03-22T00:00:00.000Z,2.6,3.38,2.8,2.63,3,0.265,6
2023-03-23T00:00:00.000Z,2,47.47,7.53,6.65,8.75,5.866,156
2023-03-24T00:00:00.000Z,1.3,35.42,5.98,4.9,6.82,2.305,362
2023-03-25T00:00:00.000Z,0.3,25.58,5.15,3.33,7.03,3.148,359
2023-03-26T00:00:00.000Z,0.45,5.78,2.1,1.67,2.54,0.943,127
2023-04-01T00:00:00.000Z,1,4.82,2.45,1.98,3.33,0.919,115
2023-04-02T00:00:00.000Z,0.5,8.63,1.8,1.09,4.37,2.089,292
2023-04-03T00:00:00.000Z,1.9,28.42,3.7,2.88,4.95,5.022,312
2023-04-04T00:00:00.000Z,4.88,23.4,9.69,7.4,16.17,4.992,411
2023-04-05T00:00:00.000Z,4.84,38.79,9.88,7.45,14.8,4.392,403
2023-04-06T00:00:00.000Z,0.88,18.07,2.65,2,3.53,3.19,415
2023-04-07T00:00:00.000Z,0.5,46.47,1.48,1.1,2.14,2.623,385
2023-04-08T00:00:00.000Z,1.3,6.9,2.8,1.8,5.2,1.759,119
2023-04-10T00:00:00.000Z,3.45,6.45,5.32,4.72,5.65,0.706,45
2023-04-19T00:00:00.000Z,4.88,53.92,11.35,9.07,20.38,7.703,238
2023-04-20T00:00:00.000Z,2.88,27.83,5.75,4.55,7.4,6.098,419
2023-04-21T00:00:00.000Z,5.55,20.98,11.6,10.7,12.32,2.317,362
2023-04-22T00:00:00.000Z,0.9,27.42,4.88,2.9,8.53,7.153,352
2023-04-23T00:00:00.000Z,1,8.82,4.5,3.3,5.09,1.469,222
2023-04-24T00:00:00.000Z,1.58,19.17,4.43,2.67,5.17,1.754,572
2023-04-25T00:00:00.000Z,1.6,12.43,4,2.6,5.54,2.016,585
2023-04-26T00:00:00.000Z,0.3,19.42,7.3,2.13,10.48,4.647,324
2023-05-02T00:00:00.000Z,1.2,4.28,2.2,1.8,2.73,0.694,189
2023-05-03T00:00:00.000Z,2.65,7.15,4.2,3.45,5.55,1.159,169
2023-05-07T00:00:00.000Z,0.52,14.7,1.79,1.12,3.01,3.02,180
2023-05-08T00:00:00.000Z,0.3,25.42,3.2,1.83,8.15,4.049,410
2023-05-09T00:00:00.000Z,1.2,47.67,4.65,3.03,6.29,5.943,420
2023-05-10T00:00:00.000Z,0.45,5.53,1.88,1.2,2.5,0.858,413
2023-05-11T00:00:00.000Z,0.77,5.93,2.1,1.3,3.03,1.151,402
2023-05-12T00:00:00.000Z,1.12,13.23,3.41,2.22,7.28,2.945,346
2023-05-30T00:00:00.000Z,5.7,5.7,5.7,5.7,5.7,0,1
2023-06-03T00:00:00.000Z,6.57,13.45,10.3,7.95,11.86,1.996,88
2023-06-04T00:00:00.000Z,2.67,15.35,3.47,3.22,3.85,1.049,413
2023-06-05T00:00:00.000Z,2.2,7.95,3.3,3,3.87,1.291,409
2023-06-06T00:00:00.000Z,3.58,13.5,4.88,4.2,7.57,2.617,223
2023-06-07T00:00:00.000Z,4.28,29.85,9.73,5.65,12.13,6.646,447
2023-06-08T00:00:00.000Z,4.9,26.33,6.68,5.53,9.6,2.94,277
2023-06-09T00:00:00.000Z,3.1,21.02,11.95,8.05,14.6,4.199,411
2023-06-10T00:00:00.000Z,0.95,8.93,2.04,1.5,3.38,1.714,414
2023-06-11T00:00:00.000Z,3.4,14.57,4.78,4.34,5.95,2.689,417
2023-06-12T00:00:00.000Z,2.2,18.64,4.88,3.45,8.13,3.446,419
2023-06-13T00:00:00.000Z,2.22,27.77,7.06,4.63,18.88,7.253,424
2023-06-14T00:00:00.000Z,8.38,73.88,18.04,12.35,28.5,19.167,398
2023-06-15T00:00:00.000Z,8.3,95.47,12.49,11.05,21.85,16.586,414
2023-06-16T00:00:00.000Z,5.8,39.7,12.86,7.88,19.13,7.613,416
2023-06-17T00:00:00.000Z,1.17,86.63,5.9,2.13,8.71,7.915,405
2023-06-18T00:00:00.000Z,3.2,15.05,6.88,5.35,8.57,2.468,411
2023-06-19T00:00:00.000Z,2.2,11.45,4.84,3.5,6.11,2.41,228
2023-06-20T00:00:00.000Z,0.6,12.73,2.17,1.6,4.07,2.454,416
2023-06-21T00:00:00.000Z,1.98,11.18,3.45,2.89,5.73,2.397,408
2023-06-22T00:00:00.000Z,1.92,17.82,3.8,2.7,7.15,4.392,418
2023-06-23T00:00:00.000Z,1.58,19.67,2.83,2.5,5.55,4.334,410
2023-06-24T00:00:00.000Z,2.8,9.82,3.78,3.45,5.3,1.242,417
2023-06-25T00:00:00.000Z,0.88,10.68,3.83,2.17,5.28,2.49,417
2023-06-26T00:00:00.000Z,1.3,4.2,1.9,1.67,2.29,0.561,351
2023-06-27T00:00:00.000Z,1.8,7.15,2.85,2.45,3.7,1.179,418
2023-06-28T00:00:00.000Z,5.07,51.45,19.57,7.35,31,14.161,416
2023-06-29T00:00:00.000Z,0.8,3.25,1.42,1.27,1.85,0.49,411
2023-06-30T00:00:00.000Z,0.93,31.9,8.35,3.45,12.96,6.688,417
2023-07-01T00:00:00.000Z,9.1,43.72,25.8,22.05,28.65,7.506,211
2023-07-02T00:00:00.000Z,2.35,17.5,12.45,5.75,14.82,4.488,411
2023-07-03T00:00:00.000Z,1.93,14.02,3.08,2.78,3.92,1.885,391
2023-07-04T00:00:00.000Z,0.28,9.05,1.9,1.1,2.54,2.107,265
2023-07-05T00:00:00.000Z,1.2,6.78,3.4,2.13,4.57,1.339,390
2023-07-06T00:00:00.000Z,1.2,9.27,2,1.66,4.09,2.107,144
2023-07-07T00:00:00.000Z,1.67,16.07,3.85,3.28,5.55,3.186,355
2023-07-08T00:00:00.000Z,1.65,8.05,2.98,2.45,4.28,1.132,190
2023-07-09T00:00:00.000Z,1.45,4.68,2.58,2.04,3.22,0.707,214
2023-07-10T00:00:00.000Z,2,5.43,3.2,2.78,3.7,0.685,205
2023-07-11T00:00:00.000Z,0.2,6.47,1.98,0.93,3.9,1.771,367
2023-07-12T00:00:00.000Z,1.14,4.72,2.04,1.76,2.83,0.68,389
2023-07-13T00:00:00.000Z,1,24.88,2.1,1.7,2.8,2.356,389
2023-07-14T00:00:00.000Z,1.65,150.88,3.85,2.85,5.23,7.965,373
2023-07-15T00:00:00.000Z,1.7,19.8,12.17,4.5,15.56,5.692,436
2023-07-16T00:00:00.000Z,2.33,16.5,5.13,3.83,8.44,3.042,534
2023-07-17T00:00:00.000Z,0.73,5.6,1.38,1.12,1.7,0.837,235
2023-07-18T00:00:00.000Z,0.65,3.9,1.4,1.2,1.63,0.572,540
2023-07-19T00:00:00.000Z,0.85,3.88,1.58,1.3,2.1,0.577,276
2023-07-20T00:00:00.000Z,0.88,12.98,2.83,1.9,5.82,3.25,451
2023-07-21T00:00:00.000Z,2.6,22.17,5.37,4.13,10.23,5.374,562
2023-07-22T00:00:00.000Z,5.95,20.48,10.85,9.23,12.9,3.011,414
2023-07-23T00:00:00.000Z,0.1,10.5,3.85,1.26,5.09,2.217,385
2023-07-24T00:00:00.000Z,1,6.3,2.4,1.94,3.34,1.099,392
2023-07-25T00:00:00.000Z,1.02,6.45,2.22,1.58,3.37,1.27,380
2023-07-26T00:00:00.000Z,0.5,7.03,2.8,1.4,3.88,1.561,381
2023-07-27T00:00:00.000Z,0.68,9.75,3.35,2.33,5.03,1.857,386
2023-07-28T00:00:00.000Z,0.3,423.3,1.32,0.8,2.54,22.46,416
2023-07-29T00:00:00.000Z,0.5,7.05,2.85,1.95,3.97,1.415,415
2023-07-30T00:00:00.000Z,4.57,12.15,7.18,5.7,8.23,1.422,386
2023-07-31T00:00:00.000Z,0.82,23.88,10.25,4.55,16.27,6.643,387
2023-08-01T00:00:00.000Z,2.88,29.27,8.02,6.65,10.07,5.114,387
2023-08-02T00:00:00.000Z,5.09,13.98,8.94,7.88,9.94,1.6,379
2023-08-03T00:00:00.000Z,2.63,12.85,5.13,4.12,7.84,2.554,380
2023-08-04T00:00:00.000Z,2.45,12.43,4.63,3.51,6.65,2.53,408
2023-08-05T00:00:00.000Z,0.9,7.57,4.59,3.25,5.63,1.387,433
2023-08-06T00:00:00.000Z,0.98,7.7,3.2,2.1,5.63,1.884,531
2023-08-07T00:00:00.000Z,0.7,15.75,1.7,1.3,2.17,2.943,383
2023-08-08T00:00:00.000Z,1.23,10.8,2.96,1.92,5.62,2.045,432
2023-08-09T00:00:00.000Z,0.73,17.98,2.4,1.48,8,4.151,526
2023-08-10T00:00:00.000Z,3.33,18,6.63,5.26,10.47,3.558,380
2023-08-11T00:00:00.000Z,0.03,20.05,4.18,2.22,9.18,5.076,403
2023-08-12T00:00:00.000Z,2.6,8.9,4.98,4.28,5.88,1.225,414
2023-08-13T00:00:00.000Z,0.93,6.18,2.54,1.52,3.83,1.381,438
2023-08-14T00:00:00.000Z,0.56,8.8,5.07,3.97,6.07,1.648,578
2023-08-15T00:00:00.000Z,0.3,11.27,1.33,0.81,5.42,2.586,444
2023-10-14T00:00:00.000Z,0.8,23.65,1.74,1.2,4.21,4.264,196
2023-10-16T00:00:00.000Z,0.6,2.75,1.52,1.3,1.95,0.426,186
2023-10-17T00:00:00.000Z,1.2,3.72,2.25,1.89,2.7,0.514,384
2023-10-18T00:00:00.000Z,0.5,9.48,4.75,2.8,6.35,2.288,291
2023-10-19T00:00:00.000Z,1.83,11.73,7,4.15,8.77,2.555,295
2023-10-20T00:00:00.000Z,0.68,8.6,3.33,2.6,3.9,1.059,448
2023-10-21T00:00:00.000Z,0.6,9.15,3.7,3,4.4,1.151,578
2023-10-22T00:00:00.000Z,0.75,28.52,2.52,1.75,3.22,2.42,567
2023-10-23T00:00:00.000Z,0.3,6.38,2.25,1.4,3.53,1.404,566
2023-10-24T00:00:00.000Z,0.65,38.1,2.74,1.7,8.13,6.42,560
2023-10-25T00:00:00.000Z,0.25,12.52,2.29,1.01,6,3.01,520
2023-10-26T00:00:00.000Z,0.95,23.55,4.63,3.78,6.15,2.037,560
2023-10-27T00:00:00.000Z,1.4,21.33,4.22,3.22,5.25,2.061,570
2023-10-28T00:00:00.000Z,0.75,52.42,4.28,3.08,6.25,4.024,575
2023-10-29T00:00:00.000Z,0.4,35.45,2.95,2.2,3.58,2.455,567
2023-10-30T00:00:00.000Z,0.65,39.7,2.45,1.73,3.3,4.609,575
2023-10-31T00:00:00.000Z,1.42,21.67,4.07,3.47,4.9,1.413,582
2023-11-01T00:00:00.000Z,1.5,15.05,3.72,2.92,4.92,3.087,532
2023-11-02T00:00:00.000Z,0.63,32.97,2.92,2.1,3.6,2.093,352
2023-11-03T00:00:00.000Z,1.83,12.23,3.74,3.15,4.72,1.709,374
2023-11-04T00:00:00.000Z,0.15,21.98,5.85,3.3,8.01,3.07,580
2023-11-05T00:00:00.000Z,1.27,17.5,3.4,2.75,4.34,1.311,583
2023-11-06T00:00:00.000Z,0.55,27.75,2.1,1.42,2.7,1.953,566
2023-11-07T00:00:00.000Z,0.8,22.73,1.95,1.6,2.88,3.754,571
2023-11-08T00:00:00.000Z,0.38,25.85,4.05,2.57,5.32,2.309,569
2023-11-09T00:00:00.000Z,1.3,15.45,3.05,2.5,3.67,1.112,546
2023-11-10T00:00:00.000Z,2.22,26.08,5.25,4.57,6,1.765,566
2023-11-11T00:00:00.000Z,0.35,28.9,4.88,3.5,7.13,3.167,579
2023-11-12T00:00:00.000Z,5.93,166.75,13.52,11.8,15.98,10.768,354
2023-11-13T00:00:00.000Z,3.63,21.77,8.94,7.47,10.9,2.915,583
2023-11-14T00:00:00.000Z,1.38,12.4,5.55,4.57,8.85,2.331,575
2023-11-15T00:00:00.000Z,1.6,42.45,3.58,2.96,4.8,4.827,577
2023-11-16T00:00:00.000Z,0.6,53.47,2.25,1.48,6.2,4.931,586
2023-11-17T00:00:00.000Z,0.52,85.28,1.8,1.4,3.33,6.887,572
2023-11-18T00:00:00.000Z,2.29,78.81,12.69,10.6,14.38,4.615,574
2023-11-19T00:00:00.000Z,3.65,70.3,7.4,6.35,9,3.494,575
2023-11-20T00:00:00.000Z,0.6,7.7,3.5,2.72,4.38,1.166,578
2023-11-21T00:00:00.000Z,0.9,10.77,2.29,1.77,3.4,1.254,578
2023-11-22T00:00:00.000Z,0.56,45.1,3.15,2.58,3.65,3.321,584
2023-11-23T00:00:00.000Z,0.68,12.93,3.54,2.42,4.84,2.278,584
2023-11-24T00:00:00.000Z,1,39.65,3.28,2.54,4.84,2.552,584
2023-11-25T00:00:00.000Z,1.33,62.1,3.38,2.63,8.9,6.514,578
2023-11-26T00:00:00.000Z,1.67,48.45,6.31,3.64,7.73,4.922,580
2023-11-27T00:00:00.000Z,0.2,13.95,1.7,1.4,2.25,1.57,584
2023-11-28T00:00:00.000Z,0.35,50.83,1.5,1.02,2.63,3.994,583
2023-11-29T00:00:00.000Z,2.2,99.1,7.3,5.72,12.64,9.017,576
2023-11-30T00:00:00.000Z,0.3,47.92,8.69,2.67,12.7,7.115,583
2023-12-01T00:00:00.000Z,1.7,25.17,11.52,4.3,13.75,5.868,571
2023-12-02T00:00:00.000Z,0.93,63.78,8.19,5.47,14.57,10.732,519
2023-12-03T00:00:00.000Z,0.65,20.85,3.36,2.02,4.78,2.457,580
2023-12-04T00:00:00.000Z,1.45,19.13,3.05,2.52,4.09,1.785,583
2023-12-05T00:00:00.000Z,0.7,31.38,1.85,1.38,3.48,2.333,576
2023-12-06T00:00:00.000Z,1.35,10.19,3.69,2.67,5.72,1.843,582
2023-12-07T00:00:00.000Z,0.2,18.88,2.66,1.58,11.21,5.622,576
2023-12-08T00:00:00.000Z,1.67,42.53,5.92,4.59,7.49,4.266,580
2023-12-09T00:00:00.000Z,0.4,18.57,5.43,3.51,7.89,3.178,585
2023-12-10T00:00:00.000Z,1.45,42.7,9.1,6.19,11.67,4.15,581
2023-12-11T00:00:00.000Z,1.33,155.05,6.18,4.18,10.1,10.294,575
2023-12-12T00:00:00.000Z,1.33,54.45,6.38,4.65,8.35,3.582,578
2023-12-13T00:00:00.000Z,1,4.55,2.33,1.9,2.9,0.681,587
2023-12-14T00:00:00.000Z,0.55,41.9,2.6,1.8,3.71,3.465,580
2023-12-15T00:00:00.000Z,2.4,84.95,5.63,4,8.22,6.928,585
2023-12-16T00:00:00.000Z,3,31.13,6.43,5.13,8.9,3.67,581
2023-12-17T00:00:00.000Z,1.8,45,12.73,4.15,16.23,6.97,581
2023-12-18T00:00:00.000Z,0.85,35.54,2.4,1.7,3.99,3.913,581
2023-12-19T00:00:00.000Z,0.6,11.38,2.95,2.27,5.13,2.185,571
2023-12-20T00:00:00.000Z,0.8,19.25,2.9,2.1,4.05,2.558,576
2023-12-21T00:00:00.000Z,1.42,32.08,5.15,3.4,8.22,3.853,580
2023-12-22T00:00:00.000Z,1.17,16.8,3.45,2.67,5.35,2.461,570
2023-12-23T00:00:00.000Z,0.38,8.94,1.9,1.25,4.09,1.804,578
2023-12-24T00:00:00.000Z,0.9,14.57,6.35,4.86,7.38,1.944,573
2023-12-25T00:00:00.000Z,2.15,18.38,4.57,3.9,5.4,2.019,586
2023-12-26T00:00:00.000Z,0.8,38.9,5.29,3.75,7.5,4.143,486
2023-12-27T00:00:00.000Z,2.58,48.6,6.43,5.53,7.1,2.787,578
2023-12-28T00:00:00.000Z,4.17,18.73,6.47,5.74,7.3,1.564,576
2023-12-29T00:00:00.000Z,2.9,39.53,5.7,5.03,6.49,2.986,561
2023-12-30T00:00:00.000Z,2.54,22.4,4.03,3.6,4.82,1.317,410
