,date,Station,PM 2.5
0,2021-01-01,Île-de-France,61.0
1,2021-01-02,Île-de-France,94.0
2,2021-01-03,Île-de-France,125.0
3,2021-01-04,Île-de-France,109.0
4,2021-01-05,Île-de-France,76.0
5,2021-01-06,Île-de-France,86.0
6,2021-01-07,Île-de-France,54.39114832535885
7,2021-01-08,Île-de-France,77.0
8,2021-01-09,Île-de-France,68.0
9,2021-01-10,Île-de-France,90.0
10,2021-01-11,Île-de-France,54.39114832535885
11,2021-01-12,Île-de-France,91.0
12,2021-01-13,Île-de-France,47.0
13,2021-01-14,Île-de-France,54.39114832535885
14,2021-01-15,Île-de-France,33.0
15,2021-01-16,Île-de-France,70.0
16,2021-01-17,Île-de-France,54.39114832535885
17,2021-01-18,Île-de-France,57.0
18,2021-01-19,Île-de-France,57.0
19,2021-01-20,Île-de-France,43.0
20,2021-01-21,Île-de-France,54.39114832535885
21,2021-01-22,Île-de-France,30.0
22,2021-01-23,Île-de-France,54.39114832535885
23,2021-01-24,Île-de-France,48.0
24,2021-01-25,Île-de-France,54.39114832535885
25,2021-01-26,Île-de-France,41.0
26,2021-01-27,Île-de-France,58.0
27,2021-01-28,Île-de-France,62.0
28,2021-01-29,Île-de-France,40.0
29,2021-01-30,Île-de-France,54.39114832535885
30,2021-01-31,Île-de-France,44.0
31,2021-02-01,Île-de-France,54.0
32,2021-02-02,Île-de-France,46.0
33,2021-02-03,Île-de-France,45.0
34,2021-02-04,Île-de-France,54.39114832535885
35,2021-02-05,Île-de-France,47.0
36,2021-02-06,Île-de-France,66.0
37,2021-02-07,Île-de-France,54.39114832535885
38,2021-02-08,Île-de-France,56.0
39,2021-02-09,Île-de-France,96.0
40,2021-02-10,Île-de-France,98.0
41,2021-02-11,Île-de-France,84.0
42,2021-02-12,Île-de-France,98.0
43,2021-02-13,Île-de-France,64.0
44,2021-02-14,Île-de-France,59.0
45,2021-02-15,Île-de-France,64.0
46,2021-02-16,Île-de-France,61.0
47,2021-02-17,Île-de-France,54.39114832535885
48,2021-02-18,Île-de-France,53.0
49,2021-02-19,Île-de-France,49.0
50,2021-02-20,Île-de-France,54.39114832535885
51,2021-02-21,Île-de-France,55.0
52,2021-02-22,Île-de-France,39.0
53,2021-02-23,Île-de-France,68.0
54,2021-02-24,Île-de-France,63.0
55,2021-02-25,Île-de-France,77.0
56,2021-02-26,Île-de-France,54.39114832535885
57,2021-02-27,Île-de-France,48.0
58,2021-02-28,Île-de-France,54.39114832535885
59,2021-03-01,Île-de-France,76.0
60,2021-03-02,Île-de-France,65.0
61,2021-03-03,Île-de-France,54.39114832535885
62,2021-03-04,Île-de-France,108.0
63,2021-03-05,Île-de-France,65.0
64,2021-03-06,Île-de-France,57.0
65,2021-03-07,Île-de-France,64.0
66,2021-03-08,Île-de-France,54.39114832535885
67,2021-03-09,Île-de-France,91.0
68,2021-03-10,Île-de-France,54.39114832535885
69,2021-03-11,Île-de-France,98.0
70,2021-03-12,Île-de-France,29.0
71,2021-03-13,Île-de-France,35.0
72,2021-03-14,Île-de-France,35.0
73,2021-03-15,Île-de-France,34.0
74,2021-03-16,Île-de-France,36.0
75,2021-03-17,Île-de-France,54.39114832535885
76,2021-03-18,Île-de-France,42.0
77,2021-03-19,Île-de-France,54.39114832535885
78,2021-03-20,Île-de-France,48.0
79,2021-03-21,Île-de-France,69.0
80,2021-03-22,Île-de-France,63.0
81,2021-03-23,Île-de-France,54.39114832535885
82,2021-03-24,Île-de-France,87.0
83,2021-03-25,Île-de-France,54.39114832535885
84,2021-03-26,Île-de-France,69.0
85,2021-03-27,Île-de-France,51.0
86,2021-03-28,Île-de-France,54.39114832535885
87,2021-03-29,Île-de-France,55.0
88,2021-03-30,Île-de-France,54.39114832535885
89,2021-03-31,Île-de-France,70.0
90,2021-04-01,Île-de-France,90.0
91,2021-04-02,Île-de-France,54.39114832535885
92,2021-04-03,Île-de-France,70.0
93,2021-04-04,Île-de-France,60.0
94,2021-04-05,Île-de-France,69.0
95,2021-04-06,Île-de-France,54.39114832535885
96,2021-04-07,Île-de-France,39.0
97,2021-04-08,Île-de-France,37.0
98,2021-04-09,Île-de-France,53.0
99,2021-04-10,Île-de-France,78.0
100,2021-04-11,Île-de-France,47.0
101,2021-04-12,Île-de-France,54.39114832535885
102,2021-04-13,Île-de-France,43.0
103,2021-04-14,Île-de-France,67.0
104,2021-04-15,Île-de-France,54.39114832535885
105,2021-04-16,Île-de-France,71.0
106,2021-04-17,Île-de-France,68.0
107,2021-04-18,Île-de-France,73.0
108,2021-04-19,Île-de-France,54.39114832535885
109,2021-04-20,Île-de-France,71.0
110,2021-04-21,Île-de-France,76.0
111,2021-04-22,Île-de-France,110.0
112,2021-04-23,Île-de-France,54.39114832535885
113,2021-04-24,Île-de-France,56.0
114,2021-04-25,Île-de-France,58.0
115,2021-04-26,Île-de-France,56.0
116,2021-04-27,Île-de-France,51.0
117,2021-04-28,Île-de-France,54.39114832535885
118,2021-04-29,Île-de-France,71.0
119,2021-04-30,Île-de-France,76.0
120,2021-05-01,Île-de-France,54.39114832535885
121,2021-05-02,Île-de-France,67.0
122,2021-05-03,Île-de-France,63.0
123,2021-05-04,Île-de-France,60.0
124,2021-05-05,Île-de-France,54.39114832535885
125,2021-05-06,Île-de-France,35.0
126,2021-05-07,Île-de-France,43.0
127,2021-05-08,Île-de-France,54.39114832535885
128,2021-05-09,Île-de-France,53.0
129,2021-05-10,Île-de-France,54.39114832535885
130,2021-05-11,Île-de-France,44.0
131,2021-05-12,Île-de-France,45.0
132,2021-05-13,Île-de-France,54.39114832535885
133,2021-05-14,Île-de-France,41.0
134,2021-05-15,Île-de-France,32.0
135,2021-05-16,Île-de-France,35.0
136,2021-05-17,Île-de-France,40.0
137,2021-05-18,Île-de-France,54.39114832535885
138,2021-05-19,Île-de-France,37.0
139,2021-05-20,Île-de-France,32.0
140,2021-05-21,Île-de-France,37.0
141,2021-05-22,Île-de-France,41.0
142,2021-05-23,Île-de-France,34.0
143,2021-05-24,Île-de-France,36.0
144,2021-05-25,Île-de-France,54.39114832535885
145,2021-05-26,Île-de-France,36.0
146,2021-05-27,Île-de-France,54.39114832535885
147,2021-05-28,Île-de-France,49.0
148,2021-05-29,Île-de-France,61.0
149,2021-05-30,Île-de-France,43.0
150,2021-05-31,Île-de-France,36.0
151,2021-06-01,Île-de-France,54.39114832535885
152,2021-06-02,Île-de-France,54.39114832535885
153,2021-06-03,Île-de-France,54.39114832535885
154,2021-06-04,Île-de-France,58.0
155,2021-06-05,Île-de-France,43.0
156,2021-06-06,Île-de-France,39.0
157,2021-06-07,Île-de-France,34.0
158,2021-06-08,Île-de-France,54.39114832535885
159,2021-06-09,Île-de-France,67.0
160,2021-06-10,Île-de-France,54.39114832535885
161,2021-06-11,Île-de-France,36.0
162,2021-06-12,Île-de-France,36.0
163,2021-06-13,Île-de-France,54.39114832535885
164,2021-06-14,Île-de-France,29.0
165,2021-06-15,Île-de-France,36.0
166,2021-06-16,Île-de-France,57.0
167,2021-06-17,Île-de-France,79.0
168,2021-06-18,Île-de-France,51.0
169,2021-06-19,Île-de-France,53.0
170,2021-06-20,Île-de-France,59.0
171,2021-06-21,Île-de-France,54.39114832535885
172,2021-06-22,Île-de-France,24.0
173,2021-06-23,Île-de-France,41.0
174,2021-06-24,Île-de-France,60.0
175,2021-06-25,Île-de-France,44.0
176,2021-06-26,Île-de-France,54.39114832535885
177,2021-06-27,Île-de-France,45.0
178,2021-06-28,Île-de-France,54.39114832535885
179,2021-06-29,Île-de-France,38.0
180,2021-06-30,Île-de-France,32.0
181,2021-07-01,Île-de-France,54.39114832535885
182,2021-07-02,Île-de-France,53.0
183,2021-07-03,Île-de-France,66.0
184,2021-07-04,Île-de-France,46.0
185,2021-07-05,Île-de-France,30.0
186,2021-07-06,Île-de-France,36.0
187,2021-07-07,Île-de-France,54.39114832535885
188,2021-07-08,Île-de-France,30.0
189,2021-07-09,Île-de-France,26.0
190,2021-07-10,Île-de-France,37.0
191,2021-07-11,Île-de-France,36.0
192,2021-07-12,Île-de-France,24.0
193,2021-07-13,Île-de-France,47.0
194,2021-07-14,Île-de-France,54.0
195,2021-07-15,Île-de-France,38.0
196,2021-07-16,Île-de-France,41.0
197,2021-07-17,Île-de-France,54.39114832535885
198,2021-07-18,Île-de-France,66.0
199,2021-07-19,Île-de-France,45.0
200,2021-07-20,Île-de-France,54.0
201,2021-07-21,Île-de-France,65.0
202,2021-07-22,Île-de-France,54.39114832535885
203,2021-07-23,Île-de-France,60.0
204,2021-07-24,Île-de-France,62.0
205,2021-07-25,Île-de-France,54.39114832535885
206,2021-07-26,Île-de-France,43.0
207,2021-07-27,Île-de-France,41.0
208,2021-07-28,Île-de-France,56.0
209,2021-07-29,Île-de-France,54.39114832535885
210,2021-07-30,Île-de-France,27.0
211,2021-07-31,Île-de-France,42.0
212,2021-08-01,Île-de-France,54.39114832535885
213,2021-08-02,Île-de-France,26.0
214,2021-08-03,Île-de-France,30.0
215,2021-08-04,Île-de-France,30.0
216,2021-08-05,Île-de-France,54.39114832535885
217,2021-08-06,Île-de-France,44.0
218,2021-08-07,Île-de-France,21.0
219,2021-08-08,Île-de-France,54.39114832535885
220,2021-08-09,Île-de-France,27.0
221,2021-08-10,Île-de-France,34.0
222,2021-08-11,Île-de-France,35.0
223,2021-08-12,Île-de-France,54.39114832535885
224,2021-08-13,Île-de-France,55.0
225,2021-08-14,Île-de-France,40.0
226,2021-08-15,Île-de-France,45.0
227,2021-08-16,Île-de-France,56.0
228,2021-08-17,Île-de-France,54.39114832535885
229,2021-08-18,Île-de-France,47.0
230,2021-08-19,Île-de-France,30.0
231,2021-08-20,Île-de-France,54.39114832535885
232,2021-08-21,Île-de-France,42.0
233,2021-08-22,Île-de-France,54.39114832535885
234,2021-08-23,Île-de-France,33.0
235,2021-08-24,Île-de-France,54.39114832535885
236,2021-08-25,Île-de-France,51.0
237,2021-08-26,Île-de-France,48.0
238,2021-08-27,Île-de-France,54.39114832535885
239,2021-08-28,Île-de-France,43.0
240,2021-08-29,Île-de-France,37.0
241,2021-08-30,Île-de-France,54.39114832535885
242,2021-08-31,Île-de-France,51.0
243,2021-09-01,Île-de-France,54.39114832535885
244,2021-09-02,Île-de-France,62.0
245,2021-09-03,Île-de-France,66.0
246,2021-09-04,Île-de-France,68.0
247,2021-09-05,Île-de-France,71.0
248,2021-09-06,Île-de-France,54.39114832535885
249,2021-09-07,Île-de-France,63.0
250,2021-09-08,Île-de-France,54.39114832535885
251,2021-09-09,Île-de-France,65.0
252,2021-09-10,Île-de-France,53.0
253,2021-09-11,Île-de-France,54.39114832535885
254,2021-09-12,Île-de-France,30.0
255,2021-09-13,Île-de-France,44.0
256,2021-09-14,Île-de-France,54.39114832535885
257,2021-09-15,Île-de-France,55.0
258,2021-09-16,Île-de-France,57.0
259,2021-09-17,Île-de-France,39.0
260,2021-09-18,Île-de-France,54.39114832535885
261,2021-09-19,Île-de-France,47.0
262,2021-09-20,Île-de-France,41.0
263,2021-09-21,Île-de-France,27.0
264,2021-09-22,Île-de-France,54.39114832535885
265,2021-09-23,Île-de-France,60.0
266,2021-09-24,Île-de-France,53.0
267,2021-09-25,Île-de-France,54.39114832535885
268,2021-09-26,Île-de-France,67.0
269,2021-09-27,Île-de-France,58.0
270,2021-09-28,Île-de-France,40.0
271,2021-09-29,Île-de-France,54.39114832535885
272,2021-09-30,Île-de-France,20.0
273,2021-10-01,Île-de-France,42.0
274,2021-10-02,Île-de-France,54.39114832535885
275,2021-10-03,Île-de-France,41.0
276,2021-10-04,Île-de-France,54.39114832535885
277,2021-10-05,Île-de-France,42.0
278,2021-10-06,Île-de-France,26.0
279,2021-10-07,Île-de-France,54.39114832535885
280,2021-10-08,Île-de-France,53.0
281,2021-10-09,Île-de-France,54.39114832535885
282,2021-10-10,Île-de-France,73.0
283,2021-10-11,Île-de-France,78.0
284,2021-10-12,Île-de-France,55.0
285,2021-10-13,Île-de-France,36.0
286,2021-10-14,Île-de-France,44.0
287,2021-10-15,Île-de-France,81.0
288,2021-10-16,Île-de-France,54.39114832535885
289,2021-10-17,Île-de-France,60.0
290,2021-10-18,Île-de-France,64.0
291,2021-10-19,Île-de-France,64.0
292,2021-10-20,Île-de-France,50.0
293,2021-10-21,Île-de-France,45.0
294,2021-10-22,Île-de-France,30.0
295,2021-10-23,Île-de-France,45.0
296,2021-10-24,Île-de-France,54.0
297,2021-10-25,Île-de-France,54.39114832535885
298,2021-10-26,Île-de-France,64.0
299,2021-10-27,Île-de-France,45.0
300,2021-10-28,Île-de-France,54.39114832535885
301,2021-10-29,Île-de-France,58.0
302,2021-10-30,Île-de-France,54.39114832535885
303,2021-10-31,Île-de-France,48.0
304,2021-11-01,Île-de-France,42.0
305,2021-11-02,Île-de-France,30.0
306,2021-11-03,Île-de-France,29.0
307,2021-11-04,Île-de-France,44.0
308,2021-11-05,Île-de-France,30.0
309,2021-11-06,Île-de-France,30.0
310,2021-11-07,Île-de-France,73.0
311,2021-11-08,Île-de-France,54.39114832535885
312,2021-11-09,Île-de-France,57.0
313,2021-11-10,Île-de-France,93.0
314,2021-11-11,Île-de-France,123.0
315,2021-11-12,Île-de-France,54.39114832535885
316,2021-11-13,Île-de-France,90.0
317,2021-11-14,Île-de-France,54.39114832535885
318,2021-11-15,Île-de-France,48.0
319,2021-11-16,Île-de-France,69.0
320,2021-11-17,Île-de-France,54.39114832535885
321,2021-11-18,Île-de-France,66.0
322,2021-11-19,Île-de-France,54.39114832535885
323,2021-11-20,Île-de-France,74.0
324,2021-11-21,Île-de-France,54.39114832535885
325,2021-11-22,Île-de-France,46.0
326,2021-11-23,Île-de-France,43.0
327,2021-11-24,Île-de-France,45.0
328,2021-11-25,Île-de-France,58.0
329,2021-11-26,Île-de-France,79.0
330,2021-11-27,Île-de-France,38.0
331,2021-11-28,Île-de-France,28.0
332,2021-11-29,Île-de-France,16.0
333,2021-11-30,Île-de-France,45.0
334,2021-12-01,Île-de-France,44.0
335,2021-12-02,Île-de-France,27.0
336,2021-12-03,Île-de-France,35.0
337,2021-12-04,Île-de-France,50.0
338,2021-12-05,Île-de-France,54.39114832535885
339,2021-12-06,Île-de-France,33.0
340,2021-12-07,Île-de-France,36.0
341,2021-12-08,Île-de-France,43.0
342,2021-12-09,Île-de-France,54.39114832535885
343,2021-12-10,Île-de-France,50.0
344,2021-12-11,Île-de-France,28.0
345,2021-12-12,Île-de-France,54.39114832535885
346,2021-12-13,Île-de-France,64.0
347,2021-12-14,Île-de-France,54.39114832535885
348,2021-12-15,Île-de-France,72.0
349,2021-12-16,Île-de-France,67.0
350,2021-12-17,Île-de-France,84.0
351,2021-12-18,Île-de-France,54.39114832535885
352,2021-12-19,Île-de-France,69.0
353,2021-12-20,Île-de-France,54.39114832535885
354,2021-12-21,Île-de-France,59.0
355,2021-12-22,Île-de-France,74.0
356,2021-12-23,Île-de-France,54.39114832535885
357,2021-12-24,Île-de-France,92.0
358,2021-12-25,Île-de-France,65.0
359,2021-12-26,Île-de-France,73.0
360,2021-12-27,Île-de-France,54.0
361,2021-12-28,Île-de-France,47.0
362,2021-12-29,Île-de-France,37.0
363,2021-12-30,Île-de-France,38.0
364,2021-12-31,Île-de-France,54.39114832535885
365,2022-01-01,Île-de-France,51.0
366,2022-01-02,Île-de-France,54.39114832535885
367,2022-01-03,Île-de-France,49.0
368,2022-01-04,Île-de-France,38.0
369,2022-01-05,Île-de-France,26.0
370,2022-01-06,Île-de-France,37.0
371,2022-01-07,Île-de-France,54.39114832535885
372,2022-01-08,Île-de-France,40.0
373,2022-01-09,Île-de-France,37.0
374,2022-01-10,Île-de-France,34.0
375,2022-01-11,Île-de-France,76.0
376,2022-01-12,Île-de-France,54.39114832535885
377,2022-01-13,Île-de-France,104.0
378,2022-01-14,Île-de-France,54.39114832535885
379,2022-01-15,Île-de-France,104.0
380,2022-01-16,Île-de-France,54.39114832535885
381,2022-01-17,Île-de-France,87.0
382,2022-01-18,Île-de-France,77.0
383,2022-01-19,Île-de-France,65.0
384,2022-01-20,Île-de-France,68.0
385,2022-01-21,Île-de-France,50.0
386,2022-01-22,Île-de-France,54.39114832535885
387,2022-01-23,Île-de-France,61.0
388,2022-01-24,Île-de-France,65.0
389,2022-01-25,Île-de-France,86.0
390,2022-01-26,Île-de-France,54.39114832535885
391,2022-01-27,Île-de-France,108.0
392,2022-01-28,Île-de-France,93.0
393,2022-01-29,Île-de-France,54.39114832535885
394,2022-01-30,Île-de-France,52.0
395,2022-01-31,Île-de-France,45.0
396,2022-02-01,Île-de-France,38.0
397,2022-02-02,Île-de-France,36.0
398,2022-02-03,Île-de-France,25.0
399,2022-02-04,Île-de-France,54.39114832535885
400,2022-02-05,Île-de-France,41.0
401,2022-02-06,Île-de-France,54.39114832535885
402,2022-02-07,Île-de-France,35.0
403,2022-02-08,Île-de-France,39.0
404,2022-02-09,Île-de-France,73.0
405,2022-02-10,Île-de-France,68.0
406,2022-02-11,Île-de-France,54.39114832535885
407,2022-02-12,Île-de-France,52.0
408,2022-02-13,Île-de-France,66.0
409,2022-02-14,Île-de-France,54.39114832535885
410,2022-02-15,Île-de-France,31.0
411,2022-02-16,Île-de-France,34.0
412,2022-02-17,Île-de-France,19.0
413,2022-02-18,Île-de-France,47.0
414,2022-02-19,Île-de-France,38.0
415,2022-02-20,Île-de-France,54.39114832535885
416,2022-02-21,Île-de-France,36.0
417,2022-02-22,Île-de-France,46.0
418,2022-02-23,Île-de-France,52.0
419,2022-02-24,Île-de-France,54.0
420,2022-02-25,Île-de-France,54.39114832535885
421,2022-02-26,Île-de-France,34.0
422,2022-02-27,Île-de-France,60.0
423,2022-02-28,Île-de-France,54.39114832535885
424,2022-03-01,Île-de-France,62.0
425,2022-03-02,Île-de-France,91.0
426,2022-03-03,Île-de-France,96.0
427,2022-03-04,Île-de-France,109.0
428,2022-03-05,Île-de-France,112.0
429,2022-03-06,Île-de-France,54.39114832535885
430,2022-03-07,Île-de-France,118.0
431,2022-03-08,Île-de-France,90.0
432,2022-03-09,Île-de-France,105.0
433,2022-03-10,Île-de-France,54.39114832535885
434,2022-03-11,Île-de-France,72.0
435,2022-03-12,Île-de-France,52.0
436,2022-03-13,Île-de-France,47.0
437,2022-03-14,Île-de-France,54.39114832535885
438,2022-03-15,Île-de-France,51.0
439,2022-03-16,Île-de-France,58.0
440,2022-03-17,Île-de-France,54.39114832535885
441,2022-03-18,Île-de-France,43.0
442,2022-03-19,Île-de-France,66.0
443,2022-03-20,Île-de-France,54.39114832535885
444,2022-03-21,Île-de-France,61.0
445,2022-03-22,Île-de-France,84.0
446,2022-03-23,Île-de-France,76.0
447,2022-03-24,Île-de-France,86.0
448,2022-03-25,Île-de-France,93.0
449,2022-03-26,Île-de-France,54.39114832535885
450,2022-03-27,Île-de-France,98.0
451,2022-03-28,Île-de-France,54.39114832535885
452,2022-03-29,Île-de-France,105.0
453,2022-03-30,Île-de-France,54.39114832535885
454,2022-03-31,Île-de-France,118.0
455,2022-04-01,Île-de-France,69.0
456,2022-04-02,Île-de-France,39.0
457,2022-04-03,Île-de-France,54.39114832535885
458,2022-04-04,Île-de-France,54.0
459,2022-04-05,Île-de-France,54.39114832535885
460,2022-04-06,Île-de-France,43.0
461,2022-04-07,Île-de-France,36.0
462,2022-04-08,Île-de-France,54.39114832535885
463,2022-04-09,Île-de-France,35.0
464,2022-04-10,Île-de-France,39.0
465,2022-04-11,Île-de-France,63.0
466,2022-04-12,Île-de-France,54.39114832535885
467,2022-04-13,Île-de-France,43.0
468,2022-04-14,Île-de-France,54.39114832535885
469,2022-04-15,Île-de-France,63.0
470,2022-04-16,Île-de-France,57.0
471,2022-04-17,Île-de-France,63.0
472,2022-04-18,Île-de-France,54.39114832535885
473,2022-04-19,Île-de-France,40.0
474,2022-04-20,Île-de-France,46.0
475,2022-04-21,Île-de-France,54.39114832535885
476,2022-04-22,Île-de-France,50.0
477,2022-04-23,Île-de-France,49.0
478,2022-04-24,Île-de-France,60.0
479,2022-04-25,Île-de-France,62.0
480,2022-04-26,Île-de-France,61.0
481,2022-04-27,Île-de-France,54.39114832535885
482,2022-04-28,Île-de-France,63.0
483,2022-04-29,Île-de-France,68.0
484,2022-04-30,Île-de-France,54.39114832535885
485,2022-05-01,Île-de-France,60.0
486,2022-05-02,Île-de-France,56.0
487,2022-05-03,Île-de-France,54.39114832535885
488,2022-05-04,Île-de-France,70.0
489,2022-05-05,Île-de-France,66.0
490,2022-05-06,Île-de-France,48.0
491,2022-05-07,Île-de-France,57.0
492,2022-05-08,Île-de-France,54.39114832535885
493,2022-05-09,Île-de-France,76.0
494,2022-05-10,Île-de-France,64.0
495,2022-05-11,Île-de-France,65.0
496,2022-05-12,Île-de-France,52.0
497,2022-05-13,Île-de-France,41.0
498,2022-05-14,Île-de-France,37.0
499,2022-05-15,Île-de-France,50.0
500,2022-05-16,Île-de-France,54.0
501,2022-05-17,Île-de-France,54.39114832535885
502,2022-05-18,Île-de-France,54.0
503,2022-05-19,Île-de-France,45.0
504,2022-05-20,Île-de-France,60.0
505,2022-05-21,Île-de-France,54.0
506,2022-05-22,Île-de-France,48.0
507,2022-05-23,Île-de-France,51.0
508,2022-05-24,Île-de-France,54.39114832535885
509,2022-05-25,Île-de-France,31.0
510,2022-05-26,Île-de-France,39.0
511,2022-05-27,Île-de-France,54.39114832535885
512,2022-05-28,Île-de-France,33.0
513,2022-05-29,Île-de-France,54.39114832535885
514,2022-05-30,Île-de-France,38.0
515,2022-05-31,Île-de-France,44.0
516,2022-06-01,Île-de-France,54.39114832535885
517,2022-06-02,Île-de-France,46.0
518,2022-06-03,Île-de-France,44.0
519,2022-06-04,Île-de-France,55.0
520,2022-06-05,Île-de-France,54.39114832535885
521,2022-06-06,Île-de-France,46.0
522,2022-06-07,Île-de-France,27.0
523,2022-06-08,Île-de-France,35.0
524,2022-06-09,Île-de-France,35.0
525,2022-06-10,Île-de-France,36.0
526,2022-06-11,Île-de-France,54.39114832535885
527,2022-06-12,Île-de-France,40.0
528,2022-06-13,Île-de-France,34.0
529,2022-06-14,Île-de-France,41.0
530,2022-06-15,Île-de-France,49.0
531,2022-06-16,Île-de-France,57.0
532,2022-06-17,Île-de-France,56.0
533,2022-06-18,Île-de-France,60.0
534,2022-06-19,Île-de-France,71.0
535,2022-06-20,Île-de-France,63.0
536,2022-06-21,Île-de-France,57.0
537,2022-06-22,Île-de-France,57.0
538,2022-06-23,Île-de-France,54.39114832535885
539,2022-06-24,Île-de-France,53.0
540,2022-06-25,Île-de-France,35.0
541,2022-06-26,Île-de-France,36.0
542,2022-06-27,Île-de-France,38.0
543,2022-06-28,Île-de-France,38.0
544,2022-06-29,Île-de-France,38.0
545,2022-06-30,Île-de-France,44.0
546,2022-07-01,Île-de-France,37.0
547,2022-07-02,Île-de-France,31.0
548,2022-07-03,Île-de-France,43.0
549,2022-07-04,Île-de-France,29.0
550,2022-07-05,Île-de-France,54.39114832535885
551,2022-07-06,Île-de-France,36.0
552,2022-07-07,Île-de-France,40.0
553,2022-07-08,Île-de-France,36.0
554,2022-07-09,Île-de-France,54.39114832535885
555,2022-07-10,Île-de-France,47.0
556,2022-07-11,Île-de-France,37.0
557,2022-07-12,Île-de-France,39.0
558,2022-07-13,Île-de-France,54.39114832535885
559,2022-07-14,Île-de-France,59.0
560,2022-07-15,Île-de-France,57.0
561,2022-07-16,Île-de-France,39.0
562,2022-07-17,Île-de-France,52.0
563,2022-07-18,Île-de-France,44.0
564,2022-07-19,Île-de-France,63.0
565,2022-07-20,Île-de-France,78.0
566,2022-07-21,Île-de-France,76.0
567,2022-07-22,Île-de-France,54.0
568,2022-07-23,Île-de-France,64.0
569,2022-07-24,Île-de-France,66.0
570,2022-07-25,Île-de-France,56.0
571,2022-07-26,Île-de-France,43.0
572,2022-07-27,Île-de-France,35.0
573,2022-07-28,Île-de-France,54.39114832535885
574,2022-07-29,Île-de-France,43.0
575,2022-07-30,Île-de-France,51.0
576,2022-07-31,Île-de-France,48.0
577,2022-08-01,Île-de-France,31.0
578,2022-08-02,Île-de-France,33.0
579,2022-08-03,Île-de-France,54.39114832535885
580,2022-08-04,Île-de-France,54.0
581,2022-08-05,Île-de-France,41.0
582,2022-08-06,Île-de-France,41.0
583,2022-08-07,Île-de-France,54.39114832535885
584,2022-08-08,Île-de-France,36.0
585,2022-08-09,Île-de-France,43.0
586,2022-08-10,Île-de-France,48.0
587,2022-08-11,Île-de-France,52.0
588,2022-08-12,Île-de-France,58.0
589,2022-08-13,Île-de-France,59.0
590,2022-08-14,Île-de-France,45.0
591,2022-08-15,Île-de-France,54.39114832535885
592,2022-08-16,Île-de-France,53.0
593,2022-08-17,Île-de-France,62.0
594,2022-08-18,Île-de-France,59.0
595,2022-08-19,Île-de-France,62.0
596,2022-08-20,Île-de-France,40.0
597,2022-08-21,Île-de-France,40.0
598,2022-08-22,Île-de-France,47.0
599,2022-08-23,Île-de-France,40.0
600,2022-08-24,Île-de-France,46.0
601,2022-08-25,Île-de-France,46.0
602,2022-08-26,Île-de-France,54.0
603,2022-08-27,Île-de-France,54.39114832535885
604,2022-08-28,Île-de-France,41.0
605,2022-08-29,Île-de-France,47.0
606,2022-08-30,Île-de-France,47.0
607,2022-08-31,Île-de-France,54.39114832535885
608,2022-09-01,Île-de-France,54.0
609,2022-09-02,Île-de-France,56.0
610,2022-09-03,Île-de-France,56.0
611,2022-09-04,Île-de-France,47.0
612,2022-09-05,Île-de-France,54.39114832535885
613,2022-09-06,Île-de-France,45.0
614,2022-09-07,Île-de-France,46.0
615,2022-09-08,Île-de-France,54.39114832535885
616,2022-09-09,Île-de-France,43.0
617,2022-09-10,Île-de-France,54.39114832535885
618,2022-09-11,Île-de-France,33.0
619,2022-09-12,Île-de-France,54.39114832535885
620,2022-09-13,Île-de-France,49.0
621,2022-09-14,Île-de-France,55.0
622,2022-09-15,Île-de-France,45.0
623,2022-09-16,Île-de-France,42.0
624,2022-09-17,Île-de-France,36.0
625,2022-09-18,Île-de-France,54.39114832535885
626,2022-09-19,Île-de-France,32.0
627,2022-09-20,Île-de-France,36.0
628,2022-09-21,Île-de-France,52.0
629,2022-09-22,Île-de-France,53.0
630,2022-09-23,Île-de-France,54.0
631,2022-09-24,Île-de-France,76.0
632,2022-09-25,Île-de-France,51.0
633,2022-09-26,Île-de-France,35.0
634,2022-09-27,Île-de-France,54.39114832535885
635,2022-09-28,Île-de-France,38.0
636,2022-09-29,Île-de-France,54.39114832535885
637,2022-09-30,Île-de-France,49.0
638,2022-10-01,Île-de-France,66.0
639,2022-10-02,Île-de-France,31.0
640,2022-10-03,Île-de-France,34.0
641,2022-10-04,Île-de-France,54.39114832535885
642,2022-10-05,Île-de-France,70.0
643,2022-10-06,Île-de-France,54.39114832535885
644,2022-10-07,Île-de-France,49.0
645,2022-10-08,Île-de-France,68.0
646,2022-10-09,Île-de-France,48.0
647,2022-10-10,Île-de-France,57.0
648,2022-10-11,Île-de-France,64.0
649,2022-10-12,Île-de-France,53.0
650,2022-10-13,Île-de-France,54.39114832535885
651,2022-10-14,Île-de-France,65.0
652,2022-10-15,Île-de-France,42.0
653,2022-10-16,Île-de-France,38.0
654,2022-10-17,Île-de-France,31.0
655,2022-10-18,Île-de-France,62.0
656,2022-10-19,Île-de-France,54.39114832535885
657,2022-10-20,Île-de-France,53.0
658,2022-10-21,Île-de-France,54.39114832535885
659,2022-10-22,Île-de-France,56.0
660,2022-10-23,Île-de-France,57.0
661,2022-10-24,Île-de-France,54.39114832535885
662,2022-10-25,Île-de-France,42.0
663,2022-10-26,Île-de-France,51.0
664,2022-10-27,Île-de-France,51.0
665,2022-10-28,Île-de-France,54.39114832535885
666,2022-10-29,Île-de-France,72.0
667,2022-10-30,Île-de-France,76.0
668,2022-10-31,Île-de-France,61.0
669,2022-11-01,Île-de-France,54.39114832535885
670,2022-11-02,Île-de-France,46.0
671,2022-11-03,Île-de-France,54.39114832535885
672,2022-11-04,Île-de-France,48.0
673,2022-11-05,Île-de-France,36.0
674,2022-11-06,Île-de-France,57.0
675,2022-11-07,Île-de-France,54.0
676,2022-11-08,Île-de-France,54.39114832535885
677,2022-11-09,Île-de-France,49.0
678,2022-11-10,Île-de-France,41.0
679,2022-11-11,Île-de-France,54.39114832535885
680,2022-11-12,Île-de-France,53.0
681,2022-11-13,Île-de-France,54.39114832535885
682,2022-11-14,Île-de-France,77.0
683,2022-11-15,Île-de-France,62.0
684,2022-11-16,Île-de-France,54.39114832535885
685,2022-11-17,Île-de-France,44.0
686,2022-11-18,Île-de-France,36.0
687,2022-11-19,Île-de-France,54.39114832535885
688,2022-11-20,Île-de-France,54.39114832535885
689,2022-11-21,Île-de-France,54.39114832535885
690,2022-11-22,Île-de-France,54.39114832535885
691,2022-11-23,Île-de-France,54.39114832535885
692,2022-11-24,Île-de-France,54.39114832535885
693,2022-11-25,Île-de-France,54.39114832535885
694,2022-11-26,Île-de-France,54.39114832535885
695,2022-11-27,Île-de-France,54.39114832535885
696,2022-11-28,Île-de-France,54.39114832535885
697,2022-11-29,Île-de-France,54.39114832535885
698,2022-11-30,Île-de-France,54.39114832535885
699,2022-12-01,Île-de-France,54.39114832535885
700,2022-12-02,Île-de-France,54.39114832535885
701,2022-12-03,Île-de-France,54.39114832535885
702,2022-12-04,Île-de-France,54.39114832535885
703,2022-12-05,Île-de-France,54.39114832535885
704,2022-12-06,Île-de-France,54.39114832535885
705,2022-12-07,Île-de-France,54.39114832535885
706,2022-12-08,Île-de-France,76.0
707,2022-12-09,Île-de-France,80.0
708,2022-12-10,Île-de-France,77.0
709,2022-12-11,Île-de-France,73.0
710,2022-12-12,Île-de-France,62.0
711,2022-12-13,Île-de-France,78.0
712,2022-12-14,Île-de-France,54.39114832535885
713,2022-12-15,Île-de-France,54.39114832535885
714,2022-12-16,Île-de-France,54.39114832535885
715,2022-12-17,Île-de-France,54.39114832535885
716,2022-12-18,Île-de-France,54.39114832535885
717,2022-12-19,Île-de-France,94.0
718,2022-12-20,Île-de-France,59.0
719,2022-12-21,Île-de-France,54.39114832535885
720,2022-12-22,Île-de-France,54.39114832535885
721,2022-12-23,Île-de-France,42.0
722,2022-12-24,Île-de-France,31.0
723,2022-12-25,Île-de-France,54.39114832535885
724,2022-12-26,Île-de-France,55.0
725,2022-12-27,Île-de-France,38.0
726,2022-12-28,Île-de-France,56.0
727,2022-12-29,Île-de-France,37.0
728,2022-12-30,Île-de-France,38.0
729,2022-12-31,Île-de-France,54.39114832535885
730,2023-01-01,Île-de-France,54.39114832535885
731,2023-01-02,Île-de-France,54.0
732,2023-01-03,Île-de-France,36.0
733,2023-01-04,Île-de-France,50.0
734,2023-01-05,Île-de-France,29.0
735,2023-01-06,Île-de-France,23.0
736,2023-01-07,Île-de-France,35.0
737,2023-01-08,Île-de-France,43.0
738,2023-01-09,Île-de-France,34.0
739,2023-01-10,Île-de-France,31.0
740,2023-01-11,Île-de-France,44.0
741,2023-01-12,Île-de-France,20.0
742,2023-01-13,Île-de-France,31.0
743,2023-01-14,Île-de-France,34.0
744,2023-01-15,Île-de-France,54.39114832535885
745,2023-01-16,Île-de-France,29.0
746,2023-01-17,Île-de-France,26.0
747,2023-01-18,Île-de-France,57.0
748,2023-01-19,Île-de-France,54.39114832535885
749,2023-01-20,Île-de-France,54.0
750,2023-01-21,Île-de-France,55.0
751,2023-01-22,Île-de-France,71.0
752,2023-01-23,Île-de-France,72.0
753,2023-01-24,Île-de-France,71.0
754,2023-01-25,Île-de-France,72.0
755,2023-01-26,Île-de-France,54.39114832535885
756,2023-01-27,Île-de-France,94.0
757,2023-01-28,Île-de-France,54.39114832535885
758,2023-01-29,Île-de-France,66.0
759,2023-01-30,Île-de-France,82.0
760,2023-01-31,Île-de-France,56.0
761,2023-02-01,Île-de-France,59.0
762,2023-02-02,Île-de-France,46.0
763,2023-02-03,Île-de-France,38.0
764,2023-02-04,Île-de-France,29.0
765,2023-02-05,Île-de-France,49.0
766,2023-02-06,Île-de-France,42.0
767,2023-02-07,Île-de-France,58.0
768,2023-02-08,Île-de-France,66.0
769,2023-02-09,Île-de-France,81.0
770,2023-02-10,Île-de-France,137.0
771,2023-02-11,Île-de-France,120.0
772,2023-02-12,Île-de-France,77.0
773,2023-02-13,Île-de-France,33.0
774,2023-02-14,Île-de-France,83.0
775,2023-02-15,Île-de-France,129.0
776,2023-02-16,Île-de-France,150.0
777,2023-02-17,Île-de-France,81.0
778,2023-02-18,Île-de-France,41.0
779,2023-02-19,Île-de-France,31.0
780,2023-02-20,Île-de-France,42.0
781,2023-02-21,Île-de-France,74.0
782,2023-02-22,Île-de-France,113.0
783,2023-02-23,Île-de-France,54.39114832535885
784,2023-02-24,Île-de-France,61.0
785,2023-02-25,Île-de-France,54.39114832535885
786,2023-02-26,Île-de-France,45.0
787,2023-02-27,Île-de-France,46.0
788,2023-02-28,Île-de-France,46.0
789,2023-03-01,Île-de-France,65.0
790,2023-03-02,Île-de-France,54.39114832535885
791,2023-03-03,Île-de-France,104.0
792,2023-03-04,Île-de-France,99.0
793,2023-03-05,Île-de-France,74.0
794,2023-03-06,Île-de-France,60.0
795,2023-03-07,Île-de-France,64.0
796,2023-03-08,Île-de-France,54.39114832535885
797,2023-03-09,Île-de-France,39.0
798,2023-03-10,Île-de-France,40.0
799,2023-03-11,Île-de-France,54.39114832535885
800,2023-03-12,Île-de-France,53.0
801,2023-03-13,Île-de-France,48.0
802,2023-03-14,Île-de-France,41.0
803,2023-03-15,Île-de-France,29.0
804,2023-03-16,Île-de-France,34.0
805,2023-03-17,Île-de-France,54.39114832535885
806,2023-03-18,Île-de-France,59.0
807,2023-03-19,Île-de-France,54.39114832535885
808,2023-03-20,Île-de-France,22.0
809,2023-03-21,Île-de-France,42.0
810,2023-03-22,Île-de-France,54.39114832535885
811,2023-03-23,Île-de-France,43.0
812,2023-03-24,Île-de-France,48.0
813,2023-03-25,Île-de-France,52.0
814,2023-03-26,Île-de-France,32.0
815,2023-03-27,Île-de-France,32.0
816,2023-03-28,Île-de-France,54.39114832535885
817,2023-03-29,Île-de-France,53.0
818,2023-03-30,Île-de-France,55.0
819,2023-03-31,Île-de-France,40.0
820,2023-04-01,Île-de-France,39.0
821,2023-04-02,Île-de-France,27.0
822,2023-04-03,Île-de-France,54.39114832535885
823,2023-04-04,Île-de-France,49.0
824,2023-04-05,Île-de-France,54.39114832535885
825,2023-04-06,Île-de-France,67.0
826,2023-04-07,Île-de-France,51.0
827,2023-04-08,Île-de-France,42.0
828,2023-04-09,Île-de-France,54.0
829,2023-04-10,Île-de-France,65.0
830,2023-04-11,Île-de-France,54.39114832535885
831,2023-04-12,Île-de-France,35.0
832,2023-04-13,Île-de-France,54.39114832535885
833,2023-04-14,Île-de-France,34.0
834,2023-04-15,Île-de-France,54.39114832535885
835,2023-04-16,Île-de-France,38.0
836,2023-04-17,Île-de-France,49.0
837,2023-04-18,Île-de-France,69.0
838,2023-04-19,Île-de-France,93.0
839,2023-04-20,Île-de-France,54.39114832535885
840,2023-04-21,Île-de-France,56.0
841,2023-04-22,Île-de-France,61.0
842,2023-04-23,Île-de-France,66.0
843,2023-04-24,Île-de-France,54.39114832535885
844,2023-04-25,Île-de-France,43.0
845,2023-04-26,Île-de-France,49.0
846,2023-04-27,Île-de-France,59.0
847,2023-04-28,Île-de-France,53.0
848,2023-04-29,Île-de-France,54.39114832535885
849,2023-04-30,Île-de-France,56.0
850,2023-05-01,Île-de-France,66.0
851,2023-05-02,Île-de-France,54.39114832535885
852,2023-05-03,Île-de-France,54.0
853,2023-05-04,Île-de-France,56.0
854,2023-05-05,Île-de-France,54.39114832535885
855,2023-05-06,Île-de-France,42.0
856,2023-05-07,Île-de-France,54.0
857,2023-05-08,Île-de-France,54.39114832535885
858,2023-05-09,Île-de-France,45.0
859,2023-05-10,Île-de-France,34.0
860,2023-05-11,Île-de-France,41.0
861,2023-05-12,Île-de-France,44.0
862,2023-05-13,Île-de-France,54.39114832535885
863,2023-05-14,Île-de-France,69.0
864,2023-05-15,Île-de-France,72.0
865,2023-05-16,Île-de-France,63.0
866,2023-05-17,Île-de-France,38.0
867,2023-05-18,Île-de-France,47.0
868,2023-05-19,Île-de-France,50.0
869,2023-05-20,Île-de-France,59.0
870,2023-05-21,Île-de-France,66.0
871,2023-05-22,Île-de-France,64.0
872,2023-05-23,Île-de-France,67.0
873,2023-05-24,Île-de-France,54.39114832535885
874,2023-05-25,Île-de-France,57.0
875,2023-05-26,Île-de-France,67.0
876,2023-05-27,Île-de-France,66.0
877,2023-05-28,Île-de-France,68.0
878,2023-05-29,Île-de-France,95.0
879,2023-05-30,Île-de-France,73.0
880,2023-05-31,Île-de-France,78.0
881,2023-06-01,Île-de-France,53.0
882,2023-06-02,Île-de-France,67.0
883,2023-06-03,Île-de-France,60.0
884,2023-06-04,Île-de-France,54.39114832535885
885,2023-06-05,Île-de-France,58.0
886,2023-06-06,Île-de-France,67.0
887,2023-06-07,Île-de-France,88.0
888,2023-06-08,Île-de-France,74.0
889,2023-06-09,Île-de-France,80.0
890,2023-06-10,Île-de-France,98.0
891,2023-06-11,Île-de-France,73.0
892,2023-06-12,Île-de-France,86.0
893,2023-06-13,Île-de-France,54.39114832535885
894,2023-06-14,Île-de-France,71.0
895,2023-06-15,Île-de-France,54.39114832535885
896,2023-06-16,Île-de-France,69.0
897,2023-06-17,Île-de-France,54.39114832535885
898,2023-06-18,Île-de-France,77.0
899,2023-06-19,Île-de-France,72.0
900,2023-06-20,Île-de-France,74.0
901,2023-06-21,Île-de-France,54.39114832535885
902,2023-06-22,Île-de-France,57.0
903,2023-06-23,Île-de-France,70.0
904,2023-06-24,Île-de-France,61.0
905,2023-06-25,Île-de-France,61.0
906,2023-06-26,Île-de-France,54.39114832535885
907,2023-06-27,Île-de-France,48.0
908,2023-06-28,Île-de-France,57.0
909,2023-06-29,Île-de-France,63.0
910,2023-06-30,Île-de-France,54.39114832535885
911,2023-07-01,Île-de-France,54.0
912,2023-07-02,Île-de-France,92.0
913,2023-07-03,Île-de-France,95.0
914,2023-07-04,Île-de-France,51.0
915,2023-07-05,Île-de-France,54.39114832535885
916,2023-07-06,Île-de-France,44.0
917,2023-07-07,Île-de-France,62.0
918,2023-07-08,Île-de-France,64.0
919,2023-07-09,Île-de-France,64.0
920,2023-07-10,Île-de-France,54.39114832535885
921,2023-07-11,Île-de-France,47.0
922,2023-07-12,Île-de-France,54.0
923,2023-07-13,Île-de-France,45.0
924,2023-07-14,Île-de-France,41.0
925,2023-07-15,Île-de-France,59.0
926,2023-07-16,Île-de-France,45.0
927,2023-07-17,Île-de-France,51.0
928,2023-07-18,Île-de-France,48.0
929,2023-07-19,Île-de-France,56.0
930,2023-07-20,Île-de-France,44.0
931,2023-07-21,Île-de-France,54.39114832535885
932,2023-07-22,Île-de-France,47.0
933,2023-07-23,Île-de-France,48.0
934,2023-07-24,Île-de-France,44.0
935,2023-07-25,Île-de-France,54.39114832535885
936,2023-07-26,Île-de-France,47.0
937,2023-07-27,Île-de-France,53.0
938,2023-07-28,Île-de-France,43.0
939,2023-07-29,Île-de-France,53.0
940,2023-07-30,Île-de-France,54.0
941,2023-07-31,Île-de-France,40.0
942,2023-08-01,Île-de-France,41.0
943,2023-08-02,Île-de-France,42.0
944,2023-08-03,Île-de-France,54.39114832535885
945,2023-08-04,Île-de-France,36.0
946,2023-08-05,Île-de-France,49.0
947,2023-08-06,Île-de-France,43.0
948,2023-08-07,Île-de-France,32.0
949,2023-08-08,Île-de-France,35.0
950,2023-08-09,Île-de-France,43.0
951,2023-08-10,Île-de-France,42.0
952,2023-08-11,Île-de-France,54.39114832535885
953,2023-08-12,Île-de-France,65.0
954,2023-08-13,Île-de-France,49.0
955,2023-08-14,Île-de-France,45.0
956,2023-08-15,Île-de-France,52.0
957,2023-08-16,Île-de-France,47.0
958,2023-08-17,Île-de-France,50.0
959,2023-08-18,Île-de-France,66.0
960,2023-08-19,Île-de-France,77.0
961,2023-08-20,Île-de-France,54.39114832535885
962,2023-08-21,Île-de-France,46.0
963,2023-08-22,Île-de-France,45.0
964,2023-08-23,Île-de-France,54.39114832535885
965,2023-08-24,Île-de-France,49.0
966,2023-08-25,Île-de-France,52.0
967,2023-08-26,Île-de-France,53.0
968,2023-08-27,Île-de-France,33.0
969,2023-08-28,Île-de-France,27.0
970,2023-08-29,Île-de-France,54.39114832535885
971,2023-08-30,Île-de-France,42.0
972,2023-08-31,Île-de-France,43.0
973,2023-09-01,Île-de-France,44.0
974,2023-09-02,Île-de-France,79.0
975,2023-09-03,Île-de-France,90.0
976,2023-09-04,Île-de-France,54.39114832535885
977,2023-09-05,Île-de-France,61.0
978,2023-09-06,Île-de-France,54.39114832535885
979,2023-09-07,Île-de-France,69.0
980,2023-09-08,Île-de-France,76.0
981,2023-09-09,Île-de-France,54.39114832535885
982,2023-09-10,Île-de-France,79.0
983,2023-09-11,Île-de-France,74.0
984,2023-09-12,Île-de-France,71.0
985,2023-09-13,Île-de-France,54.0
986,2023-09-14,Île-de-France,64.0
987,2023-09-15,Île-de-France,54.39114832535885
988,2023-09-16,Île-de-France,59.0
989,2023-09-17,Île-de-France,66.0
990,2023-09-18,Île-de-France,62.0
991,2023-09-19,Île-de-France,45.0
992,2023-09-20,Île-de-France,55.0
993,2023-09-21,Île-de-France,66.0
994,2023-09-22,Île-de-France,53.0
995,2023-09-23,Île-de-France,39.0
996,2023-09-24,Île-de-France,54.39114832535885
997,2023-09-25,Île-de-France,61.0
998,2023-09-26,Île-de-France,56.0
999,2023-09-27,Île-de-France,69.0
1000,2023-09-28,Île-de-France,58.0
1001,2023-09-29,Île-de-France,50.0
1002,2023-09-30,Île-de-France,50.0
1003,2023-10-01,Île-de-France,68.0
1004,2023-10-02,Île-de-France,54.39114832535885
1005,2023-10-03,Île-de-France,82.0
1006,2023-10-04,Île-de-France,49.0
1007,2023-10-05,Île-de-France,54.39114832535885
1008,2023-10-06,Île-de-France,66.0
1009,2023-10-07,Île-de-France,72.0
1010,2023-10-08,Île-de-France,54.39114832535885
1011,2023-10-09,Île-de-France,86.0
1012,2023-10-10,Île-de-France,91.0
1013,2023-10-11,Île-de-France,82.0
1014,2023-10-12,Île-de-France,74.0
1015,2023-10-13,Île-de-France,69.0
1016,2023-10-14,Île-de-France,68.0
1017,2023-10-15,Île-de-France,39.0
1018,2023-10-16,Île-de-France,54.39114832535885
1019,2023-10-17,Île-de-France,51.0
1020,2023-10-18,Île-de-France,53.0
1021,2023-10-19,Île-de-France,54.0
1022,2023-10-20,Île-de-France,54.39114832535885
1023,2023-10-21,Île-de-France,45.0
1024,2023-10-22,Île-de-France,40.0
1025,2023-10-23,Île-de-France,52.0
1026,2023-10-24,Île-de-France,58.0
1027,2023-10-25,Île-de-France,46.0
1028,2023-10-26,Île-de-France,42.0
1029,2023-10-27,Île-de-France,53.0
1030,2023-10-28,Île-de-France,45.0
1031,2023-10-29,Île-de-France,48.0
1032,2023-10-30,Île-de-France,54.39114832535885
1033,2023-10-31,Île-de-France,50.0
1034,2023-11-01,Île-de-France,51.0
1035,2023-11-02,Île-de-France,43.0
1036,2023-11-03,Île-de-France,35.0
1037,2023-11-04,Île-de-France,44.0
1038,2023-11-05,Île-de-France,54.39114832535885
1039,2023-11-06,Île-de-France,38.0
1040,2023-11-07,Île-de-France,42.0
1041,2023-11-08,Île-de-France,54.39114832535885
1042,2023-11-09,Île-de-France,44.0
1043,2023-11-10,Île-de-France,43.0
1044,2023-11-11,Île-de-France,43.0
1045,2023-11-12,Île-de-France,52.0
1046,2023-11-13,Île-de-France,51.0
1047,2023-11-14,Île-de-France,45.0
1048,2023-11-15,Île-de-France,49.0
1049,2023-11-16,Île-de-France,54.39114832535885
1050,2023-11-17,Île-de-France,67.0
1051,2023-11-18,Île-de-France,44.0
1052,2023-11-19,Île-de-France,62.0
1053,2023-11-20,Île-de-France,47.0
1054,2023-11-21,Île-de-France,38.0
1055,2023-11-22,Île-de-France,41.0
1056,2023-11-23,Île-de-France,58.0
1057,2023-11-24,Île-de-France,56.0
1058,2023-11-25,Île-de-France,54.39114832535885
1059,2023-11-26,Île-de-France,50.0
1060,2023-11-27,Île-de-France,54.39114832535885
1061,2023-11-28,Île-de-France,45.0
1062,2023-11-29,Île-de-France,53.0
1063,2023-11-30,Île-de-France,79.0
1064,2023-12-01,Île-de-France,94.0
1065,2023-12-02,Île-de-France,95.0
1066,2023-12-03,Île-de-France,85.0
1067,2023-12-04,Île-de-France,54.39114832535885
1068,2023-12-05,Île-de-France,47.0
1069,2023-12-06,Île-de-France,36.0
1070,2023-12-07,Île-de-France,54.39114832535885
1071,2023-12-08,Île-de-France,65.0
1072,2023-12-09,Île-de-France,62.0
1073,2023-12-10,Île-de-France,54.39114832535885
1074,2023-12-11,Île-de-France,54.0
1075,2023-12-12,Île-de-France,58.0
1076,2023-12-13,Île-de-France,47.0
1077,2023-12-14,Île-de-France,38.0
1078,2023-12-15,Île-de-France,39.0
1079,2023-12-16,Île-de-France,57.0
1080,2023-12-17,Île-de-France,92.0
1081,2023-12-18,Île-de-France,81.0
1082,2023-12-19,Île-de-France,54.39114832535885
1083,2023-12-20,Île-de-France,53.0
1084,2023-12-21,Île-de-France,54.39114832535885
1085,2023-12-22,Île-de-France,34.0
1086,2023-12-23,Île-de-France,54.39114832535885
1087,2023-12-24,Île-de-France,27.0
1088,2023-12-25,Île-de-France,32.0
1089,2023-12-26,Île-de-France,54.39114832535885
1090,2023-12-27,Île-de-France,41.0
1091,2023-12-28,Île-de-France,45.0
1092,2023-12-29,Île-de-France,41.0
1093,2023-12-30,Île-de-France,34.0
1094,2023-12-31,Île-de-France,34.0
